## Redaxo Database Dump Version 5
## Prefix rex_
## charset utf-8

DROP TABLE IF EXISTS `rex_action`;
CREATE TABLE `rex_action` (
  `id` int(10) unsigned NOT NULL AUTO_INCREMENT,
  `name` varchar(255) NOT NULL,
  `preview` text,
  `presave` text,
  `postsave` text,
  `previewmode` tinyint(4) DEFAULT NULL,
  `presavemode` tinyint(4) DEFAULT NULL,
  `postsavemode` tinyint(4) DEFAULT NULL,
  `createuser` varchar(255) NOT NULL,
  `createdate` datetime NOT NULL,
  `updateuser` varchar(255) NOT NULL,
  `updatedate` datetime NOT NULL,
  `revision` int(10) unsigned NOT NULL,
  PRIMARY KEY (`id`)
) ENGINE=InnoDB DEFAULT CHARSET=utf8;
DROP TABLE IF EXISTS `rex_article`;
CREATE TABLE `rex_article` (
  `pid` int(10) unsigned NOT NULL AUTO_INCREMENT,
  `id` int(10) unsigned NOT NULL,
  `parent_id` int(10) unsigned NOT NULL,
  `name` varchar(255) NOT NULL,
  `catname` varchar(255) NOT NULL,
  `catpriority` int(10) unsigned NOT NULL,
  `startarticle` tinyint(1) NOT NULL,
  `priority` int(10) unsigned NOT NULL,
  `path` varchar(255) NOT NULL,
  `status` tinyint(1) NOT NULL,
  `createdate` datetime NOT NULL,
  `updatedate` datetime NOT NULL,
  `template_id` int(10) unsigned NOT NULL,
  `clang_id` int(10) unsigned NOT NULL,
  `createuser` varchar(255) NOT NULL,
  `updateuser` varchar(255) NOT NULL,
  `revision` int(10) unsigned NOT NULL,
  `art_subtitle` text,
  `art_title` text,
  `art_keywords` text,
  `art_description` text,
  `art_file` varchar(255) DEFAULT '',
  `art_legend_icon` text,
  `art_nav_icon` text,
  `ycom_auth_type` enum('0','1','2','3') NOT NULL,
  `ycom_group_type` enum('0','1','2','3') NOT NULL,
  `ycom_groups` varchar(255) NOT NULL,
  `art_comment` varchar(255) DEFAULT '',
  PRIMARY KEY (`pid`),
  UNIQUE KEY `find_articles` (`id`,`clang_id`),
  KEY `id` (`id`),
  KEY `clang_id` (`clang_id`),
  KEY `parent_id` (`parent_id`)
) ENGINE=InnoDB AUTO_INCREMENT=23 DEFAULT CHARSET=utf8;

LOCK TABLES `rex_article` WRITE;
/*!40000 ALTER TABLE `rex_article` DISABLE KEYS */;
INSERT INTO `rex_article` VALUES 
  (1,1,0,'REDAXO','Home',1,1,1,'|',1,'2016-05-11 23:41:38','2016-06-02 12:49:24',1,1,'admin','admin',0,'Community-Demo','REDAXO Community-Demo','','','steg.jpg','','','0','0','',''),
  (2,2,0,'Die Demo','Die Demo',2,1,1,'|',1,'2016-05-11 23:41:40','2016-06-05 18:57:28',1,1,'admin','admin',0,'','','','','surfen.jpg','','','0','0','',''),
  (3,3,0,'Loginbereich','Loginbereich',3,1,1,'|',1,'2016-05-11 23:41:47','2016-06-02 17:29:55',2,1,'admin','admin',0,'','','','','','','','1','0','','|true|'),
  (4,4,0,'Mein Profil','Mein Profil',4,1,1,'|',1,'2016-05-11 23:41:50','2016-05-11 23:41:11',1,1,'admin','admin',0,'','','','','','','','1','0','',''),
  (5,5,0,'Login','Login',5,1,1,'|',1,'2016-05-11 23:41:51','2016-06-02 15:44:15',3,1,'admin','admin',0,'','','','','hipster.jpg','','','2','0','','||'),
  (6,6,0,'Footer - Hilfsartikel','Footer - Hilfsartikel',6,1,1,'|',0,'2016-05-12 07:25:05','2016-05-12 09:53:58',1,1,'admin','admin',0,'','','','','','','','0','0','',''),
  (7,7,2,'YForm','YForm',1,1,1,'|2|',1,'2016-05-12 11:05:47','2016-06-03 14:53:02',1,1,'admin','admin',0,'Die Basis','','','','himmel.jpg','','','0','0','','||'),
  (8,8,2,'YCom','YCom',2,1,1,'|2|',1,'2016-05-12 11:05:49','2016-06-03 14:21:23',1,1,'admin','admin',0,'Eine Erweiterung von Yform','','','','code.jpg','','','0','0','','||'),
  (9,9,3,'Alle Gruppen','Alle Gruppen',1,1,1,'|3|',1,'2016-05-11 23:42:51','2016-05-25 13:24:04',2,1,'admin','admin',0,'','','','','','','','1','0','',''),
  (10,10,3,'Gruppe A','Gruppe A',2,1,1,'|3|',1,'2016-05-11 23:42:53','2016-05-25 23:18:14',2,1,'admin','admin',0,'','','','','','','','1','2','1',''),
  (11,11,3,'Gruppe B','Gruppe B',3,1,1,'|3|',1,'2016-05-11 23:42:54','2016-05-25 23:33:09',2,1,'admin','admin',0,'','','','','','','','1','2','2',''),
  (12,12,4,'Profil','Profil',1,1,1,'|4|',1,'2016-05-12 10:35:19','2016-06-02 18:09:49',2,1,'admin','admin',0,'','','','','','','ti-user','0','0','',''),
  (13,13,4,'Passwort ändern','Passwort ändern',2,1,1,'|4|',1,'2016-05-12 10:35:20','2016-06-02 18:11:28',2,1,'admin','admin',0,'','','','','','','ti-lock','0','0','',''),
  (14,14,4,'Logout','Logout',3,1,1,'|4|',1,'2016-05-12 10:35:21','2016-05-12 10:35:53',2,1,'admin','admin',0,'','','','','','','ti-close','0','0','',''),
  (15,15,5,'Registrieren','Login',0,0,2,'|5|',1,'2016-05-11 23:44:03','2016-06-02 16:32:44',4,1,'admin','admin',0,'','','','','haende.jpg','','','2','0','','||'),
  (16,16,5,'Registrierung bestätigen','Login',0,0,3,'|5|',1,'2016-05-11 23:44:22','2016-06-02 16:59:48',4,1,'admin','admin',0,'','','','','kuss.jpg','','','2','0','','||'),
  (17,17,5,'User bestätigen','Login',0,0,4,'|5|',1,'2016-05-11 23:44:36','2016-06-02 17:01:33',4,1,'admin','admin',0,'','','','','kuss.jpg','','','0','0','','||'),
  (18,18,5,'Passwort anfordern','Login',0,0,5,'|5|',1,'2016-05-11 23:44:45','2016-06-04 00:49:12',4,1,'admin','admin',0,'','','','','smartphone.jpg','','','0','0','','||'),
  (19,19,5,'Passwort zurücksetzen','Login',0,0,6,'|5|',1,'2016-05-11 23:44:56','2016-06-04 01:02:56',2,1,'admin','admin',0,'','','','','','','','0','0','',''),
  (20,20,5,'Logged out','Login',0,0,7,'|5|',1,'2016-05-11 23:45:42','2016-06-02 18:15:43',2,1,'admin','admin',0,'','','','','','','','2','0','',''),
  (21,21,0,'Kontakt','',0,0,1,'|',1,'2016-05-11 23:47:01','2016-06-02 22:04:42',1,1,'admin','admin',0,'','','','','mailbox.jpg','','','0','0','','||'),
  (22,22,0,'Fehlerseite','',0,0,2,'|',1,'2016-05-11 23:47:09','2016-05-12 07:25:01',1,1,'admin','admin',0,'','','','','','','','0','0','','');
/*!40000 ALTER TABLE `rex_article` ENABLE KEYS */;
UNLOCK TABLES;

DROP TABLE IF EXISTS `rex_article_slice`;
CREATE TABLE `rex_article_slice` (
  `id` int(10) unsigned NOT NULL AUTO_INCREMENT,
  `clang_id` int(10) unsigned NOT NULL,
  `ctype_id` int(10) unsigned NOT NULL,
  `priority` int(10) unsigned NOT NULL,
  `value1` text,
  `value2` text,
  `value3` text,
  `value4` text,
  `value5` text,
  `value6` text,
  `value7` text,
  `value8` text,
  `value9` text,
  `value10` text,
  `value11` text,
  `value12` text,
  `value13` text,
  `value14` text,
  `value15` text,
  `value16` text,
  `value17` text,
  `value18` text,
  `value19` text,
  `value20` text,
  `media1` varchar(255) DEFAULT NULL,
  `media2` varchar(255) DEFAULT NULL,
  `media3` varchar(255) DEFAULT NULL,
  `media4` varchar(255) DEFAULT NULL,
  `media5` varchar(255) DEFAULT NULL,
  `media6` varchar(255) DEFAULT NULL,
  `media7` varchar(255) DEFAULT NULL,
  `media8` varchar(255) DEFAULT NULL,
  `media9` varchar(255) DEFAULT NULL,
  `media10` varchar(255) DEFAULT NULL,
  `medialist1` text,
  `medialist2` text,
  `medialist3` text,
  `medialist4` text,
  `medialist5` text,
  `medialist6` text,
  `medialist7` text,
  `medialist8` text,
  `medialist9` text,
  `medialist10` text,
  `link1` varchar(10) DEFAULT NULL,
  `link2` varchar(10) DEFAULT NULL,
  `link3` varchar(10) DEFAULT NULL,
  `link4` varchar(10) DEFAULT NULL,
  `link5` varchar(10) DEFAULT NULL,
  `link6` varchar(10) DEFAULT NULL,
  `link7` varchar(10) DEFAULT NULL,
  `link8` varchar(10) DEFAULT NULL,
  `link9` varchar(10) DEFAULT NULL,
  `link10` varchar(10) DEFAULT NULL,
  `linklist1` text,
  `linklist2` text,
  `linklist3` text,
  `linklist4` text,
  `linklist5` text,
  `linklist6` text,
  `linklist7` text,
  `linklist8` text,
  `linklist9` text,
  `linklist10` text,
  `article_id` int(10) unsigned NOT NULL,
  `module_id` int(10) unsigned NOT NULL,
  `createdate` datetime NOT NULL,
  `updatedate` datetime NOT NULL,
  `createuser` varchar(255) NOT NULL,
  `updateuser` varchar(255) NOT NULL,
  `revision` int(11) NOT NULL,
  PRIMARY KEY (`id`),
  KEY `slice_priority` (`article_id`,`priority`,`module_id`),
  KEY `clang_id` (`clang_id`),
  KEY `article_id` (`article_id`),
  KEY `find_slices` (`clang_id`,`article_id`)
) ENGINE=InnoDB AUTO_INCREMENT=92 DEFAULT CHARSET=utf8;

LOCK TABLES `rex_article_slice` WRITE;
/*!40000 ALTER TABLE `rex_article_slice` DISABLE KEYS */;
INSERT INTO `rex_article_slice` VALUES 
  (1,1,1,1,'Community-Demo-Website','In dieser Demo kannst Du sehen, wie man mit dem Community-AddOn Loginbereiche erstellen kann, wo sich User registrieren und in geschützte Bereiche einloggen können.','h1','','','','indent','','','','','','','','','','','','','','','','','','','','','','','','','','','','','','','','','','','','','','','','','','','','','','','','','','','','','',1,2,'2016-05-12 09:51:02','2016-05-15 21:47:46','admin','admin',0),
  (2,1,1,3,'','','','','','','','','','','','','','','','','','','','','','','','','','','','','','','','','','','','','','','','','','','','','','','','','','','','','','','','','','','','',1,6,'2016-05-12 09:51:11','2016-05-15 17:25:45','admin','admin',0),
  (3,1,1,2,'Neue User erfassen','So geht\'s los','Es beginnt mit der Registrierung. Der User muss seine Registrierung natürlich bestätigen. Teste die Registrierung am besten selbst.\r\n\r\nÜbrigens: Wenn Du in REDAXO eingeloggt bist, bekommst Du auf den ganzen Community-Seiten zusätzliche \"Admin-Hinweise\". So kannst Du die reduzierte User-Ansicht sehen, aber auch mit weitere Erläuterungen, wenn Du mehr wissen möchtest.','shadow','blue','Kontrolle durch Admin','Freischalten','In vielen Community-Websites ist der User nach der Bestätigung seiner Registrierung bereits für den Login aktiviert.\r\n\r\nHier in der Demo gibt es noch einen weiteren Schritt, der oftmals gewünscht wird: Der Admin – der nach bestätigter Registrierung eine E-Mail erhält – muss den User noch aktivieren. Oder kann ihn auch später deaktivieren für eine Sperrung.','shadow','green','Verschlüsselte Passwörter','Passwort vergessen?','Im Vergleich zur früheren Community-Version muss man Passwörter nicht mehr durch eine entsprechende Validierungskation verschlüsseln. Sie werden - zeitgemäß - automatisch verschlüsselt.\r\n\r\nHat der User sein Passwort vergessen, kann man es ihm natürlich nicht zusenden. Die Demo-Website zeigt, wie man ein vergessenes Passwort zurücksetzen kann.','shadow','yellow','','','','3','','','','','','','','','','','','','','','','','','','','','','15','17','18','','','','','','','','','','','','','','','','','',1,5,'2016-05-12 09:52:54','2016-06-02 12:49:23','admin','admin',0),
  (4,1,1,1,'','','','','','','','','','','','','','','','','','','','','','','','','','','','','','','','','','','','','','','','','','','','','','','','','','','2,5,21','','','','','','','','','',6,11,'2016-05-12 09:53:57','2016-05-12 09:53:57','admin','admin',0),
  (5,1,1,7,'Struktur','Templates','Metadaten','Module','Community','','','','','','## Struktur\r\n\r\nEs gibt natürlich viele verschiedene Möglichkeiten, Login-Bereiche zu strukturieren. In dieser Demo existieren drei wichtige Kategorien:\r\n\r\n1. Die Kategorie **Loginbereich** (ID 3) enthält die geschützten Seiten, für die der Loginbereich überhaupt angelegt wurde. Die Rechte-Verwaltung für diese Seiten – also welcher User welche Seiten aufrufen darf – kann man über Usergruppen steuern, die das Comunity-AddOn automatisch anlegt. Der Redakteur kann für jeden Artikel definieren, welche Usergruppe diesen Artikel aufrufen darf.  \r\n***Hinweis*** Damit die Navigation die Gruppenrechte berücksichtigt, müssen die einzelnen Navigationspunkte mit ```rex_ycom_auth::checkPerm()``` geprüft werden.\r\n\r\n2. In der Kategorie **Mein Profil** (ID 4) findet jeder User seine individuelle Verwaltung: Er kann dort seine Profildaten ändern, ein Profilfoto hochladen sowie sein Passwort ändern.\r\n\r\n3. Die Kategorie **Login** (ID 5) schließlich dient dazu, den User erstmal anzulegen: Dort kann er sich zu Beginn registrieren oder sein Passwort zurücksetzen.\r\n\r\n\r\nMeist ergibt sich die Struktur des Login-Bereichs aus der gewünschten Navigation und der zugrunde liegenden Logik, wann der User welche Navigationspunkte sehen darf und wie er im Login geleitet werden soll.\r\nWie gesagt: Die Struktur dieser Demo ist nur ein möglicher Weg von vielen.','## Templates\r\n\r\nVier verschiedene Templates kommen zum Einsatz:\r\n- **einspaltig**  \r\nDas Standard-Template. Die Inhalte gehen über die volle Contentbreite\r\n- **zweispaltig**  \r\nDieses Template kommt im Loginbereich zum Einsatz. In der Seitenspalte gibt es eine Subnavigation, die die zweite Ebene anzeigt.\r\n- **einspaltig mit Fullscreen-Hintergrundbild**  \r\nDie Login-Seite wurde mit diesem Template realisiert, Es eignet sich nur bei wenig Inhalten.\r\n- **zweispaltig mit Fullscreen-Hintergrundbild**  \r\nDas Template kommt bei einigen der Registrierungsseiten zum Einsatz. Die zweite Spalte bietet Platz für Erklärungen.','## Metadaten\r\n\r\nWie in der Basis-Demo dienen die Artikel-Metadaten dazu, seitenspezifische Einstellungen zu speichern, wie etwa das Headerfoto. Über ein weiteres Metafeld kann man ein Icon in die Navigation integrieren.\r\n\r\nAußerdem ist es hier möglich, auf einzelnen Seiten eine Kommentarfunktion für registrierte Mitglieder freizuschalten.','## Module\r\n\r\nWie in der Standard-Demo gibt es auch in dieser Demo wieder zwei Handvoll Standard-Module: Text, Bild, Galerie, Teaser-Kästen, Tabs, etc.\r\n\r\nIm Gegensatz zur Standard-Demo sind die Module aber etwas einfacher gehalten, denn sie sollen nicht demonstrieren, wie man Module aufbauen könnte, sondern lediglich die Erläuterungen zur Community optisch ansprechend darstellen. So ist z.B. auch das Tabs-Modul, dessen Inhalte Du gerade liest, sehr viel einfacher und weniger flexibel angelegt als das der Standard-Demo.\r\n\r\n### Markdown\r\n\r\nWährend in der Standard-Demo als Editor Rex_Redactor und Rex_Markitup mit Textile verwendet wird, kommt hier nun bewusst die dritte Variante - Rex_Markitup mit Markdown - zum Einsatz, um alle drei Möglichkeiten zu zeigen.\r\n\r\nDie Syntax zu Markdown kannst Du hier nachlesen:\r\n[https://daringfireball.net/projects/markdown/syntax](https://daringfireball.net/projects/markdown/syntax)  \r\n[http://markdown.de/](http://markdown.de/)\r\n\r\nSelbstverständlich könntest Du in dieser Demo auch auch Textile oder den Redactor verwenden.\r\n\r\n---\r\n\r\nEs gibt jedoch auch ein paar Community-spezifische Module:\r\n- Zentraler Baustein ist natürlich der **YForm Formbuilder**, der für die Erstellung fast aller Community-Komponenten benötigt wird.\r\n- Das Googlemap-Modul demonstriert, wie man mit dem Geo-Plugin von YForm sehr komfortabel durch Adresseingabe und Drag&Drop Marker-Punkte setzen und diese im Modul anzeigen kann.\r\n- Außerdem gibt es sehr einfache Beispiele für eine Kommentarfunktion und zum Anzeigen der neuesten erfolgreich registrierten User.','## Community\r\n\r\nDie Community-Funktionen sind der zentrale Bestandteil dieser Demo. Dank des YForm-Moduls und seinen zahlreichen Values, Validates und Actions kann man auch Communities, die einer anderen Logik als dieser Demo folgen, relativ schnell und flexibel aufbauen.\r\n\r\nErgänzende Hinweise findest Du auf der [YForm](redaxo://7)- und [YCom-Seite](redaxo://8) sowie auf den ganzen Registrierungs- und Login-Seiten ... sofern Du eingeloggt bist. Denn einige der Hinweise erscheinen nur, wenn man in REDAXO eingeloggt ist. Zum einen, um zu zeigen, wie man ein Modul abhängig vom REDAXO-Login-Status anzeigen kann. Zum anderen, damit man die Login-Seiten in nicht zu überladener Optik testen kann.\r\n\r\n***Hinweis***  \r\nIn REDAXO findest Du auf der Einstellungs-Seite des YCom-AddOns hilfreiche Anleitungen und Beispiele.','','','h','5','','','','','','','','','','','','','','','','','','','','','','','','','','','','','','','','','','','','','','','','','',2,7,'2016-05-12 09:54:50','2016-06-05 18:57:27','admin','admin',0),
  (6,1,1,1,'YForm','Formular-Framework und Tabellenverwaltung','h1','','','','','','','','','','','','','','','','','','','','','','','','','','','','','','','','','','','','','','','','','','','','','','','','','','','','','','','','','',7,2,'2016-05-12 09:55:23','2016-06-02 14:47:39','admin','admin',0),
  (7,1,1,2,'','h2','Das Community-AddOn **YCom** setzt das Formular-AddOn **YForm** voraus, denn es baut auf dessen  Funktionen auf und erweitert diese. Man sollte also zunächst das Prinzip von **YForm** verstanden haben, um mit **YCom** sinnvoll zu arbeiten.\r\n\r\n---','','','','','','','','','','','','','','vd','','','','','','','','','','','','','','','','','','','','','','','','','','','','','','','','','','','','','','','','','','','',7,3,'2016-05-12 09:55:42','2016-06-02 14:48:13','admin','admin',0),
  (9,1,1,13,'2','','','','','','','','','','','','','','','','','','','','','','','','','','','','','','yform_struktur.jpg,yform_beispiel.jpg,yform_values.jpg,yform_actions.jpg','','','','','','','','','','','','','','','','','','','','','','','','','','','','','',7,9,'2016-05-12 10:00:19','2016-05-25 09:38:02','admin','admin',0),
  (10,1,1,15,'','','objparams|real_field_names|1\r\n\r\ntext|demo_text|Textfeld\r\n\r\ntextarea|demo_textarea|Textarea\r\n\r\nselect|demo_select|Selectfeld|Anrede=,Frau=w,Herr=m\r\n\r\nhtml||<hr>\r\n\r\nfieldset|fieldset_checkbox|Checkbox\r\ncheckbox|demo_checkbox_ok|Einverstanden?||1\r\ncheckbox|demo_checkbox_laune|Gut gelaunt heute?\r\n\r\nhtml||<hr>\r\n\r\nfieldset|fieldset_radio|Radio-Button\r\nradio|demo_radio_anrede|Anrede|Frau=w,Herr=m\r\nfieldset|||onlyclose\r\n\r\nhtml||<hr>\r\n\r\nfieldset|fieldset_more|Weitere Felder\r\n\r\ndate|dem_date|Datum wählen|2016|+10|###D### ###M### ###Y###|1\r\ncaptcha|Spamschutz|Bitte korrektes Rechenergebnis eingeben\r\n\r\nhtml||<p>User dynamisch als Checkboxen darstellen</p>\r\ncheckbox_sql|user|User|select id, concat(name,\', \',firstname) as name from rex_ycom_user order by name\r\n\r\nsubmit|demo_submit|Abschicken!','','','','0','','','','','','','','','','','','','','','','','','','','','','','','','','','','','','','','','','','','','','','','','','','','','','','','','','','','','',7,1,'2016-05-12 10:01:38','2016-05-25 21:33:23','admin','admin',0),
  (11,1,1,1,'','','objparams|form_skin|bootstrap\r\nobjparams|form_class|hide-label\r\n\r\nycom_auth_form_info||Bitte einloggen|Benutzer wurde ausgeloggt|Login ist fehlgeschlagen|Benutzer wurde erfolgreich eingeloggt|\r\n\r\nycom_auth_form_login|email|E-Mail|#placeholder:E-Mail\r\nycom_auth_form_password|passwort|Passwort|#placeholder:Passwort\r\n\r\nvalidate|empty|email|Bitte E-Mail eingeben\r\nvalidate|empty|passwort|Bitte Passwort eingeben\r\n\r\nycom_auth_form_stayactive|auth|eingeloggt bleiben|0\r\n\r\nsubmit|label|Abschicken|no_db|btn btn-danger btn-block','','','','0','','','','','','','','','','','','','','','','','','','','','','','','','','','','','','','','','','','','','','','','','','','','','','','','','','','','','',5,1,'2016-05-12 10:04:57','2016-05-27 18:15:52','admin','admin',0),
  (12,1,1,2,'','h2','---\r\n\r\n**Noch nicht registriert?**  \r\n[Hier kannst Du Dich registrieren](redaxo://15)\r\n\r\n**Passwort vergessen?**  \r\n[Du kannst Dein Passwort zurücksetzen](redaxo://18)','','','','','','','','','','','','','','','','','','','','','','','','','','','','','','','','','','','','','','','','','','','','','','','','','','','','','','','','','',5,3,'2016-05-12 10:05:29','2016-05-26 22:16:32','admin','admin',0),
  (13,1,1,3,'Admin-Hinweis','Ycom-Authentifizierung','#### Für das Login-Formular sind nur drei Felder nötig.\r\n\r\nFolgendes ycom-Value regelt die Authentifizierung:\r\n```\r\nycom_auth_form_info|label|Bitte einloggen|Benutzer wurde ausgeloggt|Login ist fehlgeschlagen|Benutzer wurde erfolgreich eingeloggt|\r\n```\r\nDie letzten drei Optionen sind Meldungen, die die Meldungen beim Ausloggen, beim fehlerhaftem Login und beim erfolgreichen Login steuern.\r\n\r\n```\r\nycom_auth_form_login|email|E-Mail|#placeholder:E-Mail\r\nycom_auth_form_password|passwort|Passwort|#placeholder:Passwort\r\n```\r\nDie vom Community-AddOn hinzugefügten Felder **ycom_auth_form_login** und **ycom_auth_form_password** nehmen die Daten für User und Passwort entgegen. Wenn man dem User die Möglichkeit geben will, dauerhaft eingeloggt zu bleiben, benötigt man noch folgende Zeile:\r\n````\r\nycom_auth_form_stayactive|auth\r\n```','','','','','','','','','','','','','','','1','','','','','','','','','','','','','','','','','','','','','','','','','','','','','','','','','','','','','','','','','','',5,8,'2016-05-12 10:06:00','2016-06-02 15:44:14','admin','admin',0),
  (14,1,1,1,'Wie läuft die Registrierung ab?','h3','Die beiden wichtigsten Felder sind E-Mail / Username und Passwort. Die Gruppen steuern, welche User welche Seiten sehen dürfen. (Bei einem richtigen Login wird dies eher der Admin tun.) Eine besondere Bedeutung kommt auch dem Status-Feld zu:\r\n1. ***angefragt***  \r\nNach dem Abschicken des nebenstehenden Formulars wird die Anmeldung in die Usertabelle geschrieben mit dem Status ***-1*** (Zugang wurde angefragt). Außerdem bekommt der User eine Mail geschickt mit einem Link, den er anklicken soll.\r\n2. ***bestätigt***\r\nNach dem Klick auf diesen Link wird der Status auf ***0*** (bestätigt) gesetzt. Und es wird eine Mail an den Admin geschickt, damit er den User freischalten kann.\r\n3. ***aktiv***\r\nIn der E-Mail an den Admin gibt es einen Link, mit dem der Admin den User direkt freischalten kann, ohne sich in Redaxo einzuloggen. Das Status ändert sich dadurch zu ***1*** (aktiv).\r\n4. ***inaktiv***\r\nFalls man einem User den Zugang sperren will, ohne den Zugang gleich zu löschen, so kann man den Status auf ***-2*** (inaktiv) setzen.','','','','','','','','','','','','','','','','','','','','','','','','','','','','','','','','','','','','','','','','','','','','','','','','','','','','','','','','','',15,3,'2016-05-12 10:17:25','2016-06-02 16:32:02','admin','admin',0),
  (15,1,2,1,'','','objparams|form_skin|bootstrap\r\nobjparams|form_class|hide-label form-register\r\n\r\ngenerate_key|activation_key\r\nhidden|status|-1\r\n\r\nfieldset|label|Registrieren\r\n\r\nhtml|required|<p class=\"form-required\">* Pflichtfelder</p>\r\n\r\ntext|email|#placeholder:E-Mail*|E-Mail*\r\ntext|firstname|#placeholder:Vorname*|Vorname*\r\nvalidate|empty|firstname|Bitte gib Deinen Vornamen ein\r\n\r\ntext|name|#placeholder:Nachname*|Nachname*\r\nvalidate|empty|name|Bitte geben Sie Ihren Namen ein.\r\n\r\nhtml|required|<p class=\"form-required\">Gruppe wählen:</p>\r\ncheckbox_sql|ycom_groups|Gruppe|select id, name from rex_ycom_group order by prio|\r\n\r\nhtml||<hr>\r\n\r\nycom_auth_password|password|#placeholder:Passwort*|Dein Passwort*|\r\npassword|password_2|#placeholder:Passwort bestätigen*|Passwort bestätigen*||no_db\r\n\r\ncaptcha|Bitte Sicherheitscode eingeben|Du hast den Sicherheitscode falsch eingegeben.\r\n\r\nvalidate|email|email|Bitte geben Sie die E-Mail ein.\r\nvalidate|unique|email|Diese E-Mail existiert schon|rex_ycom_user\r\nvalidate|empty|email|Bitte geben Sie Ihre e-Mail ein.\r\nvalidate|empty|password|Bitte geben Sie ein Passwort ein.\r\n\r\nvalidate|compare|password|password_2||Bitte geben Sie zweimal das gleiche Passwort ein\r\n\r\naction|copy_value|email|login\r\naction|db|rex_ycom_user\r\naction|tpl2email|access_request_de|email|\r\n','','','<div class=\"alert alert-success alert-dismissible\" role=\"alert\">\r\n	<h2>Vielen Dank!</h2><p>Du erhältst nun eine E-Mail mit einem Link. Bitte klicke auf den Link zur Bestätigung.</p>\r\n</div>\r\n','0','','','','1','','','','','','','','','','','','','','','','','','','','','','','','','','','','','','','','','','','','','','','','','','','','','','','','','',15,1,'2016-05-12 10:18:17','2016-06-02 16:05:57','admin','admin',0),
  (19,1,1,1,'','','objparams|submit_btn_show|0\r\nobjparams|send|1\r\n\r\nvalidate|ycom_auth_login|activation_key=activation_key,email=email||Passwort konnte nicht zurückgesetzt werden.|activation_key,email,password,firstname,name\r\n\r\naction|ycom_auth_db|update\r\n','','','<div class=\"alert alert-success alert-with-icon\" data-notify=\"container\">\r\n	<div class=\"container\">\r\n		<div class=\"alert-wrapper\">\r\n			<i class=\"alert-icon ti-check\"></i>\r\n			<div class=\"message\">Du bist nun eingeloggt und kannst Dir ein neues Passwort vergeben mit folgendem Link:<br><a href=\"index.php?article_id=13\">Ein neues Passwort setzen</a></div>\r\n		</div>\r\n	</div>\r\n</div>\r\n','0','','','','1','','','','','','','','','','','','','','','','','','','','','','','','','','','','','','','','','','','','','','','','','','','','','','','','','',19,1,'2016-05-12 10:23:49','2016-06-04 01:02:56','admin','admin',0),
  (20,1,1,1,'Ausgeloggt.','Du wurdest erfolgreich ausgeloggt.','h1','','','','','','','','','','','','','','','','','','','','','','','','','','','','','','','','','','','','','','','','','','','','','','','','','','','','','','','','','',20,2,'2016-05-12 10:24:44','2016-05-12 10:24:44','admin','admin',0),
  (21,1,1,4,'Admin-Hinweis','Weiterleitungsseite nach dem Ausloggen','Zu dieser Seite wird weitergeleitet, wenn man erfolgreich ausgeloggt wurde.\r\nSo könnte man dem User ergänzende Hinweise geben, z.B. [wo er sich wieder einloggen kann.](redaxo://5)\r\n\r\nDieser Artikel befindet sich in der Kategorie **Login**, kann aber überall in der Seitenatruktur liegen.\r\nDie Rechte wurden definiert als **Zugriff für alle nicht eingeloggten User**, denn für einen eingeloggten User ist diese Seite sinnlos.','','orange','','','','','','','','','','','','','1','1','','','','','','','','','','','','','','','','','','','','','','','','','','','','','','','','','','','','','','','','','',20,5,'2016-05-12 10:25:13','2016-06-02 18:15:18','admin','admin',0),
  (22,1,2,1,'Goodbye ...','und Danke ...','... für Deinen Besuch des Loginbereichs!','','brown','','','','','','','','','','','','','','1','','','','','','','','','','','','','','','','','','','','','','','','','','','','','','','','','','','','','','','','','',20,5,'2016-05-12 10:26:23','2016-06-02 18:15:43','admin','admin',0),
  (23,1,1,1,'Loginbereich','Erläuterungen zur Struktur','h1','','','','','','','','','','','','','','','','','','','','','','','','','','','','','','','','','','','','','','','','','','','','','','','','','','','','','','','','','',3,2,'2016-05-12 10:27:53','2016-05-12 10:27:53','admin','admin',0),
  (24,1,1,2,'','h2','In dieser Demo liegen alle geschützten Seiten in der Kategorie \"Loginbereich\" – in der Du Dich jetzt gerade befindest. Das muss aber nicht so sein. Denn das YCom-AddOn ist so flexibel angelegt, dass man beliebige einzelne Artikel und Kategorien schützen, ebenso aber auch die User-Rechte rekursiv für ganze Kategoriebäume definieren kann.','','','','','','','','','','','','','','','','','','','','','','','','','','','','','','','','','','','','','','','','','','','','','','','','','','','','','','','','','',3,3,'2016-05-12 10:28:09','2016-06-02 17:27:49','admin','admin',0),
  (25,1,1,5,'3','','','','','','','','','','','','','','','','','','','','','','','','','','','','','','rechte1.png,rechte2.png,rechte3.png','','','','','','','','','','','','','','','','','','','','','','','','','','','','','',3,9,'2016-05-12 10:28:35','2016-05-25 09:42:26','admin','admin',0),
  (26,1,2,1,'Fragen?','fa-hand-o-right','**Fragen zur Demo?**  \r\n[Zum REDAXO-Forum](http://www.redaxo.org/de/forum/redaxo-5-x-f38/)\r\n\r\n**Bugs?**  \r\n[Zum Github-Repo des AddOns](https://github.com/FriendsOfREDAXO/redaxo_demo_community)','','','','','','','','','','','','','','','','','','','','','','','','','','','','','','','','','','','','','','','','','','','','','','','','','','','','','','','','','',3,10,'2016-05-12 10:29:11','2016-05-26 21:13:55','admin','admin',0),
  (27,1,1,1,'Zugriff für alle','eingeloggten User','h1','','','','','','','','','','','','','','','','','','','','','','','','','','','','','','','','','','','','','','','','','','','','','','','','','','','','','','','','','',9,2,'2016-05-12 10:29:52','2016-05-12 10:29:52','admin','admin',0),
  (28,1,1,2,'','h2','Bei einem Zugriff für alle Gruppen werden die Rechte so eingestellt:\r\n\r\n- Zugriff für eingeloggte User\r\n- Für alle, egal welche Gruppe\r\n- Keine Gruppe wird angewählt\r\n','','','','','','','','','','','','','','','','mb','','','','','','','','','','','','','','','','','','','','','','','','','','','','','','','','','','','','','','','','','',9,3,'2016-05-12 10:30:03','2016-05-25 13:23:58','admin','admin',0),
  (29,1,1,1,'Zugriff für','Gruppe A','h1','','','','','','','','','','','','','','','','','','','','','','','','','','','','','','','','','','','','','','','','','','','','','','','','','','','','','','','','','',10,2,'2016-05-12 10:30:38','2016-05-25 13:24:52','admin','admin',0),
  (30,1,1,1,'Zugriff für','Gruppe B','h1','','','','','','','','','','','','','','','','','','','','','','','','','','','','','','','','','','','','','','','','','','','','','','','','','','','','','','','','','',11,2,'2016-05-12 10:30:53','2016-05-25 13:25:45','admin','admin',0),
  (31,1,1,1,'Profil ändern','','h1','','','','','','','','','','','','','','','','','','','','','','','','','','','','','','','','','','','','','','','','','','','','','','','','','','','','','','','','','',12,2,'2016-05-12 10:31:53','2016-05-12 10:31:53','admin','admin',0),
  (32,1,1,2,'','','objparams|form_showformafterupdate|1\r\nycom_auth_load_user|userinfo|email,firstname,name,slogan,ycom_groups,pic\r\n\r\nshowvalue|email|E-Mail / Login:\r\n\r\ntext|firstname|Vorname:\r\nvalidate|empty|firstname|Bitte gib Deinen Vornamen ein.\r\n\r\ntext|name|Nachname:\r\nvalidate|empty|name|Bitte gib Deinen Nachnamen ein.\r\n\r\nhtml||<hr>\r\n\r\ntextarea|slogan|Motto:\r\nvalidate|empty|slogan|Bitte gib Dein Motto ein.\r\n\r\nhtml||<hr>\r\n\r\nhtml|required|<p class=\"form-required\">Bitte Gruppe wählen:</p>\r\ncheckbox_sql|ycom_groups|Gruppe|select id, name from rex_ycom_group order by prio|\r\n\r\nhtml||<hr>\r\n\r\nmediafile|pic|Profilfoto|1000|.jpg,.png||min_err,max_err,type_err,empty_err||3|\r\n\r\naction|showtext|<div class=\"alert alert-success\">Profildaten wurden aktualisiert</div>|||1\r\naction|ycom_auth_db','','','<div class=\"alert alert-success alert-with-icon\" data-notify=\"container\">\r\n            <div class=\"container\">\r\n                <div class=\"alert-wrapper\">\r\n                    <button type=\"button\" class=\"close\" data-dismiss=\"alert\" aria-label=\"Schließen\">\r\n                      <span aria-hidden=\"true\">×</span>\r\n                    </button>\r\n                    <i class=\"alert-icon ti-check\"></i>\r\n                    <div class=\"message\">Die Profildaten wurden gespeichert.</div>\r\n                </div>\r\n            </div>\r\n        </div>','0','','','','1','','','','','','','','','','','','','','','','','','','','','','','','','','','','','','','','','','','','','','','','','','','','','','','','','',12,1,'2016-05-12 10:32:43','2016-06-02 18:09:49','admin','admin',0),
  (33,1,1,1,'Passwort ändern','','h1','','','','','','','','','','','','','','','','','','','','','','','','','','','','','','','','','','','','','','','','','','','','','','','','','','','','','','','','','',13,2,'2016-05-12 10:33:08','2016-05-12 10:33:08','admin','admin',0),
  (34,1,1,2,'','','objparams|form_class|hide-label\r\n\r\nycom_auth_password|password|#placeholder:Neues Passwort*|Neues Passwort*|\r\npassword|password_2|#placeholder:Passwort wiederholen*|Passwort wiederholen*||no_db\r\n\r\nvalidate|empty|password|Bitte gib ein Passwort ein.\r\nvalidate|compare|password|password_2|!=|Bitte gib zweimal das gleiche Passwort ein\r\n\r\naction|ycom_auth_db','','','<div class=\"alert alert-success alert-with-icon\" data-notify=\"container\">\r\n            <div class=\"container\">\r\n                <div class=\"alert-wrapper\">\r\n                    <button type=\"button\" class=\"close\" data-dismiss=\"alert\" aria-label=\"Schließen\">\r\n                      <span aria-hidden=\"true\">×</span>\r\n                    </button>\r\n                    <i class=\"alert-icon ti-check\"></i>\r\n                    <div class=\"message\">Dein Passwort wurde geändert.</div>\r\n                </div>\r\n            </div>\r\n        </div>','0','','','','1','','','','','','','','','','','','','','','','','','','','','','','','','','','','','','','','','','','','','','','','','','','','','','','','','',13,1,'2016-05-12 10:33:42','2016-06-02 18:11:28','admin','admin',0),
  (35,1,1,3,'Admin-Hinweis','Passwort ändern','```\r\nycom_auth_password|password|Neues Passwort\r\npassword|password_2|Passwort wiederholen||no_db\r\n````\r\nDas YCom-Value **ycom_auth_password** speichert das Passwort des aktuell authentifizierten Users, automatisch verschlüsselt.\r\nDas zweite Passwort-Feld dient nur zum Abgleich mit dem ersten Feld gegen Tippfehler und soll nicht in der Datenbank gespeichert werden (deswegen **no_db**). Denn YForm versucht (eine entsprechende Action wie **ycom_auth_db** vorausgesetzt), alle Felder in die Datenbank zu speichern – außer eben die diejeningen, die als **no_db** definiert sind.\r\n\r\n```\r\nvalidate|empty|password|Bitte geben Sie ein Passwort ein.\r\nvalidate|compare|password|password_2|!=|Bitte geben Sie zweimal das gleiche Passwort ein\r\n````\r\nZwei Validierungen werden benötigt: Die erste prüft, dass das Passwort-Feld nicht leer bleibt.\r\nDie zweite prüft, ob die beiden Felder (**password** und **password_2**) identisch sind.\r\n\r\n```\r\naction|ycom_auth_db\r\n```\r\nMit der Aktion **ycom_auth_db** wird das Passwort in die Usertabelle gespeichert.','shadow','brown','','','','','','','','','','','','','1','1','','','','','','','','','','','','','','','','','','','','','','','','','','','','','','','','','','','','','','','','','',13,5,'2016-05-12 10:34:39','2016-06-02 18:01:50','admin','admin',0),
  (36,1,1,1,'','','ycom_auth_form_logout','','','','0','','','','','','','','','','','','','','','','','','','','','','','','','','','','','','','','','','','','','','','','','','','','','','','','','','','','','',14,1,'2016-05-12 10:35:53','2016-05-12 10:35:53','admin','admin',0),
  (37,1,1,6,'','h2','Sehen wir uns zunächst die Verzeichnisstruktur des AddOns an. Die wichtigsten Ordner sind:\r\n\r\n```\r\nlib\r\n   yform\r\n      action\r\n      validate\r\n      value\r\n...\r\nytemplates\r\n   bootstrap\r\n   classic\r\n```','','','','','','','','','','','','','','','','mt','','','','','','','','','','','','','','','','','','','','','','','','','','','','','','','','','','','','','','','','','',7,3,'2016-05-13 00:32:19','2016-05-21 07:29:59','admin','admin',0),
  (38,1,1,4,'','','YForm dient vor allem zur Generierung von Formularen. Formulare sind komplex und ziehen oft umfangreiche Nacharbeit mit sich. YForm versucht, durch flexible Verzahnung der Komponenten möglichst viele dieser Aufgaben zu übernehmen.\r\n\r\nYForm bringt nicht nur alle gängigen Feldtypen mit, sondern stellt auch vielfältige Validierungen bereit, Funktionen zum Versand von E-Mails sowie Aktionen, die zum Beispiel Daten in eine Datenbank schreiben oder Weiterleitungen ausführen.','','blue','','','YForm kann aber nicht nur Formulare für das Frontend generieren sowie Formulareingaben per E-Mail versenden oder in eine Datenbank speichern.\r\n\r\nDer Admin kann mit Hilfe des Table Managers auch Datenbank-Tabellen \"zusammenklicken\" und diese - ergänzt z.B. durch Validierungen - im Backend samt Eingabemaske zur Verfügung stellen. Diese automatisch erzeugten Daten-Verwaltungen können dann wiederum den Code für ein dazu passendes Frontend-Formular generieren.','','green','','','','','','','','','2','','','','','','','','','','','','','','','','','','','','','','','','','','','','','','','','','','','','','','','','','',7,5,'2016-05-13 00:35:16','2016-06-02 14:49:25','admin','admin',0),
  (40,1,1,5,'Die Struktur von YForm','Ordnerstruktur und Komponenten','','','','','','','','','','','','','','','','','','','gipfel.jpg','','','','','','','','','','','','','','','','','','','','','','','','','','','','','','','','','','','','','','','',7,12,'2016-05-13 10:23:24','2016-06-02 22:18:48','admin','admin',0),
  (41,1,1,14,'Ein Beispielformular mit YForm','','h2','','top','','','','','','','','','','','','','','','','','','','','','','','','','','','','','','','','','','','','','','','','','','','','','','','','','','','','','','','',7,2,'2016-05-13 11:01:42','2016-06-02 15:16:21','admin','admin',0),
  (42,1,1,1,'Allgemeine Infos','zur Demo und zum Aufbau der Website','h1','bottom','','c','','','','','','','','','','','','','','','','','','','','','','','','','','','','','','','','','','','','','','','','','','','','','','','','','','','','','','',2,2,'2016-05-15 20:55:12','2016-05-25 20:40:49','admin','admin',0),
  (43,1,1,3,'Einsatzmöglichkeiten von YForm','','h2','','','c','','','','','','','','','','','','','','','','','','','','','','','','','','','','','','','','','','','','','','','','','','','','','','','','','','','','','','',7,2,'2016-05-19 23:13:22','2016-06-02 14:48:20','admin','admin',0),
  (45,1,1,12,'','h2','Nach der Installation von YForm kann man im AddOn mit einem Mausklick ein YForm-Modul anlegen, in das man lediglich die Values, Validierungen und Aktionen tippen muss. Die genaue Syntax findest Du im Modul.\r\n\r\nSo könnte man ein Textfeld anlegen, in der Zeile darunter wird ein Selectfeld definiert, danach folgt eine Aktion, um die Daten in die Datenbank \"adressen\" zu speichern:\r\n\r\n````\r\ntext|name|Nachname\r\nselect|anrede|Anrede|Anrede=,Frau=w,Herr=m\r\n\r\naction|db|adressen|\r\n```\r\n\r\nMan sieht, dass die einzelnen Optionen jeweils durch ein Pipe-Symbol (vertikaler Strich) abgetrennt sind. Die vollständigen Optionen für jedes Feld kann man direkt im YForm-Modul ersehen. Beim Textfeld findet man beispielsweise folgende Optionen:\r\n````\r\ntext|name|label|defaultwert|[no_db]|cssclassname\r\n```\r\n\r\n- **text:** Dies definiert den Feldtyp\r\n- **name:** der interne Feld-Name\r\n- **label:** das vor dem Feld sichtbare Label (Feldbeschriftung)\r\n- **defaultwert:** Damit kann man einen Standardwert in das Feld setzen\r\n- **no_db:** Speichert eine Aktion die Felddaten in die Datenbank, so gibt es hin und wieder Felder, die man nicht gespeichert haben will, z.B. den Wert eines Submit-Buttons\r\n- **cssclassname:** Damit kann man dem Feld eine individuelle CSS-Klasse zuweisen\r\n\r\n---\r\n\r\n###  Verschiedene Schreibweisen\r\n\r\nMan muss nicht das YForm-Modul verwenden, sondern kann auch die PHP-Schreibweise verwenden:\r\n\r\n```\r\naction|db|adressen|\r\n$yform = new rex_yform();\r\n$yform->setValueField(\'text\', array(\"name\",\"Nachname\"));\r\n$yform->setValueField(\'select\', array(\"anrede\",\"Anrede\",\"Anrede=,Frau=w,Herr=m\"));\r\n$yform->setActionField(\'db\', array(\'adressen\'));\r\necho $yform->getForm();\r\n```\r\n\r\n**Tipp:** Bei einer mit dem Table Manager angelegten Tabelle kann man sich den Formular-Code in den Versionen ***PHP*** (hilfreich bei eigenen Anpassungen), ***Pipe*** (im YForm-Modul verwendet) und ***E-Mail*** (für den Versand mit Email-Templates) generieren lassen.\r\n\r\n---\r\n\r\nDer zweite der folgenden Screenshots zeigt Beispieleingaben für ein Formular.','','','','','','','','','','','','','','vd','','mtb','','','','','','','','','','','','','','','','','','','','','','','','','','','','','','','','','','','','','','','','','',7,3,'2016-05-20 21:17:25','2016-06-02 15:17:52','admin','admin',0),
  (46,1,1,11,'Feld-Optionen','Grundlegende Syntax','','','','','','','','','','','','','','','','','','','nebelwald.jpg','','','','','','','','','','','','','','','','','','','','','','','','','','','','','','','','','','','','','','','',7,12,'2016-05-20 21:43:49','2016-05-20 22:35:51','admin','admin',0),
  (48,1,1,2,'','h2','Für die grundlegende Arbeit mit Templates, Modulen und Navigationen schaue Dir bitte zuerst die Basis-Demo für REDAXO an, denn diese Demo dreht sich fast ausschließlich nur um das Community- sowie YForm-AddOn und beschreibt keine Basis-Funktionen.','','','','','','','http://www.redaxo.org/de/download/addons/?addon_id=1290','Zum Download der Standard-Demo','','','','','center','vd','','mtb','','','','','','','','','','','','','','','','','','','','','','','','','','','','','','','','','','','','','','','','','',2,3,'2016-05-20 23:42:10','2016-06-02 14:46:51','admin','admin',0),
  (49,1,1,7,'Felder definieren','Values','Im Verzeichnis values sind die PHP-Klassen für die einzelnen Feldtypen abgelegt, z.B. Textarea, Selectfeld, etc. Wenn Du ein ganz individuelles Feld benötigst, kannst Du eine Datei mit der ähnlichsten Felddefinition kopieren und diese Klasse nach Umbenennung für ein eigenes Feld nutzen.','shadow','brown','Felder überprüfen','Validates','Das Verzeichnis validate enthält – wie der Name schon sagt – Klassen zur Überprüfung von Feldeingaben. Zum Beispiel: Ein Feld darf nicht leer sein, die Mailadresse ist nicht valide, die PLZ muss fünf Ziffern haben, ein eingebener Name ist schon der Datenbank vorhanden, etc.','shadow','green','Aktionen nach dem Versand','Actions','Die im Verzeichnis actions versammelten Dateien können verschiedenste Aktionen nach dem Abschicken des Formulars ausführen: einen Bestätigungstext anzeigen, Datenbanken anlegen, Daten speichern, SQL-Befehle ausführen, E-Mails versenden, Werte verschlüsseln u.v.m.','shadow','yellow','','','','3','','','','','','','','','','','','','','','','','','','','','','','','','','','','','','','','','','','','','','','','','',7,5,'2016-05-21 07:23:28','2016-06-03 14:48:33','admin','admin',0),
  (50,1,1,8,'Objparams','Formular-Templates und andere Parameter','h2','','top','c','','','','','','','','','','','','','','','','','','','','','','','','','','','','','','','','','','','','','','','','','','','','','','','','','','','','','','',7,2,'2016-05-21 08:46:57','2016-06-02 14:53:04','admin','admin',0),
  (51,1,1,9,'form_skin','Templates','Zu fast jeder Value-Datei existiert eine korrespondierende Template-Datei, die das HTML-Markup für das Formularfeld enthält. Durch diese Trennung von Verarbeitungslogik und HTML-Output kann man \"Themes\" für YForm nutzen und auch eigene erstellen.\r\n\r\nYForm kommt mit einem Default-Skin und einem Bootstrap-Skin, wobei letzteres gleich das von Bootstrap benötige Markup ausliefert. Möchte man das Bootstrap-Skin für ein Formular nutzen, kann man dieses so zuweisen:\r\n````\r\nobjparams|form_skin|bootstrap\r\n\r\n```\r\n\r\nWenn man sich die Ordnerstruktur ansieht, so erkennt man, dass man Yform flexibel selbst erweitern kann: Man legt einen eigenen Theme-Ordner an und erstellt für die gewünschten Felder eigene Template-Dateien an. Bei allen Feldern, die keine eigene Template-Datei bekommen, wird das Template des Default-Themes (classic) verwendet.','shadow','purple','form_id, form_wrap_class','Klassen, IDs und mehr','Außer der Möglichkeit, einem Formular ein Theme zuzuweisen, kann man mit den **objparams** noch viele weitere, das ganze Formular betreffende Einstellungen vornehmen. Sie alle folgen dem Schema:\r\n\r\n**objparams|key|newvalue**\r\n\r\nEinige Beispiele:\r\n\r\n```\r\nsubmit_btn_show | default=1 / mit “0” wird der Standard-Submitbutton versteckt, wenn man z.B. eigene Buttons definiert hat\r\n\r\nform_method | default=post, kann auf “get” gesetzt werden\r\n\r\nform_anchor | default=\"\" / man kann einen Anker in der Formular-Aktion definieren, damit der Browser nach dem Abschicken zur Position des Formulars springt\r\n\r\nform_show | default=1 / Formular anzeigen oder nicht\r\n\r\nreal_field_names | default = 0. Mit dem Wert auf 1 werden exakt die Feldnamen der Formulardefinition im Formular gesetzt\r\n```','shadow','blue','','','','','','','top','','2','','','','','','','','','','','','','','','','','','','','','','','','','','','','','','','','','','','','','','','','','',7,5,'2016-05-21 08:50:11','2016-06-03 14:53:02','admin','admin',0),
  (52,1,1,10,'Eine vollständige Übersicht','Objparams-Referenz','Eine Übersicht der zur Verfügung stehenden Objparams findest Du hier:  \r\n[Wiki des Xform-Repos auf Github](https://github.com/yakamara/redaxo_xform/wiki/10-Formularparameter-(objparams))','shadow','orange','','','','','','','','','','','','bottom','','1','','','','','','','','','','','','','','','','','','','','','','','','','','','','','','','','','','','','','','','','','',7,5,'2016-05-21 11:23:47','2016-06-02 14:57:17','admin','admin',0),
  (53,1,1,4,'','h2','### Zugriffsberechtigung\r\n\r\nDie folgenden Screenshots zeigen die Artikel-basierte Rechteverwaltung. Bei der Installation von ycom werden drei Artikel-Metafelder angelegt, die im Prinzip selbsterklärend sind:\r\n\r\n---\r\n\r\n***Zugriffsrechte***\r\n- aus übergeordneter Kategorie übernehmen, ansonsten Zugriff für alle User\r\n- Zugriff für eingeloggte User\r\n- Zugriff für alle nicht eingeloggten User\r\n- Zugriff für alle User\r\n\r\n---\r\n\r\n***Gruppenrechte***\r\n- Für alle, egal welche Gruppe\r\n- Muss in jeder Gruppe sein\r\n- Muss in einer Gruppe sein\r\n- Hat keine Gruppen\r\n\r\n---\r\n\r\n***Gruppen***\r\n- Gruppe A\r\n- Gruppe B','','','','','','','','','','','','','','','','','','','','','','','','','','','','','','','','','','','','','','','','','','','','','','','','','','','','','','','','','',3,3,'2016-05-21 23:38:12','2016-06-02 17:29:55','admin','admin',0),
  (54,1,1,3,'Hinweis','Navigationen mit der rex_ycom_navigation::factory()','Natürlich muss auch die Navigation die Userberechtigungen berücksichtigten, damit keine Seiten in der Navigation auftauchen, für die man kein Rechte besitzt.\r\n\r\nHierfür nutzt man anstelle der Klasse **rex_navigation::factory** lediglich die Klasse **rex_ycom_navigation::factory()**. Die Navigation der Seitenspalte in dieser Demo wurde so realisiert.\r\n\r\nAlternativ kann man bei selbst programmierten Navigationen die Rechtedefinition jedes Artikels prüfen mit **rex_ycom_auth::checkPerm()**. Dieser Weg wurde in der Demo gewählt für die Hauptnavigation:\r\n**if (rex_ycom_auth::checkPerm($mein_artikel_objekt))**','','green','','','','','','','','','','','','','','1','','','','','','','','','','','','','','','','','','','','','','','','','','','','','','','','','','','','','','','','','',3,5,'2016-05-21 23:41:02','2016-06-02 17:28:51','admin','admin',0),
  (55,1,1,3,'6','70','','','','','','','','','','','','','','','','','','','','','','','','','','','','','','','','','','','','','','','','','','','','','','','','','','','','','','','','','','',21,4,'2016-05-22 18:23:53','2016-05-25 11:50:09','admin','admin',0),
  (56,1,1,6,'Kommentarfunktion','h2','Für diesen Artikel wurde die Kommentarfunktion aktiviert, dafür gibt es ein entsprechendes Metadaten-Feld. In der Demo steht die Kommentarfunktion nur eingeloggten Mitgliedern zur Verfügung.','','','','','','','','','','','','','','','top','mtb','','','','','','','','','','','','','','','','','','','','','','','','','','','','','','','','','','','','','','','','','',3,3,'2016-05-22 23:09:39','2016-05-23 07:27:45','admin','admin',0),
  (57,1,1,3,'big-shadow','','','','','','','','','','','','','','','','','','','','screen_gruppe_a.png','','','','','','','','','','','','','','','','','','','','','','','','','','','','','','','','','','','','','','','',10,13,'2016-05-23 07:38:20','2016-05-25 13:26:38','admin','admin',0),
  (58,1,1,3,'big-shadow','','','','','','','','','','','','','','','','','','','','screen_alle.png','','','','','','','','','','','','','','','','','','','','','','','','','','','','','','','','','','','','','','','',9,13,'2016-05-23 07:38:48','2016-05-25 13:24:04','admin','admin',0),
  (59,1,1,1,'Kontakt','h2','**Demo:**  \r\nPeter Bickel ([Polarpixel](http://polarpixel.de))\r\n\r\nDie Demo darf frei für eigene Projekte verwendet werden.\r\n\r\n**Bugs zur Demo**  \r\nbitte direkt in Github melden:  \r\nhttps://github.com/FriendsOfREDAXO/demo_community\r\n\r\n**Vielen Dank an:**  \r\nJan Kristinus, Thomas Blum, Gregor Harlan, Markus Staab, Oliver Kreischer, Thomas Kaegi, Dirk Schürjohan\r\n\r\n**Fotos:**  \r\n[Unsplash](https://unsplash.com/)','','','','','','','','','','','','','center','vd','bottom','mb','','','','','','','','','','','','','','','','','','','','','','','','','','','','','','','','','','','','','','','','','',21,3,'2016-05-25 11:59:54','2016-06-02 22:04:42','admin','admin',0),
  (60,1,1,4,'REDAXO auf sozialen Netzwerken','https://twitter.com/redaxo','https://www.facebook.com/REDAXO/','','','','','','','','','','','','','','','','','','','','','','','','','','','','','','','','','','','','','','','','','','','','','','','','','','','','','','','','','',21,14,'2016-05-25 12:16:01','2016-05-26 21:06:53','admin','admin',0),
  (61,1,1,2,'','h2','Bei einem Zugriff für Gruppe A werden die Rechte so eingestellt:\r\n\r\n- Zugriff für eingeloggte User\r\n- Muss in einer Gruppe sein\r\n- Gruppe A','','','','','','','','','','','','','','','','mb','','','','','','','','','','','','','','','','','','','','','','','','','','','','','','','','','','','','','','','','','',10,3,'2016-05-25 13:25:30','2016-05-25 23:18:13','admin','admin',0),
  (62,1,1,2,'','h2','Bei einem Zugriff für Gruppe B werden die Rechte so eingestellt:\r\n\r\n- Zugriff für eingeloggte User\r\n- Muss in einer Gruppe sein\r\n- Gruppe B','','','','','','','','','','','','','','','','mb','','','','','','','','','','','','','','','','','','','','','','','','','','','','','','','','','','','','','','','','','',11,3,'2016-05-25 13:26:01','2016-05-25 23:33:09','admin','admin',0),
  (63,1,1,3,'big-shadow','','','','','','','','','','','','','','','','','','','','screen_gruppe_b.png','','','','','','','','','','','','','','','','','','','','','','','','','','','','','','','','','','','','','','','',11,13,'2016-05-25 13:26:18','2016-05-25 13:26:18','admin','admin',0),
  (64,1,1,3,'Was zeigt diese Demo?','Komponenten der Community-Demo','','','','','','','','','','','','','','','','','','','smartphone.jpg','','','','','','','','','','','','','','','','','','','','','','','','','','','','','','','','','','','','','','','',2,12,'2016-05-25 20:38:31','2016-05-28 20:46:36','admin','admin',0),
  (65,1,2,1,'','','text|email|Ihre E-Mail-Adresse|\r\n\r\ncaptcha|Bitte Sicherheitscode eingeben. Wenn Du den Code nicht lesen kannst, bitte auf die Grafik klicken, um einen neuen Code zu generieren.|Du hast den Sicherheitscode falsch eingegeben.\r\n\r\nvalidate|empty|email|Bitte E-Mail eingeben\r\nvalidate|existintable|email|rex_ycom_user|email|Diese E-Mail-Adresse ist nicht bei uns registriert.\r\n\r\nsubmit|submit|Absenden|no_db|submit btn\r\n\r\naction|readtable|rex_ycom_user|email|email\r\naction|tpl2email|request_password_de|email','','','<div class=\"alert alert-success alert-with-icon\" data-notify=\"container\">\r\n            <div class=\"container\">\r\n                <div class=\"alert-wrapper\">\r\n                    <i class=\"alert-icon ti-check\"></i>\r\n                    <div class=\"message\">Alles klar: Du erhältst nun eine E-Mail, mit der Du das Passwort zurücksetzen kannst.</div>\r\n                </div>\r\n            </div>\r\n        </div>','0','','','','1','','','','','','','','','','','','','','','','','','','','','','','','','','','','','','','','','','','','','','','','','','','','','','','','','',18,1,'2016-05-25 21:56:28','2016-06-04 00:49:12','admin','admin',0),
  (66,1,1,1,'Headline','h2','Hier noch eine Erklärung des Ganzen: Curabitur maximus justo a elit gravida, id varius elit elementum. Vestibulum aliquam nec felis sed gravida. Phasellus eget risus a ligula euismod tristique. Proin tempor leo risus, quis tempus enim mattis tincidunt.\r\n\r\nNulla ut aliquet metus, eu vestibulum felis. Praesent vulputate nulla ut euismod hendrerit. Mauris vel turpis id quam tempus venenatis. Phasellus malesuada massa aliquet fringilla tincidunt. Maecenas turpis odio, varius id tortor sit amet, facilisis gravida massa. Duis vel dignissim sapien. Nunc et sapien justo. In facilisis a turpis ac egestas. Pellentesque imperdiet ac leo consequat maximus.','','','','','','','','','','','','','','','','','','','','','','','','','','','','','','','','','','','','','','','','','','','','','','','','','','','','','','','','','',18,3,'2016-05-25 21:57:17','2016-05-25 21:57:17','admin','admin',0),
  (67,1,1,1,'YCom','Geschützter Login und Community-Funktionen','h1','','','','','','','','','','','','','','','','','','','','','','','','','','','','','','','','','','','','','','','','','','','','','','','','','','','','','','','','','',8,2,'2016-05-25 23:35:10','2016-06-03 09:30:48','admin','admin',0),
  (68,1,1,2,'','h2','Das AddOn YCom bringt derzeit zwei Plugins mit: **group** zur Verwaltung von Usergruppen und **auth** zur Authentifizierung bei Login-Vorgängen oder anderen Anmeldeaktionen. Weitere Plugins wie z.B. Kommentarfunktion oder Newsletter werden folgen.','','','','','','','','','','','','','','vd','bottom','','','','','','','','','','','','','','','','','','','','','','','','','','','','','','','','','','','','','','','','','','',8,3,'2016-05-25 23:39:22','2016-06-03 09:31:06','admin','admin',0),
  (70,1,1,4,'','h2','Um die im auth-Plugin eingebaute Authentifizierung bei einem eigenen Projekt nutzen zu können, musst Du zunächst ein paar Einstellungen vornehmen.\r\n\r\nAls Erstes muss natürlich ein Häkchen bei **Authentifizierung aktiviert** gesetzt werden.\r\nAußerdem musst Du DIch entscheiden, welches Feld der User-Tabelle als Loginname genutzt wird. Es steht jedes Feld zur Auswahl, aber man wird im Normalfall das Feld ***Login*** oder – wie hier in der Demo – ***E-Mail*** wählen. Da dieser Loginname natürlich nicht doppelt vorkommen darf, sollte bei der Registrierung durch die Validierungsfunktion **validate|unique** überprüft werden, ob der Loginname schon vorhanden ist.\r\n\r\n---\r\n\r\nWeiterhin muss am Anfang des Templates diese Zeile stehen:\r\n```\r\n$ycom_user = rex_ycom_auth::getUser();\r\n```\r\n\r\nSodann kann man prüfen, ob ein User angelegt ist, und könnte – als simples Beispiel – im positiven Fall seinen Namen anzeigen:\r\n```\r\n\r\nif ($ycom_user) {\r\n\r\n	// Benutzter besitzt die nötige Berechtigung\r\n	echo \'Hallo, \'.rex_ycom_auth::getUser()->getValue(\'name\');\r\n\r\n} else {\r\n\r\n	// Benutzter besitzt die nötige Berechtigung nicht\r\n	echo \'Bitte erst einloggen\';\r\n\r\n}\r\n>\r\n```','','','','','','','','','','','','','','vd','','mb','','','','','','','','','','','','','','','','','','','','','','','','','','','','','','','','','','','','','','','','','',8,3,'2016-05-25 23:44:16','2016-06-03 13:38:54','admin','admin',0),
  (71,1,1,3,'Admin-Hinweis','Profildaten ändern','Dieser Formularparameter bewirkt, dass das Formular nach dem Abschicken weiterhin sichtbar ist:\r\n```\r\nobjparams|form_showformafterupdate|1\r\n```\r\n\r\nSehr bequem: Das folgende Value lädt den Datensatz des aktuellen Users. Es ist die Voraussetzung dafür, nachfolgend Felder mit den aktuellen Feldinhalten laden zu können. Der letzte Parameter definiert, welche Felder dieses Eintrags benötigt werden.\r\n```\r\nycom_auth_load_user|userinfo|email,firstname,name,slogan,ycom_groups,pic\r\n```\r\n\r\nDas Value **showvalue** zeigt das Feld **email** des aktuellen Users lediglich an, so dass es nicht verändert werden kann. Es soll nicht verändert werden können, da es als Login-Name fungiert.\r\n```\r\nshowvalue|email|E-Mail / Login:\r\n```\r\n\r\nEs werden die Felder Vorname und Nachname geladen. Eine Validierung verhindert jeweils, dass kein Name angegeben wird.\r\n```\r\ntext|firstname|Vorname:\r\nvalidate|empty|firstname|Bitte gib Deinen Vornamen ein.\r\ntext|name|Nachname:\r\nvalidate|empty|name|Bitte gib Deinen Nachnamen ein.\r\n```\r\n\r\nDas **html**-Value dient lediglich dazu, HTML-Fragmente im Formular ausgehen zu können, hier eine Trennlinie.\r\n```\r\nhtml||<hr>\r\n```\r\n\r\nMit **checkbox_sql** sowie **select_sql** kann man Checkboxen und Selectfelder dynamisch füllen – hier gespeist aus der Tabelle der Usergruppen\r\n```\r\nhtml|required|Bitte Gruppe wählen:\r\ncheckbox_sql|ycom_groups|Gruppe|select id, name from rex_ycom_group order by prio|\r\n```\r\n\r\nDas Uploadfeld **mediafile** hat etliche Parameter: maximale Dateigröße, Dateityp, diverse Fehlerfeldungen, Medien-Kategorie, in die der Upload gespeichert wird\r\n```\r\nmediafile|pic|Profilfoto|1000|.jpg,.png||min_err,max_err,type_err,empty_err||3|\r\n````\r\n\r\nDie Aktion **showtext** zeigt die angegebene Erfolgsmeldung nach dem Abschicken an. Der letzte Parameter steuert die Formatierung: *0/1/2 = plaintext/html/textile*\r\n```\r\naction|showtext|<div class=\"alert alert-success\">Profildaten wurden aktualisiert</div>|||1\r\n````\r\n\r\nDie Aktion **ycom_auth_db** schließlich speichert die aktuellen Userdaten.\r\n```\r\naction|ycom_auth_db\r\n```\r\n\r\nAber auch ein Lösch- oder Logout-Vorgang steht zur Verfügung: *update(default)/delete/logout*','','purple','','','','','','','','','','','','','1','1','','','','','','','','','','','','','','','','','','','','','','','','','','','','','','','','','','','','','','','','','',12,5,'2016-05-26 21:21:07','2016-06-02 17:41:25','admin','admin',0),
  (72,1,1,4,'','h2','Folgende Funktionen sind in der Demo enthalten:\r\n\r\n## Registrierung\r\n\r\n- User können sich registrieren  (Double-Opt-In)\r\n- Der Admin schaltet den User frei\r\n- User können Gruppen zugewiesen werden. Diese Gruppen dienen zur Steuerung der Zugriffsrechte bei Kategorien. Auch bei künftigen Community-Erweiterungen wie z.B. einem Newsletter kommen diese Gruppen zum Einsatz\r\n- Passwort vergessen-Funktion\r\n\r\n## Loginbereich\r\n\r\n- Authentifizierung mit Loginname oder E-Mail und verschlüsseltem Passwort\r\n- Rechte für Seiten und Kategorien können (auch rekursiv vererbend) definiert werden\r\n- Jeder User kann seine Profildaten verändern\r\n- einfache Beispiele für die Anzeige der neuesten User und eine Kommentarfunktion','','','','','','','','','','','','','','vd','','mt','','','','','','','','','','','','','','','','','','','','','','','','','','','','','','','','','','','','','','','','','',2,3,'2016-05-27 16:29:32','2016-06-02 12:51:43','admin','admin',0),
  (73,1,2,1,'1','','hidden|status|0\r\nobjparams|submit_btn_show|0\r\nobjparams|send|1\r\n\r\nvalidate|ycom_auth_login|activation_key=activation_key,email=email|status=-1|Die Registrierung konnte nicht bestätigt werden. Wurde sie vielleicht schon bestätigt?|id,status,activation_key,email\r\n\r\naction|ycom_auth_db|update\r\n\r\naction|tpl2email|access_admin_confirm_de|deine_eigene_admin_email_eintragen.de|\r\n\r\naction|html|<div class=\"alert alert-success alert-dismissible\" role=\"alert\"><h2>Vielen Dank!</h2><p>Deine E-Mail wurde bestätigt. Nach Freischaltung durch den Admin kannst Du Dich einloggen. Du erhältst dann eine Nachricht.</p></div>','','','','0','','','','','','','','','','','','','','','','','','','','','','','','','','','','','','','','','','','','','','','','','','','','','','','','','','','','','',16,1,'2016-05-27 22:39:28','2016-05-30 13:49:30','admin','admin',0),
  (74,1,1,1,'Hinweis','h3','Der Userstatus wurde nun auf ***0*** (angefragt) gesetzt und muss noch durch den Admin bestätigt werden. Ist dieser Schritt unnötig und der registrierte User soll sich sofort einloggen können, dann kann der Status in dieser YForm-Aktion auch direkt auf ***1*** gesetzt werden:\r\n````\r\nhidden|status|1\r\n```','','','','','','','','','','','','','','','','','','','','','','','','','','','','','','','','','','','','','','','','','','','','','','','','','','','','','','','','','',16,3,'2016-05-27 22:44:20','2016-06-02 16:59:48','admin','admin',0),
  (75,1,1,2,'Weitere Admin-Infos','So ist das Formular aufgebaut','```mit-Buton \r\nhidden|status|0\r\n````\r\nDer Status wird mit einem Hidden Field auf 0 gesetzt.\r\n\r\n```\r\nobjparams|submit_btn_show|0\r\n````\r\nDer normalerweise immer automatisch vorhandene Submit-Button wird nicht gezeigt.\r\n\r\n```\r\nobjparams|send|1\r\n````\r\nDa kein Submit-Button vorhanden ist, und das Formular bereits beim Laden der Seite abgeschickt werden soll, wird der Parameter **send** auf 1 (verschicken) gesetzt.\r\n\r\n```\r\nvalidate|ycom_auth_login|activation_key=activation_key,email=email|status=-1|Die Registrierung konnte nicht bestätigt werden. Wurde sie vielleicht schon bestätigt?|status,activation_key,email\r\n````\r\nMit der Validierung **ycom_auth_login** wird geprüft, ob es einen Datensatz gibt, dessen Activation-Key und E-Mail mit den Parametern in der URL übereinstimmt und dessen Status **-1** ist. Danach kann man eine Fehlermeldung definieren, wenn diese Bedingung nicht zutrifft. Zuletzt kann man die Felder definieren, die im Falle einer Übereinstimmung geladen werden sollen, um sie weiter zu verarbeiten (in der nächsten E-Mail).\r\n\r\n```\r\naction|ycom_auth_db|update\r\n```\r\nDer aktuell ausgewählte Datensatz in der Usertabelle wird mittels einer Aktion aktualisiert.\r\n\r\n```\r\naction|tpl2email|access_admin_confirm_de|admin@deine-website.de|\r\n```\r\nAls weitere Aktion **tpl2email** wird eine E-Mail verschickt; als Yform-Mailtempalte wird das mit dem Namenssschlüssel **access_admin_confirm_de** verwendet. Die Mail wird verschickt an **admin@deine-website.de** (hier musst Du Deine eigene Admin-Adresse eintragen).\r\n\r\n```\r\naction|html|<div class=\"alert alert-success alert-dismissible\" role=\"alert\"><h2>Vielen Dank!</h2><p>Deine E-Mail wurde bestätigt. Nach Freischaltung durch den Admin kannst Du Dich einloggen. Du erhältst dann eine Nachricht.</p></div>\r\n````\r\nAls letzte Aktion wird eine Erfolgsmeldung in HTML angezeigt.','','','','','','','','','','','','','','','1','','','','','','','','','','','','','','','','','','','','','','','','','','','','','','','','','','','','','','','','','','',16,8,'2016-05-28 10:48:23','2016-06-02 16:13:06','admin','admin',0),
  (76,1,2,1,'','','objparams|send|1\r\nhidden|status|1\r\n\r\nvalidate|ycom_auth_login|activation_key=activation_key,email=email||Der User konnte nicht freigeschaltet werden|firstname,name,email,activation_key\r\n\r\nobjparams|submit_btn_show|0\r\n\r\naction|ycom_auth_db|update\r\naction|ycom_auth_db|logout\r\n\r\naction|tpl2email|access_confirmation_de|email\r\n\r\naction|html|<div class=\"alert alert-success alert-dismissible\" role=\"alert\"><h2>OK!</h2><p>Der User wurde freigeschaltet, und es wurde eine Bestätigungsmail an ihn verschickt.</p></div>','','','','0','','','','','','','','','','','','','','','','','','','','','','','','','','','','','','','','','','','','','','','','','','','','','','','','','','','','','',17,1,'2016-05-28 11:28:18','2016-05-30 12:51:23','admin','admin',0),
  (77,1,1,1,'Freischalt-Seite für den Admin','h2','Diese Seite ist nur für den Admin bestimmt zur Freischaltung des Users.\r\nDie Freischaltung erfolgt nur, wenn die Kombination aus Activation-Key und Mail-Adresse stimmt.\r\n\r\n---\r\n\r\nDer Userstatus wurde nun auf ***1*** (aktiv) gesetzt.\r\nAußerdem wurde dem User ein Link geschickt zur Login-Seite.','','','','','','','','','','','','','','','','mb','','','','','','','','','','','','','','','','','','','','','','','','','','','','','','','','','','','','','','','','','',17,3,'2016-05-28 11:29:11','2016-05-30 11:43:34','admin','admin',0),
  (78,1,1,6,'Ein paar Hinweise','zum Erkunden der Demo','','','','','','','','','','','','','','','','','','','boot.jpg','','','','','','','','','','','','','','','','','','','','','','','','','','','','','','','','','','','','','','','',2,12,'2016-05-28 20:24:40','2016-05-28 20:45:43','admin','admin',0),
  (79,1,1,6,'','h2','Das Group-Plugin ermöglicht es, Gruppen anzulegen und die User diesen Gruppen zuzuordnen. Bei der Installation fügt das Plugin werden den Artikeln drei Metafelder hinzu. Mit diesen Feldern kannst Du für jeden Artikel einstellen, welche Gruppen die Berechtigung dafür haben. Bei der Rechte-Zuweisung kann man auch für mehrere Kategorien rekursiv ihre Rechte definieren und bei mehreren Gruppen mit und/oder-Logik verknüpfen.\r\n\r\nWenn ein User einen Artikel aufruft, für den er keine Rechte hat, wird er zu einer anderen Seite weitergeleitet. Welche das ist, kann man in den Einstellungen des auth-Plugins – das für die Authentifizierung zuständig ist – definieren, siehe unten.','','','','','','','','','','','','','','vd','','mt','','','','','','','','','','','','','','','','','','','','','','','','','','','','','','','','','','','','','','','','','',8,3,'2016-05-28 23:42:41','2016-06-03 13:41:43','admin','admin',0),
  (80,1,1,2,'Mehr Infos für den Admin','Die Yform-Definition','Die Yform-Angaben sind nahezu identisch wie im vorhergehenden Schritt.\r\nNur wird nun der Status auf **1** gesetzt:\r\n```\r\nhidden|status|1\r\n```\r\n\r\nZusätzlich zur Aktualisierung des Datensatzes wird allerdings noch eine weitere Aktion ausgeführt:\r\n```\r\naction|ycom_auth_db|update\r\naction|ycom_auth_db|logout\r\n```\r\nDa die Validierung **ycom_auth_login** nicht nur prüft, sondern auch einen Login ausführt, muss  am Ende ein Logout ausgelöst werden. Denn hier loggt sich ja der Admin ein; er sollte wieder ausgeloggt sein, bevor der User seine Login-Seite aufruft.','','','','','','','','','','','','','','','','','','','','','','','','','','','','','','','','','','','','','','','','','','','','','','','','','','','','','','','','','',17,8,'2016-05-29 01:18:18','2016-06-02 17:01:33','admin','admin',0),
  (81,1,1,5,'Gruppen','Basis der Rechteverwaltung','','','','','','','','','','','','','','','','','','','gruppe_fluss.jpg','','','','','','','','','','','','','','','','','','','','','','','','','','','','','','','','','','','','','','','',8,12,'2016-05-29 01:30:16','2016-05-29 22:59:05','admin','admin',0),
  (82,1,1,3,'Prinzip der Authentifizierung','','h2','','','','','','','','','','','','','','','','','','','','','','','','','','','','','','','','','','','','','','','','','','','','','','','','','','','','','','','','','',8,2,'2016-05-29 11:02:06','2016-05-29 11:02:06','admin','admin',0),
  (83,1,1,9,'E-Mailversand','Flexibel durch E-Mail-Templates','','','','','','','','','','','','','','','','','','','mailbox.jpg','','','','','','','','','','','','','','','','','','','','','','','','','','','','','','','','','','','','','','','',8,12,'2016-05-29 12:01:38','2016-05-29 12:01:38','admin','admin',0),
  (84,1,1,10,'','h2','Soll ein YForm-Formular nach dem Abschicken eine E-Mail verschicken, so liegt es nahe, die vordefinierte Aktion zu verwenden, die man am Ende des Moduls findet. Mehr Optionen bieten allerdings die YForm-Email-Templates. Dazu kann man mit der Aktion **tpl2email** ein E-Mail-Template aufrufen (Der Name des E-Mail-Templates muss beim Anlegen des Templates genau so als Key definiert werden):\r\n```\r\naction|tpl2email|name_des_email_templates|email_adresse_im_formular|\r\n```\r\nAuch ein Labeltext ist möglich, der (samt Zeilenumbruch) nur angezeigt wird, wenn das Feld auch ausgefüllt wurde:\r\n```\r\nREX_YFORM_DATA[field=\"name\" prefix=\"\\nMein Name:\" suffix=\"\"]\r\n```\r\n\r\nDie in den Formularfeldern eingegebenen Daten kann man so in den E-Mail-Text integrieren:\r\n```\r\nREX_YFORM_DATA[field=\"vorname\"]\r\n```\r\n\r\n---\r\n\r\nBei E-Mail-Templates kannst Du außerdem:\r\n- eine HTML- und eine Text-Version hinterlegen\r\n- Dateien aus dem Medienpool anhängen\r\n- PHP nutzen und so Konditionen für die Einbindung bestimmter Felder definieren','','','','','','','','','','','','','','vd','','mt','','','','','','','','','','','','','','','','','','','','','','','','','','','','','','','','','','','','','','','','','',8,3,'2016-05-29 12:01:56','2016-06-03 14:21:23','admin','admin',0),
  (85,1,1,8,'','h2','In vielen anderen CMS ist die Struktur eines Loginbereichs fest vorgegeben. Das erleichtert natürlich zunächst die Arbeit für den Admin, macht den Loginbereich aber bis zu einem gewissen Grad unflexibel. Im YCom-AddOn muss man dagegen zentrale Seiten des Login-Vorgangs zunächst manuell \"verdrahten\", was dem Admin aber die Freiheit gibt, einen geschützten Bereich nahezu so aufzubauen, wie er sich das vorstellt oder das Projekt es erfordert.\r\n\r\nFolgende Weiterleitungen gilt es zu definieren:\r\n\r\n- ***wenn erfolgreich eingeloggt:***  \r\nDiese Seite sollte den User in seinem Loginbereich empfangen. Für die Demo wurde dazu der Startartikel **Loginbereich** gewählt\r\n- ***wenn nicht erfolgreich eingeloggt:***  \r\nZu dieser Seite gelangt man, wenn der Loginversuch nicht gelingt. Im Normalfall möchte man, dass die Seite **Login** einfach erneut angezeigt wird.\r\n- ***nach dem Ausloggen:***  \r\nIn der Demo gibt es eine eigens erstellte Seite **Logged Out**, zu der man beim Logout geleitet wird. Dort kann man den User verabschieden und ihm einen Link zum erneuten Login anbieten.\r\n- ***wenn auf einen gesperrten Artikel zugriffen wird:***  \r\nWenn der User eine URL aufruft, die er nur eingeloggt sehen darf, so wird er zu der Seite **Loginbereich** geleitet, um sich einloggen zu können.\r\nSofern er bereits eingeloggt ist und eine Seite aufruft, für die die ihm zugewiesene Gruppe keine Rechte besitzt, so erfolgt eine erneute Weiterleitung zu der Seite, die man bei **wenn erfolgreich eingeloggt:** definiert hat.','','','','','','','','','','','','','','vd','','mb','','','','','','','','','','','','','','','','','','','','','','','','','','','','','','','','','','','','','','','','','',8,3,'2016-05-29 12:15:30','2016-06-03 13:57:30','admin','admin',0),
  (86,1,1,7,'Weiterleitungen','','h2','bottom','','','indent','','','','','','','','','','','','','','','','','','','','','','','','','','','','','','','','','','','','','','','','','','','','','','','','','','','','','',8,2,'2016-05-29 12:15:38','2016-05-29 22:59:24','admin','admin',0),
  (87,1,1,2,'shadow','','','','','','','','','','','','','','','','','','','','kuss.jpg','','','','','','','','','','','','','','','','','','','','','','','','','','','','','','','','','','','','','','','',20,13,'2016-05-29 19:58:14','2016-05-29 21:18:36','admin','admin',0),
  (88,1,1,3,'','h2','Schön, dass Du da warst.\r\nKomm bald wieder!','','','','','','','','','','','','','','','bottom','','','','','','','','','','','','','','','','','','','','','','','','','','','','','','','','','','','','','','','','','','',20,3,'2016-05-29 19:58:40','2016-05-29 21:19:16','admin','admin',0),
  (89,1,1,2,'','h2','Dieses Modul liest die über das Geo-Plugin gesetzten Markerpunkte aus. Der Name im Infofenster kann optional verlinkt werden.','','','','','','','','','','','','','center','','','','','','','','','','','','','','','','','','','','','','','','','','','','','','','','','','','','','','','','','','','','',21,3,'2016-05-30 00:09:34','2016-05-30 00:09:56','admin','admin',0),
  (90,1,1,5,'Achtung!','Vor der ersten Registrierung E-Mail-Adresse anpassen','Da der Registrierungsprozess über eine Freischaltung durch den Admin läuft, muss zunächst eine eigene E-Mail-Adresse hinterlegt werden. Dazu bitte in REDAXO auf die Seite\r\n````\r\nLogin / Registrierung bestätigen (ID 16)\r\n````\r\ngehen, dann zur Seitenspalte, dann im YForm-Modul folgende Zeile anpassen:\r\n````\r\naction|tpl2email|access_admin_confirm_de|deine_eigene_admin_email_eintragen.de|\r\n```','shadow','orange','','','','','','','','','','','','','','1','','','','','','','','','','','','','','','','','','','','','','','','','','','','','','','','','','','','','','','','','',2,5,'2016-05-30 13:46:39','2016-06-02 14:44:36','admin','admin',0),
  (91,1,1,2,'','Bevor Du testest:','Hast Du schon Deine eigene E-Mail-Adresse als Admin-Adresse eingetragen?\r\n(In REDAXO: Artikel mit der ID 16)','','orange','','','','','','','','','','','','','','1','','','','','','','','','','','','','','','','','','','','','','','','','','','','','','','','','','','','','','','','','',15,5,'2016-06-02 16:17:13','2016-06-02 16:32:44','admin','admin',0);
/*!40000 ALTER TABLE `rex_article_slice` ENABLE KEYS */;
UNLOCK TABLES;

DROP TABLE IF EXISTS `rex_clang`;
CREATE TABLE `rex_clang` (
  `id` int(10) unsigned NOT NULL AUTO_INCREMENT,
  `code` varchar(255) NOT NULL,
  `name` varchar(255) NOT NULL,
  `priority` int(10) unsigned NOT NULL,
  `status` tinyint(1) NOT NULL,
  `revision` int(10) unsigned NOT NULL,
  PRIMARY KEY (`id`)
) ENGINE=InnoDB AUTO_INCREMENT=2 DEFAULT CHARSET=utf8;

LOCK TABLES `rex_clang` WRITE;
/*!40000 ALTER TABLE `rex_clang` DISABLE KEYS */;
INSERT INTO `rex_clang` VALUES 
  (1,'de','deutsch',1,1,0);
/*!40000 ALTER TABLE `rex_clang` ENABLE KEYS */;
UNLOCK TABLES;

DROP TABLE IF EXISTS `rex_config`;
CREATE TABLE `rex_config` (
  `id` int(10) unsigned NOT NULL AUTO_INCREMENT,
  `namespace` varchar(75) NOT NULL,
  `key` varchar(255) NOT NULL,
  `value` text NOT NULL,
  PRIMARY KEY (`id`),
  UNIQUE KEY `unique_key` (`namespace`,`key`)
) ENGINE=InnoDB AUTO_INCREMENT=57 DEFAULT CHARSET=utf8;

LOCK TABLES `rex_config` WRITE;
/*!40000 ALTER TABLE `rex_config` DISABLE KEYS */;
INSERT INTO `rex_config` VALUES 
  (3,'core','version','\"5.1.0\"'),
  (4,'media_manager','jpg_quality','85'),
  (5,'structure','start_article_id','1'),
  (6,'structure','notfound_article_id','22'),
  (7,'structure/content','default_template_id','1'),
  (8,'phpmailer','from','\"from@example.com\"'),
  (9,'phpmailer','fromname','\"Mailer\"'),
  (10,'phpmailer','confirmto','\"\"'),
  (11,'phpmailer','bcc','\"\"'),
  (12,'phpmailer','mailer','\"mail\"'),
  (13,'phpmailer','host','\"localhost\"'),
  (14,'phpmailer','port','25'),
  (15,'phpmailer','charset','\"utf-8\"'),
  (16,'phpmailer','wordwrap','120'),
  (17,'phpmailer','encoding','\"8bit\"'),
  (18,'phpmailer','priority','0'),
  (19,'phpmailer','smtpsecure','\"\"'),
  (20,'phpmailer','smtpauth','false'),
  (21,'phpmailer','username','\"\"'),
  (22,'phpmailer','password','\"\"'),
  (31,'ycom','auth_request_name','\"rex_ycom_auth_name\"'),
  (32,'ycom','auth_request_ref','\"rex_ycom_auth_ref\"'),
  (33,'ycom','auth_request_logout','\"rex_ycom_auth_logout\"'),
  (34,'ycom','auth_request_psw','\"rex_ycom_auth_psw\"'),
  (35,'ycom','auth_request_id','\"rex_ycom_auth_id\"'),
  (36,'ycom','auth_request_stay','\"rex_ycom_auth_stay\"'),
  (37,'ycom','auth_cookie_ttl','\"14\"'),
  (40,'ycom','auth_active','1'),
  (42,'ycom','article_id_jump_not_ok','5'),
  (43,'ycom','article_id_jump_logout','20'),
  (44,'ycom','article_id_jump_denied','3'),
  (45,'ycom','login_field','\"email\"'),
  (48,'core','package-order','[\"be_style\",\"be_style\\/redaxo\",\"users\",\"backup\",\"install\",\"media_manager\",\"mediapool\",\"phpmailer\",\"rex_markitup\",\"structure\",\"metainfo\",\"structure\\/content\",\"ycom\",\"ycom\\/auth\",\"ycom\\/group\",\"yform\",\"yform\\/email\",\"yform\\/geo\",\"yform\\/manager\"]'),
  (51,'ycom','article_id_jump_ok','3'),
  (56,'core','package-config','{\"backup\":{\"install\":true,\"status\":true},\"be_style\":{\"install\":true,\"status\":true,\"plugins\":{\"customizer\":{\"install\":false,\"status\":false},\"redaxo\":{\"install\":true,\"status\":true}}},\"cronjob\":{\"install\":false,\"status\":false,\"plugins\":{\"article_status\":{\"install\":false,\"status\":false},\"optimize_tables\":{\"install\":false,\"status\":false}}},\"install\":{\"install\":true,\"status\":true},\"media_manager\":{\"install\":true,\"status\":true},\"mediapool\":{\"install\":true,\"status\":true},\"metainfo\":{\"install\":true,\"status\":true},\"phpmailer\":{\"install\":true,\"status\":true},\"rex_markitup\":{\"install\":true,\"status\":true},\"structure\":{\"install\":true,\"status\":true,\"plugins\":{\"content\":{\"install\":true,\"status\":true},\"version\":{\"install\":false,\"status\":false}}},\"users\":{\"install\":true,\"status\":true},\"ycom\":{\"install\":true,\"status\":true,\"plugins\":{\"auth\":{\"install\":true,\"status\":true},\"group\":{\"install\":true,\"status\":true}}},\"yform\":{\"install\":true,\"status\":true,\"plugins\":{\"email\":{\"install\":true,\"status\":true},\"geo\":{\"install\":true,\"status\":true},\"manager\":{\"install\":true,\"status\":true}}}}');
/*!40000 ALTER TABLE `rex_config` ENABLE KEYS */;
UNLOCK TABLES;

DROP TABLE IF EXISTS `rex_locations`;
CREATE TABLE `rex_locations` (
  `id` int(11) NOT NULL AUTO_INCREMENT,
  `name` text NOT NULL,
  `address` text NOT NULL,
  `plz` text NOT NULL,
  `lat` text NOT NULL,
  `lng` text NOT NULL,
  `marker` text NOT NULL,
  `link` text NOT NULL,
  `color` text NOT NULL,
  PRIMARY KEY (`id`)
) ENGINE=InnoDB AUTO_INCREMENT=3 DEFAULT CHARSET=utf8;

LOCK TABLES `rex_locations` WRITE;
/*!40000 ALTER TABLE `rex_locations` DISABLE KEYS */;
INSERT INTO `rex_locations` VALUES 
  (1,'Polarpixel','Wöhrendamm 18','22927','53.6651508','10.281909000000041','','http://polarpixel.de','marker_blue'),
  (2,'Yakamara','Kaiserstraße 69','60329','50.1078105','8.66722100000004','','http://www.yakamara.de/','marker_red');
/*!40000 ALTER TABLE `rex_locations` ENABLE KEYS */;
UNLOCK TABLES;

DROP TABLE IF EXISTS `rex_markitup_profiles`;
CREATE TABLE `rex_markitup_profiles` (
  `id` int(11) unsigned NOT NULL AUTO_INCREMENT,
  `name` varchar(30) NOT NULL DEFAULT '',
  `description` varchar(255) NOT NULL DEFAULT '',
  `type` varchar(50) NOT NULL,
  `markitup_buttons` text NOT NULL,
  PRIMARY KEY (`id`)
) ENGINE=InnoDB AUTO_INCREMENT=3 DEFAULT CHARSET=utf8;

LOCK TABLES `rex_markitup_profiles` WRITE;
/*!40000 ALTER TABLE `rex_markitup_profiles` DISABLE KEYS */;
INSERT INTO `rex_markitup_profiles` VALUES 
  (1,'textile_full','Standard MarkItUp-Konfiguration','textile','bold,code,deleted,clips[Snippetname1=Snippettext1|Snippetname2=Snippettext2],heading1,heading2,heading3,heading4,heading5,heading6,image,italic,link[internal|external|mailto],orderedlist,paragraph,quote,sub,sup,table,underline,unorderedlist'),
  (2,'markdown_full','Standard MarkItUp-Konfiguration','markdown','heading1,heading2,heading3,bold,italic,code,quote,orderedlist,unorderedlist,table,image,link[internal|external|mailto]');
/*!40000 ALTER TABLE `rex_markitup_profiles` ENABLE KEYS */;
UNLOCK TABLES;

DROP TABLE IF EXISTS `rex_media`;
CREATE TABLE `rex_media` (
  `id` int(10) unsigned NOT NULL AUTO_INCREMENT,
  `category_id` int(10) unsigned NOT NULL,
  `attributes` text,
  `filetype` varchar(255) DEFAULT NULL,
  `filename` varchar(255) DEFAULT NULL,
  `originalname` varchar(255) DEFAULT NULL,
  `filesize` varchar(255) DEFAULT NULL,
  `width` int(10) unsigned DEFAULT NULL,
  `height` int(10) unsigned DEFAULT NULL,
  `title` varchar(255) DEFAULT NULL,
  `createdate` datetime NOT NULL,
  `updatedate` datetime NOT NULL,
  `createuser` varchar(255) NOT NULL,
  `updateuser` varchar(255) NOT NULL,
  `revision` int(10) unsigned NOT NULL,
  `med_description` text,
  PRIMARY KEY (`id`),
  KEY `category_id` (`category_id`)
) ENGINE=InnoDB AUTO_INCREMENT=30 DEFAULT CHARSET=utf8;

LOCK TABLES `rex_media` WRITE;
/*!40000 ALTER TABLE `rex_media` DISABLE KEYS */;
INSERT INTO `rex_media` VALUES 
  (1,1,'','image/jpeg','code.jpg','code.jpg','84207',1283,855,'Code','2016-05-12 00:21:09','2016-05-12 00:23:16','admin','admin',0,''),
  (2,1,'','image/jpeg','geweih.jpg','geweih.jpg','90297',1272,855,'Geweih','2016-05-12 00:21:09','2016-05-12 00:22:24','admin','admin',0,''),
  (3,1,'','image/jpeg','gipfel.jpg','gipfel.jpg','62961',1285,855,'Gipfel','2016-05-12 00:21:10','2016-05-12 00:23:59','admin','admin',0,''),
  (4,1,'','image/jpeg','himmel.jpg','himmel.jpg','256704',1283,855,'Himmel','2016-05-12 00:21:10','2016-05-12 00:23:42','admin','admin',0,''),
  (5,1,'','image/jpeg','kuss.jpg','kuss.jpg','181133',1700,855,'Kuss','2016-05-12 00:21:10','2016-05-28 17:01:37','admin','admin',0,''),
  (6,1,'','image/jpeg','nebelwald.jpg','nebelwald.jpg','78510',1452,855,'Nebelwald','2016-05-12 00:21:10','2016-05-12 00:22:38','admin','admin',0,''),
  (7,1,'','image/jpeg','steg.jpg','steg.jpg','132743',1291,855,'Steg','2016-05-12 00:21:10','2016-05-12 00:22:49','admin','admin',0,''),
  (8,1,'','image/jpeg','surfen.jpg','surfen.jpg','175656',1140,855,'Surfen','2016-05-12 00:21:10','2016-05-12 00:23:04','admin','admin',0,''),
  (9,1,'','image/jpeg','welle.jpg','welle.jpg','180881',1520,855,'Welle','2016-05-12 00:21:10','2016-05-12 00:21:28','admin','admin',0,''),
  (10,2,'','image/png','rechte1.png','rechte1.png','32382',836,352,'Rechte Screen 1','2016-05-12 09:57:36','2016-05-12 09:59:36','admin','admin',0,''),
  (11,2,'','image/png','rechte2.png','rechte2.png','53813',836,356,'Rechte Screen 1','2016-05-12 09:57:37','2016-05-12 09:59:45','admin','admin',0,''),
  (12,2,'','image/png','rechte3.png','rechte3.png','45855',834,352,'Rechte Screen 3','2016-05-12 09:57:37','2016-05-12 09:59:55','admin','admin',0,''),
  (13,2,'','image/png','screen_alle.png','screen_alle.png','32425',840,354,'Alle Gruppen','2016-05-12 09:57:37','2016-05-12 09:57:58','admin','admin',0,''),
  (14,2,'','image/png','screen_gruppe_a.png','screen_gruppe_a.png','31828',827,352,'Gruppe A','2016-05-12 09:57:37','2016-05-12 09:58:11','admin','admin',0,''),
  (15,2,'','image/png','screen_gruppe_b.png','screen_gruppe_b.png','31777',826,353,'Gruppe B','2016-05-12 09:57:37','2016-05-12 09:58:25','admin','admin',0,''),
  (16,2,'','image/jpeg','yform_beispiel.jpg','yform_beispiel.jpg','89595',760,918,'Yform Beispiel','2016-05-12 09:57:37','2016-05-12 09:58:53','admin','admin',0,''),
  (17,2,'','image/jpeg','yform_struktur.jpg','yform_struktur.jpg','184803',1283,883,'Yform Struktur','2016-05-12 09:57:37','2016-05-12 09:58:38','admin','admin',0,''),
  (18,2,'','image/jpeg','yform_values.jpg','yform_values.jpg','131998',758,1012,'Yform Values','2016-05-12 09:57:37','2016-05-12 09:59:17','admin','admin',0,''),
  (19,3,'','image/png','profile_default.png','profile_default.png','2260',80,80,'Standard-Profilbild','2016-05-14 01:00:19','2016-05-14 01:07:01','admin','admin',0,''),
  (20,3,'','image/jpeg','profile_pic1.jpg','profile_pic1.jpg','14058',0,0,'','0000-00-00 00:00:00','0000-00-00 00:00:00','yform::mediafile','yform::mediafile',0,''),
  (21,3,'','image/jpeg','profile_pic2.jpg','profile_pic2.jpg','10368',0,0,'','0000-00-00 00:00:00','0000-00-00 00:00:00','yform::mediafile','yform::mediafile',0,''),
  (22,2,'','image/jpeg','yform_actions.jpg','yform_actions.jpg','151877',866,995,'Yform Actions','2016-05-20 21:09:00','2016-05-20 21:09:00','admin','admin',0,''),
  (23,1,'','image/jpeg','smartphone.jpg','smartphone.jpg','23090',1600,1067,'Smartphone','2016-05-25 20:38:28','2016-05-25 20:38:28','admin','admin',0,''),
  (24,3,'','image/jpeg','profile_pic3.jpg','profile_pic3.jpg','30939',0,0,'','0000-00-00 00:00:00','0000-00-00 00:00:00','yform::mediafile','yform::mediafile',0,''),
  (25,1,'','image/jpeg','boot.jpg','boot.jpg','47284',1600,768,'Boot','2016-05-28 20:24:33','2016-05-28 20:28:27','admin','admin',0,''),
  (26,1,'','image/jpeg','hipster.jpg','hipster.jpg','217308',1600,1067,'Hipster','2016-05-29 01:19:42','2016-05-29 11:58:15','admin','admin',0,''),
  (27,1,'','image/jpeg','haende.jpg','haende.jpg','43052',1600,1066,'Hände','2016-05-29 01:21:48','2016-05-29 01:26:53','admin','admin',0,''),
  (28,1,'','image/jpeg','gruppe_fluss.jpg','gruppe_fluss.jpg','44807',1600,681,'Gruppe am Fluss','2016-05-29 01:30:11','2016-05-29 01:34:08','admin','admin',0,''),
  (29,1,'','image/jpeg','mailbox.jpg','mailbox.jpg','86156',1600,1012,'Mailbox','2016-05-29 12:00:06','2016-05-29 12:00:06','admin','admin',0,'');
/*!40000 ALTER TABLE `rex_media` ENABLE KEYS */;
UNLOCK TABLES;

DROP TABLE IF EXISTS `rex_media_category`;
CREATE TABLE `rex_media_category` (
  `id` int(10) unsigned NOT NULL AUTO_INCREMENT,
  `name` varchar(255) NOT NULL,
  `parent_id` int(10) unsigned NOT NULL,
  `path` varchar(255) NOT NULL,
  `createdate` datetime NOT NULL,
  `updatedate` datetime NOT NULL,
  `createuser` varchar(255) NOT NULL,
  `updateuser` varchar(255) NOT NULL,
  `attributes` text,
  `revision` int(10) unsigned NOT NULL,
  PRIMARY KEY (`id`),
  KEY `parent_id` (`parent_id`)
) ENGINE=InnoDB AUTO_INCREMENT=4 DEFAULT CHARSET=utf8;

LOCK TABLES `rex_media_category` WRITE;
/*!40000 ALTER TABLE `rex_media_category` DISABLE KEYS */;
INSERT INTO `rex_media_category` VALUES 
  (1,'Header',0,'|','2016-05-12 00:19:23','2016-05-12 00:19:23','admin','admin','',0),
  (2,'Screenshots',0,'|','2016-05-12 00:19:30','2016-05-12 00:19:30','admin','admin','',0),
  (3,'Profilbilder',0,'|','2016-05-12 00:19:41','2016-05-12 00:19:41','admin','admin','',0);
/*!40000 ALTER TABLE `rex_media_category` ENABLE KEYS */;
UNLOCK TABLES;

DROP TABLE IF EXISTS `rex_media_manager_type`;
CREATE TABLE `rex_media_manager_type` (
  `id` int(10) unsigned NOT NULL AUTO_INCREMENT,
  `status` int(10) unsigned NOT NULL,
  `name` varchar(255) NOT NULL,
  `description` varchar(255) NOT NULL,
  PRIMARY KEY (`id`),
  UNIQUE KEY `name` (`name`)
) ENGINE=InnoDB AUTO_INCREMENT=13 DEFAULT CHARSET=utf8;

LOCK TABLES `rex_media_manager_type` WRITE;
/*!40000 ALTER TABLE `rex_media_manager_type` DISABLE KEYS */;
INSERT INTO `rex_media_manager_type` VALUES 
  (1,1,'rex_mediapool_detail','Zur Darstellung von Bildern in der Detailansicht im Medienpool'),
  (2,1,'rex_mediapool_maximized','Zur Darstellung von Bildern im Medienpool wenn maximiert'),
  (3,1,'rex_mediapool_preview','Zur Darstellung der Vorschaubilder im Medienpool'),
  (4,1,'rex_mediabutton_preview','Zur Darstellung der Vorschaubilder in REX_MEDIA_BUTTON[]s'),
  (5,1,'rex_medialistbutton_preview','Zur Darstellung der Vorschaubilder in REX_MEDIALIST_BUTTON[]s'),
  (6,0,'thumb','720 * 540'),
  (7,0,'profileimage',''),
  (8,0,'profile','40 * 40'),
  (9,0,'header','1050 * 855'),
  (10,0,'big','max. 1000 * 800'),
  (11,0,'blur','750 * 428'),
  (12,0,'seperator','2000 * 550');
/*!40000 ALTER TABLE `rex_media_manager_type` ENABLE KEYS */;
UNLOCK TABLES;

DROP TABLE IF EXISTS `rex_media_manager_type_effect`;
CREATE TABLE `rex_media_manager_type_effect` (
  `id` int(10) unsigned NOT NULL AUTO_INCREMENT,
  `type_id` int(10) unsigned NOT NULL,
  `effect` varchar(255) NOT NULL,
  `parameters` text NOT NULL,
  `priority` int(10) unsigned NOT NULL,
  `updatedate` datetime NOT NULL,
  `updateuser` varchar(255) NOT NULL,
  `createdate` datetime NOT NULL,
  `createuser` varchar(255) NOT NULL,
  PRIMARY KEY (`id`)
) ENGINE=InnoDB AUTO_INCREMENT=23 DEFAULT CHARSET=utf8;

LOCK TABLES `rex_media_manager_type_effect` WRITE;
/*!40000 ALTER TABLE `rex_media_manager_type_effect` DISABLE KEYS */;
INSERT INTO `rex_media_manager_type_effect` VALUES 
  (1,1,'resize','{\"rex_effect_crop\":{\"rex_effect_crop_width\":\"\",\"rex_effect_crop_height\":\"\",\"rex_effect_crop_offset_width\":\"\",\"rex_effect_crop_offset_height\":\"\",\"rex_effect_crop_hpos\":\"center\",\"rex_effect_crop_vpos\":\"middle\"},\"rex_effect_filter_blur\":{\"rex_effect_filter_blur_amount\":\"80\",\"rex_effect_filter_blur_radius\":\"8\",\"rex_effect_filter_blur_threshold\":\"3\"},\"rex_effect_filter_sharpen\":{\"rex_effect_filter_sharpen_amount\":\"80\",\"rex_effect_filter_sharpen_radius\":\"0.5\",\"rex_effect_filter_sharpen_threshold\":\"3\"},\"rex_effect_flip\":{\"rex_effect_flip_flip\":\"X\"},\"rex_effect_header\":{\"rex_effect_header_download\":\"open_media\",\"rex_effect_header_cache\":\"no_cache\"},\"rex_effect_insert_image\":{\"rex_effect_insert_image_brandimage\":\"\",\"rex_effect_insert_image_hpos\":\"left\",\"rex_effect_insert_image_vpos\":\"top\",\"rex_effect_insert_image_padding_x\":\"-10\",\"rex_effect_insert_image_padding_y\":\"-10\"},\"rex_effect_mediapath\":{\"rex_effect_mediapath_mediapath\":\"\"},\"rex_effect_mirror\":{\"rex_effect_mirror_height\":\"\",\"rex_effect_mirror_set_transparent\":\"colored\",\"rex_effect_mirror_bg_r\":\"\",\"rex_effect_mirror_bg_g\":\"\",\"rex_effect_mirror_bg_b\":\"\"},\"rex_effect_resize\":{\"rex_effect_resize_width\":\"200\",\"rex_effect_resize_height\":\"200\",\"rex_effect_resize_style\":\"maximum\",\"rex_effect_resize_allow_enlarge\":\"not_enlarge\"},\"rex_effect_workspace\":{\"rex_effect_workspace_width\":\"\",\"rex_effect_workspace_height\":\"\",\"rex_effect_workspace_hpos\":\"left\",\"rex_effect_workspace_vpos\":\"top\",\"rex_effect_workspace_set_transparent\":\"colored\",\"rex_effect_workspace_bg_r\":\"\",\"rex_effect_workspace_bg_g\":\"\",\"rex_effect_workspace_bg_b\":\"\"}}',1,'0000-00-00 00:00:00','','0000-00-00 00:00:00',''),
  (2,2,'resize','{\"rex_effect_crop\":{\"rex_effect_crop_width\":\"\",\"rex_effect_crop_height\":\"\",\"rex_effect_crop_offset_width\":\"\",\"rex_effect_crop_offset_height\":\"\",\"rex_effect_crop_hpos\":\"center\",\"rex_effect_crop_vpos\":\"middle\"},\"rex_effect_filter_blur\":{\"rex_effect_filter_blur_amount\":\"80\",\"rex_effect_filter_blur_radius\":\"8\",\"rex_effect_filter_blur_threshold\":\"3\"},\"rex_effect_filter_sharpen\":{\"rex_effect_filter_sharpen_amount\":\"80\",\"rex_effect_filter_sharpen_radius\":\"0.5\",\"rex_effect_filter_sharpen_threshold\":\"3\"},\"rex_effect_flip\":{\"rex_effect_flip_flip\":\"X\"},\"rex_effect_header\":{\"rex_effect_header_download\":\"open_media\",\"rex_effect_header_cache\":\"no_cache\"},\"rex_effect_insert_image\":{\"rex_effect_insert_image_brandimage\":\"\",\"rex_effect_insert_image_hpos\":\"left\",\"rex_effect_insert_image_vpos\":\"top\",\"rex_effect_insert_image_padding_x\":\"-10\",\"rex_effect_insert_image_padding_y\":\"-10\"},\"rex_effect_mediapath\":{\"rex_effect_mediapath_mediapath\":\"\"},\"rex_effect_mirror\":{\"rex_effect_mirror_height\":\"\",\"rex_effect_mirror_set_transparent\":\"colored\",\"rex_effect_mirror_bg_r\":\"\",\"rex_effect_mirror_bg_g\":\"\",\"rex_effect_mirror_bg_b\":\"\"},\"rex_effect_resize\":{\"rex_effect_resize_width\":\"600\",\"rex_effect_resize_height\":\"600\",\"rex_effect_resize_style\":\"maximum\",\"rex_effect_resize_allow_enlarge\":\"not_enlarge\"},\"rex_effect_workspace\":{\"rex_effect_workspace_width\":\"\",\"rex_effect_workspace_height\":\"\",\"rex_effect_workspace_hpos\":\"left\",\"rex_effect_workspace_vpos\":\"top\",\"rex_effect_workspace_set_transparent\":\"colored\",\"rex_effect_workspace_bg_r\":\"\",\"rex_effect_workspace_bg_g\":\"\",\"rex_effect_workspace_bg_b\":\"\"}}',1,'0000-00-00 00:00:00','','0000-00-00 00:00:00',''),
  (3,3,'resize','{\"rex_effect_crop\":{\"rex_effect_crop_width\":\"\",\"rex_effect_crop_height\":\"\",\"rex_effect_crop_offset_width\":\"\",\"rex_effect_crop_offset_height\":\"\",\"rex_effect_crop_hpos\":\"center\",\"rex_effect_crop_vpos\":\"middle\"},\"rex_effect_filter_blur\":{\"rex_effect_filter_blur_amount\":\"80\",\"rex_effect_filter_blur_radius\":\"8\",\"rex_effect_filter_blur_threshold\":\"3\"},\"rex_effect_filter_sharpen\":{\"rex_effect_filter_sharpen_amount\":\"80\",\"rex_effect_filter_sharpen_radius\":\"0.5\",\"rex_effect_filter_sharpen_threshold\":\"3\"},\"rex_effect_flip\":{\"rex_effect_flip_flip\":\"X\"},\"rex_effect_header\":{\"rex_effect_header_download\":\"open_media\",\"rex_effect_header_cache\":\"no_cache\"},\"rex_effect_insert_image\":{\"rex_effect_insert_image_brandimage\":\"\",\"rex_effect_insert_image_hpos\":\"left\",\"rex_effect_insert_image_vpos\":\"top\",\"rex_effect_insert_image_padding_x\":\"-10\",\"rex_effect_insert_image_padding_y\":\"-10\"},\"rex_effect_mediapath\":{\"rex_effect_mediapath_mediapath\":\"\"},\"rex_effect_mirror\":{\"rex_effect_mirror_height\":\"\",\"rex_effect_mirror_set_transparent\":\"colored\",\"rex_effect_mirror_bg_r\":\"\",\"rex_effect_mirror_bg_g\":\"\",\"rex_effect_mirror_bg_b\":\"\"},\"rex_effect_resize\":{\"rex_effect_resize_width\":\"80\",\"rex_effect_resize_height\":\"80\",\"rex_effect_resize_style\":\"maximum\",\"rex_effect_resize_allow_enlarge\":\"not_enlarge\"},\"rex_effect_workspace\":{\"rex_effect_workspace_width\":\"\",\"rex_effect_workspace_height\":\"\",\"rex_effect_workspace_hpos\":\"left\",\"rex_effect_workspace_vpos\":\"top\",\"rex_effect_workspace_set_transparent\":\"colored\",\"rex_effect_workspace_bg_r\":\"\",\"rex_effect_workspace_bg_g\":\"\",\"rex_effect_workspace_bg_b\":\"\"}}',1,'0000-00-00 00:00:00','','0000-00-00 00:00:00',''),
  (4,4,'resize','{\"rex_effect_crop\":{\"rex_effect_crop_width\":\"\",\"rex_effect_crop_height\":\"\",\"rex_effect_crop_offset_width\":\"\",\"rex_effect_crop_offset_height\":\"\",\"rex_effect_crop_hpos\":\"center\",\"rex_effect_crop_vpos\":\"middle\"},\"rex_effect_filter_blur\":{\"rex_effect_filter_blur_amount\":\"80\",\"rex_effect_filter_blur_radius\":\"8\",\"rex_effect_filter_blur_threshold\":\"3\"},\"rex_effect_filter_sharpen\":{\"rex_effect_filter_sharpen_amount\":\"80\",\"rex_effect_filter_sharpen_radius\":\"0.5\",\"rex_effect_filter_sharpen_threshold\":\"3\"},\"rex_effect_flip\":{\"rex_effect_flip_flip\":\"X\"},\"rex_effect_header\":{\"rex_effect_header_download\":\"open_media\",\"rex_effect_header_cache\":\"no_cache\"},\"rex_effect_insert_image\":{\"rex_effect_insert_image_brandimage\":\"\",\"rex_effect_insert_image_hpos\":\"left\",\"rex_effect_insert_image_vpos\":\"top\",\"rex_effect_insert_image_padding_x\":\"-10\",\"rex_effect_insert_image_padding_y\":\"-10\"},\"rex_effect_mediapath\":{\"rex_effect_mediapath_mediapath\":\"\"},\"rex_effect_mirror\":{\"rex_effect_mirror_height\":\"\",\"rex_effect_mirror_set_transparent\":\"colored\",\"rex_effect_mirror_bg_r\":\"\",\"rex_effect_mirror_bg_g\":\"\",\"rex_effect_mirror_bg_b\":\"\"},\"rex_effect_resize\":{\"rex_effect_resize_width\":\"246\",\"rex_effect_resize_height\":\"246\",\"rex_effect_resize_style\":\"maximum\",\"rex_effect_resize_allow_enlarge\":\"not_enlarge\"},\"rex_effect_workspace\":{\"rex_effect_workspace_width\":\"\",\"rex_effect_workspace_height\":\"\",\"rex_effect_workspace_hpos\":\"left\",\"rex_effect_workspace_vpos\":\"top\",\"rex_effect_workspace_set_transparent\":\"colored\",\"rex_effect_workspace_bg_r\":\"\",\"rex_effect_workspace_bg_g\":\"\",\"rex_effect_workspace_bg_b\":\"\"}}',1,'0000-00-00 00:00:00','','0000-00-00 00:00:00',''),
  (5,5,'resize','{\"rex_effect_crop\":{\"rex_effect_crop_width\":\"\",\"rex_effect_crop_height\":\"\",\"rex_effect_crop_offset_width\":\"\",\"rex_effect_crop_offset_height\":\"\",\"rex_effect_crop_hpos\":\"center\",\"rex_effect_crop_vpos\":\"middle\"},\"rex_effect_filter_blur\":{\"rex_effect_filter_blur_amount\":\"80\",\"rex_effect_filter_blur_radius\":\"8\",\"rex_effect_filter_blur_threshold\":\"3\"},\"rex_effect_filter_sharpen\":{\"rex_effect_filter_sharpen_amount\":\"80\",\"rex_effect_filter_sharpen_radius\":\"0.5\",\"rex_effect_filter_sharpen_threshold\":\"3\"},\"rex_effect_flip\":{\"rex_effect_flip_flip\":\"X\"},\"rex_effect_header\":{\"rex_effect_header_download\":\"open_media\",\"rex_effect_header_cache\":\"no_cache\"},\"rex_effect_insert_image\":{\"rex_effect_insert_image_brandimage\":\"\",\"rex_effect_insert_image_hpos\":\"left\",\"rex_effect_insert_image_vpos\":\"top\",\"rex_effect_insert_image_padding_x\":\"-10\",\"rex_effect_insert_image_padding_y\":\"-10\"},\"rex_effect_mediapath\":{\"rex_effect_mediapath_mediapath\":\"\"},\"rex_effect_mirror\":{\"rex_effect_mirror_height\":\"\",\"rex_effect_mirror_set_transparent\":\"colored\",\"rex_effect_mirror_bg_r\":\"\",\"rex_effect_mirror_bg_g\":\"\",\"rex_effect_mirror_bg_b\":\"\"},\"rex_effect_resize\":{\"rex_effect_resize_width\":\"246\",\"rex_effect_resize_height\":\"246\",\"rex_effect_resize_style\":\"maximum\",\"rex_effect_resize_allow_enlarge\":\"not_enlarge\"},\"rex_effect_workspace\":{\"rex_effect_workspace_width\":\"\",\"rex_effect_workspace_height\":\"\",\"rex_effect_workspace_hpos\":\"left\",\"rex_effect_workspace_vpos\":\"top\",\"rex_effect_workspace_set_transparent\":\"colored\",\"rex_effect_workspace_bg_r\":\"\",\"rex_effect_workspace_bg_g\":\"\",\"rex_effect_workspace_bg_b\":\"\"}}',1,'0000-00-00 00:00:00','','0000-00-00 00:00:00',''),
  (6,10,'resize','{\"rex_effect_crop\":{\"rex_effect_crop_width\":\"\",\"rex_effect_crop_height\":\"\",\"rex_effect_crop_offset_width\":\"\",\"rex_effect_crop_offset_height\":\"\",\"rex_effect_crop_hpos\":\"center\",\"rex_effect_crop_vpos\":\"middle\"},\"rex_effect_filter_blur\":{\"rex_effect_filter_blur_repeats\":\"10\",\"rex_effect_filter_blur_type\":\"gaussian\",\"rex_effect_filter_blur_smoothit\":\"\"},\"rex_effect_filter_sharpen\":{\"rex_effect_filter_sharpen_amount\":\"80\",\"rex_effect_filter_sharpen_radius\":\"0.5\",\"rex_effect_filter_sharpen_threshold\":\"3\"},\"rex_effect_flip\":{\"rex_effect_flip_flip\":\"X\"},\"rex_effect_header\":{\"rex_effect_header_download\":\"open_media\",\"rex_effect_header_cache\":\"no_cache\"},\"rex_effect_insert_image\":{\"rex_effect_insert_image_brandimage\":\"\",\"rex_effect_insert_image_hpos\":\"left\",\"rex_effect_insert_image_vpos\":\"top\",\"rex_effect_insert_image_padding_x\":\"-10\",\"rex_effect_insert_image_padding_y\":\"-10\"},\"rex_effect_mediapath\":{\"rex_effect_mediapath_mediapath\":\"\"},\"rex_effect_mirror\":{\"rex_effect_mirror_height\":\"\",\"rex_effect_mirror_set_transparent\":\"colored\",\"rex_effect_mirror_bg_r\":\"\",\"rex_effect_mirror_bg_g\":\"\",\"rex_effect_mirror_bg_b\":\"\"},\"rex_effect_resize\":{\"rex_effect_resize_width\":\"1000\",\"rex_effect_resize_height\":\"800\",\"rex_effect_resize_style\":\"maximum\",\"rex_effect_resize_allow_enlarge\":\"enlarge\"},\"rex_effect_rounded_corners\":{\"rex_effect_rounded_corners_topleft\":\"\",\"rex_effect_rounded_corners_topright\":\"\",\"rex_effect_rounded_corners_bottomleft\":\"\",\"rex_effect_rounded_corners_bottomright\":\"\"},\"rex_effect_workspace\":{\"rex_effect_workspace_width\":\"\",\"rex_effect_workspace_height\":\"\",\"rex_effect_workspace_hpos\":\"left\",\"rex_effect_workspace_vpos\":\"top\",\"rex_effect_workspace_set_transparent\":\"colored\",\"rex_effect_workspace_bg_r\":\"\",\"rex_effect_workspace_bg_g\":\"\",\"rex_effect_workspace_bg_b\":\"\"}}',1,'2016-05-25 10:04:34','admin','2016-05-12 10:38:03','admin'),
  (7,9,'resize','{\"rex_effect_crop\":{\"rex_effect_crop_width\":\"\",\"rex_effect_crop_height\":\"\",\"rex_effect_crop_offset_width\":\"\",\"rex_effect_crop_offset_height\":\"\",\"rex_effect_crop_hpos\":\"center\",\"rex_effect_crop_vpos\":\"middle\"},\"rex_effect_filter_blur\":{\"rex_effect_filter_blur_repeats\":\"10\",\"rex_effect_filter_blur_type\":\"gaussian\",\"rex_effect_filter_blur_smoothit\":\"\"},\"rex_effect_filter_sharpen\":{\"rex_effect_filter_sharpen_amount\":\"80\",\"rex_effect_filter_sharpen_radius\":\"0.5\",\"rex_effect_filter_sharpen_threshold\":\"3\"},\"rex_effect_flip\":{\"rex_effect_flip_flip\":\"X\"},\"rex_effect_header\":{\"rex_effect_header_download\":\"open_media\",\"rex_effect_header_cache\":\"no_cache\"},\"rex_effect_insert_image\":{\"rex_effect_insert_image_brandimage\":\"\",\"rex_effect_insert_image_hpos\":\"left\",\"rex_effect_insert_image_vpos\":\"top\",\"rex_effect_insert_image_padding_x\":\"-10\",\"rex_effect_insert_image_padding_y\":\"-10\"},\"rex_effect_mediapath\":{\"rex_effect_mediapath_mediapath\":\"\"},\"rex_effect_mirror\":{\"rex_effect_mirror_height\":\"\",\"rex_effect_mirror_set_transparent\":\"colored\",\"rex_effect_mirror_bg_r\":\"\",\"rex_effect_mirror_bg_g\":\"\",\"rex_effect_mirror_bg_b\":\"\"},\"rex_effect_resize\":{\"rex_effect_resize_width\":\"1050\",\"rex_effect_resize_height\":\"855\",\"rex_effect_resize_style\":\"minimum\",\"rex_effect_resize_allow_enlarge\":\"enlarge\"},\"rex_effect_rounded_corners\":{\"rex_effect_rounded_corners_topleft\":\"\",\"rex_effect_rounded_corners_topright\":\"\",\"rex_effect_rounded_corners_bottomleft\":\"\",\"rex_effect_rounded_corners_bottomright\":\"\"},\"rex_effect_workspace\":{\"rex_effect_workspace_width\":\"\",\"rex_effect_workspace_height\":\"\",\"rex_effect_workspace_hpos\":\"left\",\"rex_effect_workspace_vpos\":\"top\",\"rex_effect_workspace_set_transparent\":\"colored\",\"rex_effect_workspace_bg_r\":\"\",\"rex_effect_workspace_bg_g\":\"\",\"rex_effect_workspace_bg_b\":\"\"}}',1,'2016-05-12 10:38:33','admin','2016-05-12 10:38:33','admin'),
  (8,9,'crop','{\"rex_effect_crop\":{\"rex_effect_crop_width\":\"1050\",\"rex_effect_crop_height\":\"855\",\"rex_effect_crop_offset_width\":\"\",\"rex_effect_crop_offset_height\":\"\",\"rex_effect_crop_hpos\":\"center\",\"rex_effect_crop_vpos\":\"middle\"},\"rex_effect_filter_blur\":{\"rex_effect_filter_blur_repeats\":\"10\",\"rex_effect_filter_blur_type\":\"gaussian\",\"rex_effect_filter_blur_smoothit\":\"\"},\"rex_effect_filter_sharpen\":{\"rex_effect_filter_sharpen_amount\":\"80\",\"rex_effect_filter_sharpen_radius\":\"0.5\",\"rex_effect_filter_sharpen_threshold\":\"3\"},\"rex_effect_flip\":{\"rex_effect_flip_flip\":\"X\"},\"rex_effect_header\":{\"rex_effect_header_download\":\"open_media\",\"rex_effect_header_cache\":\"no_cache\"},\"rex_effect_insert_image\":{\"rex_effect_insert_image_brandimage\":\"\",\"rex_effect_insert_image_hpos\":\"left\",\"rex_effect_insert_image_vpos\":\"top\",\"rex_effect_insert_image_padding_x\":\"-10\",\"rex_effect_insert_image_padding_y\":\"-10\"},\"rex_effect_mediapath\":{\"rex_effect_mediapath_mediapath\":\"\"},\"rex_effect_mirror\":{\"rex_effect_mirror_height\":\"\",\"rex_effect_mirror_set_transparent\":\"colored\",\"rex_effect_mirror_bg_r\":\"\",\"rex_effect_mirror_bg_g\":\"\",\"rex_effect_mirror_bg_b\":\"\"},\"rex_effect_resize\":{\"rex_effect_resize_width\":\"\",\"rex_effect_resize_height\":\"\",\"rex_effect_resize_style\":\"maximum\",\"rex_effect_resize_allow_enlarge\":\"enlarge\"},\"rex_effect_rounded_corners\":{\"rex_effect_rounded_corners_topleft\":\"\",\"rex_effect_rounded_corners_topright\":\"\",\"rex_effect_rounded_corners_bottomleft\":\"\",\"rex_effect_rounded_corners_bottomright\":\"\"},\"rex_effect_workspace\":{\"rex_effect_workspace_width\":\"\",\"rex_effect_workspace_height\":\"\",\"rex_effect_workspace_hpos\":\"left\",\"rex_effect_workspace_vpos\":\"top\",\"rex_effect_workspace_set_transparent\":\"colored\",\"rex_effect_workspace_bg_r\":\"\",\"rex_effect_workspace_bg_g\":\"\",\"rex_effect_workspace_bg_b\":\"\"}}',2,'2016-05-12 10:38:49','admin','2016-05-12 10:38:49','admin'),
  (9,9,'filter_sharpen','{\"rex_effect_crop\":{\"rex_effect_crop_width\":\"\",\"rex_effect_crop_height\":\"\",\"rex_effect_crop_offset_width\":\"\",\"rex_effect_crop_offset_height\":\"\",\"rex_effect_crop_hpos\":\"center\",\"rex_effect_crop_vpos\":\"middle\"},\"rex_effect_filter_blur\":{\"rex_effect_filter_blur_repeats\":\"10\",\"rex_effect_filter_blur_type\":\"gaussian\",\"rex_effect_filter_blur_smoothit\":\"\"},\"rex_effect_filter_sharpen\":{\"rex_effect_filter_sharpen_amount\":\"60\",\"rex_effect_filter_sharpen_radius\":\"0.5\",\"rex_effect_filter_sharpen_threshold\":\"3\"},\"rex_effect_flip\":{\"rex_effect_flip_flip\":\"X\"},\"rex_effect_header\":{\"rex_effect_header_download\":\"open_media\",\"rex_effect_header_cache\":\"no_cache\"},\"rex_effect_insert_image\":{\"rex_effect_insert_image_brandimage\":\"\",\"rex_effect_insert_image_hpos\":\"left\",\"rex_effect_insert_image_vpos\":\"top\",\"rex_effect_insert_image_padding_x\":\"-10\",\"rex_effect_insert_image_padding_y\":\"-10\"},\"rex_effect_mediapath\":{\"rex_effect_mediapath_mediapath\":\"\"},\"rex_effect_mirror\":{\"rex_effect_mirror_height\":\"\",\"rex_effect_mirror_set_transparent\":\"colored\",\"rex_effect_mirror_bg_r\":\"\",\"rex_effect_mirror_bg_g\":\"\",\"rex_effect_mirror_bg_b\":\"\"},\"rex_effect_resize\":{\"rex_effect_resize_width\":\"\",\"rex_effect_resize_height\":\"\",\"rex_effect_resize_style\":\"maximum\",\"rex_effect_resize_allow_enlarge\":\"enlarge\"},\"rex_effect_rounded_corners\":{\"rex_effect_rounded_corners_topleft\":\"\",\"rex_effect_rounded_corners_topright\":\"\",\"rex_effect_rounded_corners_bottomleft\":\"\",\"rex_effect_rounded_corners_bottomright\":\"\"},\"rex_effect_workspace\":{\"rex_effect_workspace_width\":\"\",\"rex_effect_workspace_height\":\"\",\"rex_effect_workspace_hpos\":\"left\",\"rex_effect_workspace_vpos\":\"top\",\"rex_effect_workspace_set_transparent\":\"colored\",\"rex_effect_workspace_bg_r\":\"\",\"rex_effect_workspace_bg_g\":\"\",\"rex_effect_workspace_bg_b\":\"\"}}',3,'2016-05-12 10:38:58','admin','2016-05-12 10:38:58','admin'),
  (10,8,'resize','{\"rex_effect_crop\":{\"rex_effect_crop_width\":\"\",\"rex_effect_crop_height\":\"\",\"rex_effect_crop_offset_width\":\"\",\"rex_effect_crop_offset_height\":\"\",\"rex_effect_crop_hpos\":\"center\",\"rex_effect_crop_vpos\":\"middle\"},\"rex_effect_filter_blur\":{\"rex_effect_filter_blur_repeats\":\"10\",\"rex_effect_filter_blur_type\":\"gaussian\",\"rex_effect_filter_blur_smoothit\":\"\"},\"rex_effect_filter_sharpen\":{\"rex_effect_filter_sharpen_amount\":\"80\",\"rex_effect_filter_sharpen_radius\":\"0.5\",\"rex_effect_filter_sharpen_threshold\":\"3\"},\"rex_effect_flip\":{\"rex_effect_flip_flip\":\"X\"},\"rex_effect_header\":{\"rex_effect_header_download\":\"open_media\",\"rex_effect_header_cache\":\"no_cache\"},\"rex_effect_insert_image\":{\"rex_effect_insert_image_brandimage\":\"\",\"rex_effect_insert_image_hpos\":\"left\",\"rex_effect_insert_image_vpos\":\"top\",\"rex_effect_insert_image_padding_x\":\"-10\",\"rex_effect_insert_image_padding_y\":\"-10\"},\"rex_effect_mediapath\":{\"rex_effect_mediapath_mediapath\":\"\"},\"rex_effect_mirror\":{\"rex_effect_mirror_height\":\"\",\"rex_effect_mirror_set_transparent\":\"colored\",\"rex_effect_mirror_bg_r\":\"\",\"rex_effect_mirror_bg_g\":\"\",\"rex_effect_mirror_bg_b\":\"\"},\"rex_effect_resize\":{\"rex_effect_resize_width\":\"100\",\"rex_effect_resize_height\":\"100\",\"rex_effect_resize_style\":\"minimum\",\"rex_effect_resize_allow_enlarge\":\"enlarge\"},\"rex_effect_rounded_corners\":{\"rex_effect_rounded_corners_topleft\":\"\",\"rex_effect_rounded_corners_topright\":\"\",\"rex_effect_rounded_corners_bottomleft\":\"\",\"rex_effect_rounded_corners_bottomright\":\"\"},\"rex_effect_workspace\":{\"rex_effect_workspace_width\":\"\",\"rex_effect_workspace_height\":\"\",\"rex_effect_workspace_hpos\":\"left\",\"rex_effect_workspace_vpos\":\"top\",\"rex_effect_workspace_set_transparent\":\"colored\",\"rex_effect_workspace_bg_r\":\"\",\"rex_effect_workspace_bg_g\":\"\",\"rex_effect_workspace_bg_b\":\"\"}}',1,'2016-05-19 06:35:41','admin','2016-05-12 10:40:12','admin'),
  (11,8,'crop','{\"rex_effect_crop\":{\"rex_effect_crop_width\":\"100\",\"rex_effect_crop_height\":\"100\",\"rex_effect_crop_offset_width\":\"\",\"rex_effect_crop_offset_height\":\"\",\"rex_effect_crop_hpos\":\"center\",\"rex_effect_crop_vpos\":\"middle\"},\"rex_effect_filter_blur\":{\"rex_effect_filter_blur_repeats\":\"10\",\"rex_effect_filter_blur_type\":\"gaussian\",\"rex_effect_filter_blur_smoothit\":\"\"},\"rex_effect_filter_sharpen\":{\"rex_effect_filter_sharpen_amount\":\"80\",\"rex_effect_filter_sharpen_radius\":\"0.5\",\"rex_effect_filter_sharpen_threshold\":\"3\"},\"rex_effect_flip\":{\"rex_effect_flip_flip\":\"X\"},\"rex_effect_header\":{\"rex_effect_header_download\":\"open_media\",\"rex_effect_header_cache\":\"no_cache\"},\"rex_effect_insert_image\":{\"rex_effect_insert_image_brandimage\":\"\",\"rex_effect_insert_image_hpos\":\"left\",\"rex_effect_insert_image_vpos\":\"top\",\"rex_effect_insert_image_padding_x\":\"-10\",\"rex_effect_insert_image_padding_y\":\"-10\"},\"rex_effect_mediapath\":{\"rex_effect_mediapath_mediapath\":\"\"},\"rex_effect_mirror\":{\"rex_effect_mirror_height\":\"\",\"rex_effect_mirror_set_transparent\":\"colored\",\"rex_effect_mirror_bg_r\":\"\",\"rex_effect_mirror_bg_g\":\"\",\"rex_effect_mirror_bg_b\":\"\"},\"rex_effect_resize\":{\"rex_effect_resize_width\":\"\",\"rex_effect_resize_height\":\"\",\"rex_effect_resize_style\":\"maximum\",\"rex_effect_resize_allow_enlarge\":\"enlarge\"},\"rex_effect_rounded_corners\":{\"rex_effect_rounded_corners_topleft\":\"\",\"rex_effect_rounded_corners_topright\":\"\",\"rex_effect_rounded_corners_bottomleft\":\"\",\"rex_effect_rounded_corners_bottomright\":\"\"},\"rex_effect_workspace\":{\"rex_effect_workspace_width\":\"\",\"rex_effect_workspace_height\":\"\",\"rex_effect_workspace_hpos\":\"left\",\"rex_effect_workspace_vpos\":\"top\",\"rex_effect_workspace_set_transparent\":\"colored\",\"rex_effect_workspace_bg_r\":\"\",\"rex_effect_workspace_bg_g\":\"\",\"rex_effect_workspace_bg_b\":\"\"}}',2,'2016-05-19 06:35:50','admin','2016-05-12 10:40:21','admin'),
  (12,8,'filter_sharpen','{\"rex_effect_crop\":{\"rex_effect_crop_width\":\"\",\"rex_effect_crop_height\":\"\",\"rex_effect_crop_offset_width\":\"\",\"rex_effect_crop_offset_height\":\"\",\"rex_effect_crop_hpos\":\"center\",\"rex_effect_crop_vpos\":\"middle\"},\"rex_effect_filter_blur\":{\"rex_effect_filter_blur_repeats\":\"10\",\"rex_effect_filter_blur_type\":\"gaussian\",\"rex_effect_filter_blur_smoothit\":\"\"},\"rex_effect_filter_sharpen\":{\"rex_effect_filter_sharpen_amount\":\"60\",\"rex_effect_filter_sharpen_radius\":\"0.5\",\"rex_effect_filter_sharpen_threshold\":\"3\"},\"rex_effect_flip\":{\"rex_effect_flip_flip\":\"X\"},\"rex_effect_header\":{\"rex_effect_header_download\":\"open_media\",\"rex_effect_header_cache\":\"no_cache\"},\"rex_effect_insert_image\":{\"rex_effect_insert_image_brandimage\":\"\",\"rex_effect_insert_image_hpos\":\"left\",\"rex_effect_insert_image_vpos\":\"top\",\"rex_effect_insert_image_padding_x\":\"-10\",\"rex_effect_insert_image_padding_y\":\"-10\"},\"rex_effect_mediapath\":{\"rex_effect_mediapath_mediapath\":\"\"},\"rex_effect_mirror\":{\"rex_effect_mirror_height\":\"\",\"rex_effect_mirror_set_transparent\":\"colored\",\"rex_effect_mirror_bg_r\":\"\",\"rex_effect_mirror_bg_g\":\"\",\"rex_effect_mirror_bg_b\":\"\"},\"rex_effect_resize\":{\"rex_effect_resize_width\":\"\",\"rex_effect_resize_height\":\"\",\"rex_effect_resize_style\":\"maximum\",\"rex_effect_resize_allow_enlarge\":\"enlarge\"},\"rex_effect_rounded_corners\":{\"rex_effect_rounded_corners_topleft\":\"\",\"rex_effect_rounded_corners_topright\":\"\",\"rex_effect_rounded_corners_bottomleft\":\"\",\"rex_effect_rounded_corners_bottomright\":\"\"},\"rex_effect_workspace\":{\"rex_effect_workspace_width\":\"\",\"rex_effect_workspace_height\":\"\",\"rex_effect_workspace_hpos\":\"left\",\"rex_effect_workspace_vpos\":\"top\",\"rex_effect_workspace_set_transparent\":\"colored\",\"rex_effect_workspace_bg_r\":\"\",\"rex_effect_workspace_bg_g\":\"\",\"rex_effect_workspace_bg_b\":\"\"}}',3,'2016-05-12 10:40:30','admin','2016-05-12 10:40:30','admin'),
  (13,6,'resize','{\"rex_effect_crop\":{\"rex_effect_crop_width\":\"\",\"rex_effect_crop_height\":\"\",\"rex_effect_crop_offset_width\":\"\",\"rex_effect_crop_offset_height\":\"\",\"rex_effect_crop_hpos\":\"center\",\"rex_effect_crop_vpos\":\"middle\"},\"rex_effect_filter_blur\":{\"rex_effect_filter_blur_repeats\":\"10\",\"rex_effect_filter_blur_type\":\"gaussian\",\"rex_effect_filter_blur_smoothit\":\"\"},\"rex_effect_filter_sharpen\":{\"rex_effect_filter_sharpen_amount\":\"80\",\"rex_effect_filter_sharpen_radius\":\"0.5\",\"rex_effect_filter_sharpen_threshold\":\"3\"},\"rex_effect_flip\":{\"rex_effect_flip_flip\":\"X\"},\"rex_effect_header\":{\"rex_effect_header_download\":\"open_media\",\"rex_effect_header_cache\":\"no_cache\"},\"rex_effect_insert_image\":{\"rex_effect_insert_image_brandimage\":\"\",\"rex_effect_insert_image_hpos\":\"left\",\"rex_effect_insert_image_vpos\":\"top\",\"rex_effect_insert_image_padding_x\":\"-10\",\"rex_effect_insert_image_padding_y\":\"-10\"},\"rex_effect_mediapath\":{\"rex_effect_mediapath_mediapath\":\"\"},\"rex_effect_mirror\":{\"rex_effect_mirror_height\":\"\",\"rex_effect_mirror_set_transparent\":\"colored\",\"rex_effect_mirror_bg_r\":\"\",\"rex_effect_mirror_bg_g\":\"\",\"rex_effect_mirror_bg_b\":\"\"},\"rex_effect_resize\":{\"rex_effect_resize_width\":\"720\",\"rex_effect_resize_height\":\"540\",\"rex_effect_resize_style\":\"minimum\",\"rex_effect_resize_allow_enlarge\":\"enlarge\"},\"rex_effect_rounded_corners\":{\"rex_effect_rounded_corners_topleft\":\"\",\"rex_effect_rounded_corners_topright\":\"\",\"rex_effect_rounded_corners_bottomleft\":\"\",\"rex_effect_rounded_corners_bottomright\":\"\"},\"rex_effect_workspace\":{\"rex_effect_workspace_width\":\"\",\"rex_effect_workspace_height\":\"\",\"rex_effect_workspace_hpos\":\"left\",\"rex_effect_workspace_vpos\":\"top\",\"rex_effect_workspace_set_transparent\":\"colored\",\"rex_effect_workspace_bg_r\":\"\",\"rex_effect_workspace_bg_g\":\"\",\"rex_effect_workspace_bg_b\":\"\"}}',1,'2016-05-25 09:40:27','admin','2016-05-12 10:40:55','admin'),
  (14,6,'crop','{\"rex_effect_crop\":{\"rex_effect_crop_width\":\"720\",\"rex_effect_crop_height\":\"540\",\"rex_effect_crop_offset_width\":\"\",\"rex_effect_crop_offset_height\":\"\",\"rex_effect_crop_hpos\":\"left\",\"rex_effect_crop_vpos\":\"top\"},\"rex_effect_filter_blur\":{\"rex_effect_filter_blur_repeats\":\"10\",\"rex_effect_filter_blur_type\":\"gaussian\",\"rex_effect_filter_blur_smoothit\":\"\"},\"rex_effect_filter_sharpen\":{\"rex_effect_filter_sharpen_amount\":\"80\",\"rex_effect_filter_sharpen_radius\":\"0.5\",\"rex_effect_filter_sharpen_threshold\":\"3\"},\"rex_effect_flip\":{\"rex_effect_flip_flip\":\"X\"},\"rex_effect_header\":{\"rex_effect_header_download\":\"open_media\",\"rex_effect_header_cache\":\"no_cache\"},\"rex_effect_insert_image\":{\"rex_effect_insert_image_brandimage\":\"\",\"rex_effect_insert_image_hpos\":\"left\",\"rex_effect_insert_image_vpos\":\"top\",\"rex_effect_insert_image_padding_x\":\"-10\",\"rex_effect_insert_image_padding_y\":\"-10\"},\"rex_effect_mediapath\":{\"rex_effect_mediapath_mediapath\":\"\"},\"rex_effect_mirror\":{\"rex_effect_mirror_height\":\"\",\"rex_effect_mirror_set_transparent\":\"colored\",\"rex_effect_mirror_bg_r\":\"\",\"rex_effect_mirror_bg_g\":\"\",\"rex_effect_mirror_bg_b\":\"\"},\"rex_effect_resize\":{\"rex_effect_resize_width\":\"\",\"rex_effect_resize_height\":\"\",\"rex_effect_resize_style\":\"maximum\",\"rex_effect_resize_allow_enlarge\":\"enlarge\"},\"rex_effect_rounded_corners\":{\"rex_effect_rounded_corners_topleft\":\"\",\"rex_effect_rounded_corners_topright\":\"\",\"rex_effect_rounded_corners_bottomleft\":\"\",\"rex_effect_rounded_corners_bottomright\":\"\"},\"rex_effect_workspace\":{\"rex_effect_workspace_width\":\"\",\"rex_effect_workspace_height\":\"\",\"rex_effect_workspace_hpos\":\"left\",\"rex_effect_workspace_vpos\":\"top\",\"rex_effect_workspace_set_transparent\":\"colored\",\"rex_effect_workspace_bg_r\":\"\",\"rex_effect_workspace_bg_g\":\"\",\"rex_effect_workspace_bg_b\":\"\"}}',2,'2016-05-25 09:40:37','admin','2016-05-12 10:41:04','admin'),
  (15,6,'filter_sharpen','{\"rex_effect_crop\":{\"rex_effect_crop_width\":\"\",\"rex_effect_crop_height\":\"\",\"rex_effect_crop_offset_width\":\"\",\"rex_effect_crop_offset_height\":\"\",\"rex_effect_crop_hpos\":\"center\",\"rex_effect_crop_vpos\":\"middle\"},\"rex_effect_filter_blur\":{\"rex_effect_filter_blur_repeats\":\"10\",\"rex_effect_filter_blur_type\":\"gaussian\",\"rex_effect_filter_blur_smoothit\":\"\"},\"rex_effect_filter_sharpen\":{\"rex_effect_filter_sharpen_amount\":\"60\",\"rex_effect_filter_sharpen_radius\":\"0.5\",\"rex_effect_filter_sharpen_threshold\":\"3\"},\"rex_effect_flip\":{\"rex_effect_flip_flip\":\"X\"},\"rex_effect_header\":{\"rex_effect_header_download\":\"open_media\",\"rex_effect_header_cache\":\"no_cache\"},\"rex_effect_insert_image\":{\"rex_effect_insert_image_brandimage\":\"\",\"rex_effect_insert_image_hpos\":\"left\",\"rex_effect_insert_image_vpos\":\"top\",\"rex_effect_insert_image_padding_x\":\"-10\",\"rex_effect_insert_image_padding_y\":\"-10\"},\"rex_effect_mediapath\":{\"rex_effect_mediapath_mediapath\":\"\"},\"rex_effect_mirror\":{\"rex_effect_mirror_height\":\"\",\"rex_effect_mirror_set_transparent\":\"colored\",\"rex_effect_mirror_bg_r\":\"\",\"rex_effect_mirror_bg_g\":\"\",\"rex_effect_mirror_bg_b\":\"\"},\"rex_effect_resize\":{\"rex_effect_resize_width\":\"\",\"rex_effect_resize_height\":\"\",\"rex_effect_resize_style\":\"maximum\",\"rex_effect_resize_allow_enlarge\":\"enlarge\"},\"rex_effect_rounded_corners\":{\"rex_effect_rounded_corners_topleft\":\"\",\"rex_effect_rounded_corners_topright\":\"\",\"rex_effect_rounded_corners_bottomleft\":\"\",\"rex_effect_rounded_corners_bottomright\":\"\"},\"rex_effect_workspace\":{\"rex_effect_workspace_width\":\"\",\"rex_effect_workspace_height\":\"\",\"rex_effect_workspace_hpos\":\"left\",\"rex_effect_workspace_vpos\":\"top\",\"rex_effect_workspace_set_transparent\":\"colored\",\"rex_effect_workspace_bg_r\":\"\",\"rex_effect_workspace_bg_g\":\"\",\"rex_effect_workspace_bg_b\":\"\"}}',3,'2016-05-12 10:41:11','admin','2016-05-12 10:41:11','admin'),
  (16,11,'resize','{\"rex_effect_crop\":{\"rex_effect_crop_width\":\"\",\"rex_effect_crop_height\":\"\",\"rex_effect_crop_offset_width\":\"\",\"rex_effect_crop_offset_height\":\"\",\"rex_effect_crop_hpos\":\"center\",\"rex_effect_crop_vpos\":\"middle\"},\"rex_effect_filter_blur\":{\"rex_effect_filter_blur_repeats\":\"10\",\"rex_effect_filter_blur_type\":\"gaussian\",\"rex_effect_filter_blur_smoothit\":\"\"},\"rex_effect_filter_sharpen\":{\"rex_effect_filter_sharpen_amount\":\"80\",\"rex_effect_filter_sharpen_radius\":\"0.5\",\"rex_effect_filter_sharpen_threshold\":\"3\"},\"rex_effect_flip\":{\"rex_effect_flip_flip\":\"X\"},\"rex_effect_header\":{\"rex_effect_header_download\":\"open_media\",\"rex_effect_header_cache\":\"no_cache\"},\"rex_effect_insert_image\":{\"rex_effect_insert_image_brandimage\":\"\",\"rex_effect_insert_image_hpos\":\"left\",\"rex_effect_insert_image_vpos\":\"top\",\"rex_effect_insert_image_padding_x\":\"-10\",\"rex_effect_insert_image_padding_y\":\"-10\"},\"rex_effect_mediapath\":{\"rex_effect_mediapath_mediapath\":\"\"},\"rex_effect_mirror\":{\"rex_effect_mirror_height\":\"\",\"rex_effect_mirror_set_transparent\":\"colored\",\"rex_effect_mirror_bg_r\":\"\",\"rex_effect_mirror_bg_g\":\"\",\"rex_effect_mirror_bg_b\":\"\"},\"rex_effect_resize\":{\"rex_effect_resize_width\":\"750\",\"rex_effect_resize_height\":\"428\",\"rex_effect_resize_style\":\"minimum\",\"rex_effect_resize_allow_enlarge\":\"enlarge\"},\"rex_effect_rounded_corners\":{\"rex_effect_rounded_corners_topleft\":\"\",\"rex_effect_rounded_corners_topright\":\"\",\"rex_effect_rounded_corners_bottomleft\":\"\",\"rex_effect_rounded_corners_bottomright\":\"\"},\"rex_effect_workspace\":{\"rex_effect_workspace_width\":\"\",\"rex_effect_workspace_height\":\"\",\"rex_effect_workspace_hpos\":\"left\",\"rex_effect_workspace_vpos\":\"top\",\"rex_effect_workspace_set_transparent\":\"colored\",\"rex_effect_workspace_bg_r\":\"\",\"rex_effect_workspace_bg_g\":\"\",\"rex_effect_workspace_bg_b\":\"\"}}',1,'2016-05-15 19:28:22','admin','2016-05-15 19:28:22','admin'),
  (17,11,'crop','{\"rex_effect_crop\":{\"rex_effect_crop_width\":\"750\",\"rex_effect_crop_height\":\"428\",\"rex_effect_crop_offset_width\":\"\",\"rex_effect_crop_offset_height\":\"\",\"rex_effect_crop_hpos\":\"center\",\"rex_effect_crop_vpos\":\"bottom\"},\"rex_effect_filter_blur\":{\"rex_effect_filter_blur_repeats\":\"10\",\"rex_effect_filter_blur_type\":\"gaussian\",\"rex_effect_filter_blur_smoothit\":\"\"},\"rex_effect_filter_sharpen\":{\"rex_effect_filter_sharpen_amount\":\"80\",\"rex_effect_filter_sharpen_radius\":\"0.5\",\"rex_effect_filter_sharpen_threshold\":\"3\"},\"rex_effect_flip\":{\"rex_effect_flip_flip\":\"X\"},\"rex_effect_header\":{\"rex_effect_header_download\":\"open_media\",\"rex_effect_header_cache\":\"no_cache\"},\"rex_effect_insert_image\":{\"rex_effect_insert_image_brandimage\":\"\",\"rex_effect_insert_image_hpos\":\"left\",\"rex_effect_insert_image_vpos\":\"top\",\"rex_effect_insert_image_padding_x\":\"-10\",\"rex_effect_insert_image_padding_y\":\"-10\"},\"rex_effect_mediapath\":{\"rex_effect_mediapath_mediapath\":\"\"},\"rex_effect_mirror\":{\"rex_effect_mirror_height\":\"\",\"rex_effect_mirror_set_transparent\":\"colored\",\"rex_effect_mirror_bg_r\":\"\",\"rex_effect_mirror_bg_g\":\"\",\"rex_effect_mirror_bg_b\":\"\"},\"rex_effect_resize\":{\"rex_effect_resize_width\":\"\",\"rex_effect_resize_height\":\"\",\"rex_effect_resize_style\":\"maximum\",\"rex_effect_resize_allow_enlarge\":\"enlarge\"},\"rex_effect_rounded_corners\":{\"rex_effect_rounded_corners_topleft\":\"\",\"rex_effect_rounded_corners_topright\":\"\",\"rex_effect_rounded_corners_bottomleft\":\"\",\"rex_effect_rounded_corners_bottomright\":\"\"},\"rex_effect_workspace\":{\"rex_effect_workspace_width\":\"\",\"rex_effect_workspace_height\":\"\",\"rex_effect_workspace_hpos\":\"left\",\"rex_effect_workspace_vpos\":\"top\",\"rex_effect_workspace_set_transparent\":\"colored\",\"rex_effect_workspace_bg_r\":\"\",\"rex_effect_workspace_bg_g\":\"\",\"rex_effect_workspace_bg_b\":\"\"}}',2,'2016-05-15 19:35:01','admin','2016-05-15 19:28:34','admin'),
  (18,11,'filter_greyscale','{\"rex_effect_crop\":{\"rex_effect_crop_width\":\"\",\"rex_effect_crop_height\":\"\",\"rex_effect_crop_offset_width\":\"\",\"rex_effect_crop_offset_height\":\"\",\"rex_effect_crop_hpos\":\"center\",\"rex_effect_crop_vpos\":\"middle\"},\"rex_effect_filter_blur\":{\"rex_effect_filter_blur_repeats\":\"40\",\"rex_effect_filter_blur_type\":\"gaussian\",\"rex_effect_filter_blur_smoothit\":\"5\"},\"rex_effect_filter_sharpen\":{\"rex_effect_filter_sharpen_amount\":\"80\",\"rex_effect_filter_sharpen_radius\":\"0.5\",\"rex_effect_filter_sharpen_threshold\":\"3\"},\"rex_effect_flip\":{\"rex_effect_flip_flip\":\"X\"},\"rex_effect_header\":{\"rex_effect_header_download\":\"open_media\",\"rex_effect_header_cache\":\"no_cache\"},\"rex_effect_insert_image\":{\"rex_effect_insert_image_brandimage\":\"\",\"rex_effect_insert_image_hpos\":\"left\",\"rex_effect_insert_image_vpos\":\"top\",\"rex_effect_insert_image_padding_x\":\"-10\",\"rex_effect_insert_image_padding_y\":\"-10\"},\"rex_effect_mediapath\":{\"rex_effect_mediapath_mediapath\":\"\"},\"rex_effect_mirror\":{\"rex_effect_mirror_height\":\"\",\"rex_effect_mirror_set_transparent\":\"colored\",\"rex_effect_mirror_bg_r\":\"\",\"rex_effect_mirror_bg_g\":\"\",\"rex_effect_mirror_bg_b\":\"\"},\"rex_effect_resize\":{\"rex_effect_resize_width\":\"\",\"rex_effect_resize_height\":\"\",\"rex_effect_resize_style\":\"maximum\",\"rex_effect_resize_allow_enlarge\":\"enlarge\"},\"rex_effect_rounded_corners\":{\"rex_effect_rounded_corners_topleft\":\"\",\"rex_effect_rounded_corners_topright\":\"\",\"rex_effect_rounded_corners_bottomleft\":\"\",\"rex_effect_rounded_corners_bottomright\":\"\"},\"rex_effect_workspace\":{\"rex_effect_workspace_width\":\"\",\"rex_effect_workspace_height\":\"\",\"rex_effect_workspace_hpos\":\"left\",\"rex_effect_workspace_vpos\":\"top\",\"rex_effect_workspace_set_transparent\":\"colored\",\"rex_effect_workspace_bg_r\":\"\",\"rex_effect_workspace_bg_g\":\"\",\"rex_effect_workspace_bg_b\":\"\"}}',3,'2016-05-15 19:29:45','admin','2016-05-15 19:28:45','admin'),
  (19,11,'filter_blur','{\"rex_effect_crop\":{\"rex_effect_crop_width\":\"\",\"rex_effect_crop_height\":\"\",\"rex_effect_crop_offset_width\":\"\",\"rex_effect_crop_offset_height\":\"\",\"rex_effect_crop_hpos\":\"center\",\"rex_effect_crop_vpos\":\"middle\"},\"rex_effect_filter_blur\":{\"rex_effect_filter_blur_repeats\":\"30\",\"rex_effect_filter_blur_type\":\"gaussian\",\"rex_effect_filter_blur_smoothit\":\"10\"},\"rex_effect_filter_sharpen\":{\"rex_effect_filter_sharpen_amount\":\"80\",\"rex_effect_filter_sharpen_radius\":\"0.5\",\"rex_effect_filter_sharpen_threshold\":\"3\"},\"rex_effect_flip\":{\"rex_effect_flip_flip\":\"X\"},\"rex_effect_header\":{\"rex_effect_header_download\":\"open_media\",\"rex_effect_header_cache\":\"no_cache\"},\"rex_effect_insert_image\":{\"rex_effect_insert_image_brandimage\":\"\",\"rex_effect_insert_image_hpos\":\"left\",\"rex_effect_insert_image_vpos\":\"top\",\"rex_effect_insert_image_padding_x\":\"-10\",\"rex_effect_insert_image_padding_y\":\"-10\"},\"rex_effect_mediapath\":{\"rex_effect_mediapath_mediapath\":\"\"},\"rex_effect_mirror\":{\"rex_effect_mirror_height\":\"\",\"rex_effect_mirror_set_transparent\":\"colored\",\"rex_effect_mirror_bg_r\":\"\",\"rex_effect_mirror_bg_g\":\"\",\"rex_effect_mirror_bg_b\":\"\"},\"rex_effect_resize\":{\"rex_effect_resize_width\":\"\",\"rex_effect_resize_height\":\"\",\"rex_effect_resize_style\":\"maximum\",\"rex_effect_resize_allow_enlarge\":\"enlarge\"},\"rex_effect_rounded_corners\":{\"rex_effect_rounded_corners_topleft\":\"\",\"rex_effect_rounded_corners_topright\":\"\",\"rex_effect_rounded_corners_bottomleft\":\"\",\"rex_effect_rounded_corners_bottomright\":\"\"},\"rex_effect_workspace\":{\"rex_effect_workspace_width\":\"\",\"rex_effect_workspace_height\":\"\",\"rex_effect_workspace_hpos\":\"left\",\"rex_effect_workspace_vpos\":\"top\",\"rex_effect_workspace_set_transparent\":\"colored\",\"rex_effect_workspace_bg_r\":\"\",\"rex_effect_workspace_bg_g\":\"\",\"rex_effect_workspace_bg_b\":\"\"}}',4,'2016-05-15 19:34:05','admin','2016-05-15 19:33:26','admin'),
  (20,12,'resize','{\"rex_effect_crop\":{\"rex_effect_crop_width\":\"\",\"rex_effect_crop_height\":\"\",\"rex_effect_crop_offset_width\":\"\",\"rex_effect_crop_offset_height\":\"\",\"rex_effect_crop_hpos\":\"center\",\"rex_effect_crop_vpos\":\"middle\"},\"rex_effect_filter_blur\":{\"rex_effect_filter_blur_repeats\":\"10\",\"rex_effect_filter_blur_type\":\"gaussian\",\"rex_effect_filter_blur_smoothit\":\"\"},\"rex_effect_filter_sharpen\":{\"rex_effect_filter_sharpen_amount\":\"80\",\"rex_effect_filter_sharpen_radius\":\"0.5\",\"rex_effect_filter_sharpen_threshold\":\"3\"},\"rex_effect_flip\":{\"rex_effect_flip_flip\":\"X\"},\"rex_effect_header\":{\"rex_effect_header_download\":\"open_media\",\"rex_effect_header_cache\":\"no_cache\"},\"rex_effect_insert_image\":{\"rex_effect_insert_image_brandimage\":\"\",\"rex_effect_insert_image_hpos\":\"left\",\"rex_effect_insert_image_vpos\":\"top\",\"rex_effect_insert_image_padding_x\":\"-10\",\"rex_effect_insert_image_padding_y\":\"-10\"},\"rex_effect_mediapath\":{\"rex_effect_mediapath_mediapath\":\"\"},\"rex_effect_mirror\":{\"rex_effect_mirror_height\":\"\",\"rex_effect_mirror_set_transparent\":\"colored\",\"rex_effect_mirror_bg_r\":\"\",\"rex_effect_mirror_bg_g\":\"\",\"rex_effect_mirror_bg_b\":\"\"},\"rex_effect_resize\":{\"rex_effect_resize_width\":\"2000\",\"rex_effect_resize_height\":\"550\",\"rex_effect_resize_style\":\"minimum\",\"rex_effect_resize_allow_enlarge\":\"enlarge\"},\"rex_effect_rounded_corners\":{\"rex_effect_rounded_corners_topleft\":\"\",\"rex_effect_rounded_corners_topright\":\"\",\"rex_effect_rounded_corners_bottomleft\":\"\",\"rex_effect_rounded_corners_bottomright\":\"\"},\"rex_effect_workspace\":{\"rex_effect_workspace_width\":\"\",\"rex_effect_workspace_height\":\"\",\"rex_effect_workspace_hpos\":\"left\",\"rex_effect_workspace_vpos\":\"top\",\"rex_effect_workspace_set_transparent\":\"colored\",\"rex_effect_workspace_bg_r\":\"\",\"rex_effect_workspace_bg_g\":\"\",\"rex_effect_workspace_bg_b\":\"\"}}',1,'2016-05-20 22:19:49','admin','2016-05-20 22:19:49','admin'),
  (21,12,'crop','{\"rex_effect_crop\":{\"rex_effect_crop_width\":\"2000\",\"rex_effect_crop_height\":\"550\",\"rex_effect_crop_offset_width\":\"\",\"rex_effect_crop_offset_height\":\"\",\"rex_effect_crop_hpos\":\"center\",\"rex_effect_crop_vpos\":\"middle\"},\"rex_effect_filter_blur\":{\"rex_effect_filter_blur_repeats\":\"10\",\"rex_effect_filter_blur_type\":\"gaussian\",\"rex_effect_filter_blur_smoothit\":\"\"},\"rex_effect_filter_sharpen\":{\"rex_effect_filter_sharpen_amount\":\"80\",\"rex_effect_filter_sharpen_radius\":\"0.5\",\"rex_effect_filter_sharpen_threshold\":\"3\"},\"rex_effect_flip\":{\"rex_effect_flip_flip\":\"X\"},\"rex_effect_header\":{\"rex_effect_header_download\":\"open_media\",\"rex_effect_header_cache\":\"no_cache\"},\"rex_effect_insert_image\":{\"rex_effect_insert_image_brandimage\":\"\",\"rex_effect_insert_image_hpos\":\"left\",\"rex_effect_insert_image_vpos\":\"top\",\"rex_effect_insert_image_padding_x\":\"-10\",\"rex_effect_insert_image_padding_y\":\"-10\"},\"rex_effect_mediapath\":{\"rex_effect_mediapath_mediapath\":\"\"},\"rex_effect_mirror\":{\"rex_effect_mirror_height\":\"\",\"rex_effect_mirror_set_transparent\":\"colored\",\"rex_effect_mirror_bg_r\":\"\",\"rex_effect_mirror_bg_g\":\"\",\"rex_effect_mirror_bg_b\":\"\"},\"rex_effect_resize\":{\"rex_effect_resize_width\":\"\",\"rex_effect_resize_height\":\"\",\"rex_effect_resize_style\":\"maximum\",\"rex_effect_resize_allow_enlarge\":\"enlarge\"},\"rex_effect_rounded_corners\":{\"rex_effect_rounded_corners_topleft\":\"\",\"rex_effect_rounded_corners_topright\":\"\",\"rex_effect_rounded_corners_bottomleft\":\"\",\"rex_effect_rounded_corners_bottomright\":\"\"},\"rex_effect_workspace\":{\"rex_effect_workspace_width\":\"\",\"rex_effect_workspace_height\":\"\",\"rex_effect_workspace_hpos\":\"left\",\"rex_effect_workspace_vpos\":\"top\",\"rex_effect_workspace_set_transparent\":\"colored\",\"rex_effect_workspace_bg_r\":\"\",\"rex_effect_workspace_bg_g\":\"\",\"rex_effect_workspace_bg_b\":\"\"}}',2,'2016-05-20 22:22:13','admin','2016-05-20 22:22:13','admin'),
  (22,12,'filter_sharpen','{\"rex_effect_crop\":{\"rex_effect_crop_width\":\"\",\"rex_effect_crop_height\":\"\",\"rex_effect_crop_offset_width\":\"\",\"rex_effect_crop_offset_height\":\"\",\"rex_effect_crop_hpos\":\"center\",\"rex_effect_crop_vpos\":\"middle\"},\"rex_effect_filter_blur\":{\"rex_effect_filter_blur_repeats\":\"10\",\"rex_effect_filter_blur_type\":\"gaussian\",\"rex_effect_filter_blur_smoothit\":\"\"},\"rex_effect_filter_sharpen\":{\"rex_effect_filter_sharpen_amount\":\"60\",\"rex_effect_filter_sharpen_radius\":\"0.5\",\"rex_effect_filter_sharpen_threshold\":\"3\"},\"rex_effect_flip\":{\"rex_effect_flip_flip\":\"X\"},\"rex_effect_header\":{\"rex_effect_header_download\":\"open_media\",\"rex_effect_header_cache\":\"no_cache\"},\"rex_effect_insert_image\":{\"rex_effect_insert_image_brandimage\":\"\",\"rex_effect_insert_image_hpos\":\"left\",\"rex_effect_insert_image_vpos\":\"top\",\"rex_effect_insert_image_padding_x\":\"-10\",\"rex_effect_insert_image_padding_y\":\"-10\"},\"rex_effect_mediapath\":{\"rex_effect_mediapath_mediapath\":\"\"},\"rex_effect_mirror\":{\"rex_effect_mirror_height\":\"\",\"rex_effect_mirror_set_transparent\":\"colored\",\"rex_effect_mirror_bg_r\":\"\",\"rex_effect_mirror_bg_g\":\"\",\"rex_effect_mirror_bg_b\":\"\"},\"rex_effect_resize\":{\"rex_effect_resize_width\":\"\",\"rex_effect_resize_height\":\"\",\"rex_effect_resize_style\":\"maximum\",\"rex_effect_resize_allow_enlarge\":\"enlarge\"},\"rex_effect_rounded_corners\":{\"rex_effect_rounded_corners_topleft\":\"\",\"rex_effect_rounded_corners_topright\":\"\",\"rex_effect_rounded_corners_bottomleft\":\"\",\"rex_effect_rounded_corners_bottomright\":\"\"},\"rex_effect_workspace\":{\"rex_effect_workspace_width\":\"\",\"rex_effect_workspace_height\":\"\",\"rex_effect_workspace_hpos\":\"left\",\"rex_effect_workspace_vpos\":\"top\",\"rex_effect_workspace_set_transparent\":\"colored\",\"rex_effect_workspace_bg_r\":\"\",\"rex_effect_workspace_bg_g\":\"\",\"rex_effect_workspace_bg_b\":\"\"}}',3,'2016-05-20 22:22:32','admin','2016-05-20 22:22:32','admin');
/*!40000 ALTER TABLE `rex_media_manager_type_effect` ENABLE KEYS */;
UNLOCK TABLES;

DROP TABLE IF EXISTS `rex_metainfo_field`;
CREATE TABLE `rex_metainfo_field` (
  `id` int(10) unsigned NOT NULL AUTO_INCREMENT,
  `title` varchar(255) DEFAULT NULL,
  `name` varchar(255) DEFAULT NULL,
  `priority` int(10) unsigned NOT NULL,
  `attributes` text NOT NULL,
  `type_id` int(10) unsigned DEFAULT NULL,
  `default` varchar(255) NOT NULL,
  `params` text,
  `validate` text,
  `callback` text,
  `restrictions` text,
  `createuser` varchar(255) NOT NULL,
  `createdate` datetime NOT NULL,
  `updateuser` varchar(255) NOT NULL,
  `updatedate` datetime NOT NULL,
  PRIMARY KEY (`id`),
  UNIQUE KEY `name` (`name`)
) ENGINE=InnoDB AUTO_INCREMENT=10 DEFAULT CHARSET=utf8;

LOCK TABLES `rex_metainfo_field` WRITE;
/*!40000 ALTER TABLE `rex_metainfo_field` DISABLE KEYS */;
INSERT INTO `rex_metainfo_field` VALUES 
  (1,'Untertitel (Headerfoto)','art_subtitle',1,'',1,'','','','','','admin','2016-05-11 23:48:59','admin','2016-05-11 23:48:59'),
  (2,'Individueller Title-Tag','art_title',2,'',1,'','','','','','admin','2016-05-11 23:49:21','admin','2016-05-11 23:49:21'),
  (3,'Meta-Tag Keywords','art_keywords',3,'',1,'','','','','','admin','2016-05-11 23:49:52','admin','2016-05-11 23:51:16'),
  (4,'Meta-Tag Beschreibung','art_description',4,'',2,'','','','','','admin','2016-05-11 23:50:43','admin','2016-05-11 23:50:43'),
  (5,'Headerbild','art_file',5,'',6,'','','','','','admin','2016-05-11 23:51:57','admin','2016-05-11 23:51:57'),
  (6,'Folgende Icons stehen zur Verfügung: https://themify.me/themify-icons','art_legend_icon',6,'',12,'','','','','','admin','2016-05-11 23:52:44','admin','2016-06-07 18:13:07'),
  (7,'Navi-Icon, EIngabe z.B. ti-star','art_nav_icon',7,'',1,'','','','','','admin','2016-05-11 23:53:44','admin','2016-05-11 23:53:44'),
  (8,'Beschreibung','med_description',1,'',1,'','','','','','admin','2016-05-11 23:54:37','admin','2016-05-11 23:54:37'),
  (9,'Kommentare','art_comment',8,'',5,'','','','','','admin','2016-05-15 13:29:20','admin','2016-05-15 13:29:20');
/*!40000 ALTER TABLE `rex_metainfo_field` ENABLE KEYS */;
UNLOCK TABLES;

DROP TABLE IF EXISTS `rex_metainfo_type`;
CREATE TABLE `rex_metainfo_type` (
  `id` int(10) unsigned NOT NULL AUTO_INCREMENT,
  `label` varchar(255) DEFAULT NULL,
  `dbtype` varchar(255) NOT NULL,
  `dblength` int(11) NOT NULL,
  PRIMARY KEY (`id`)
) ENGINE=InnoDB AUTO_INCREMENT=14 DEFAULT CHARSET=utf8;

LOCK TABLES `rex_metainfo_type` WRITE;
/*!40000 ALTER TABLE `rex_metainfo_type` DISABLE KEYS */;
INSERT INTO `rex_metainfo_type` VALUES 
  (1,'text','text',0),
  (2,'textarea','text',0),
  (3,'select','varchar',255),
  (4,'radio','varchar',255),
  (5,'checkbox','varchar',255),
  (6,'REX_MEDIA_WIDGET','varchar',255),
  (7,'REX_MEDIALIST_WIDGET','text',0),
  (8,'REX_LINK_WIDGET','varchar',255),
  (9,'REX_LINKLIST_WIDGET','text',0),
  (10,'date','text',0),
  (11,'datetime','text',0),
  (12,'legend','text',0),
  (13,'time','text',0);
/*!40000 ALTER TABLE `rex_metainfo_type` ENABLE KEYS */;
UNLOCK TABLES;

DROP TABLE IF EXISTS `rex_module`;
CREATE TABLE `rex_module` (
  `id` int(10) unsigned NOT NULL AUTO_INCREMENT,
  `name` varchar(255) NOT NULL,
  `output` text NOT NULL,
  `input` text NOT NULL,
  `createuser` varchar(255) NOT NULL,
  `updateuser` varchar(255) NOT NULL,
  `createdate` datetime NOT NULL,
  `updatedate` datetime NOT NULL,
  `attributes` text,
  `revision` int(10) unsigned NOT NULL,
  PRIMARY KEY (`id`)
) ENGINE=InnoDB AUTO_INCREMENT=15 DEFAULT CHARSET=utf8;

LOCK TABLES `rex_module` WRITE;
/*!40000 ALTER TABLE `rex_module` DISABLE KEYS */;
INSERT INTO `rex_module` VALUES 
  (1,'01 . YForm Formbuilder','<?php\r\n\r\n/**\r\n * yform\r\n * @author jan.kristinus[at]redaxo[dot]org Jan Kristinus\r\n * @author <a href=\"http://www.yakamara.de\">www.yakamara.de</a>\r\n */\r\n\r\n// module:yform_basic_output\r\n// v1.0.1\r\n//--------------------------------------------------------------------------------\r\n\r\n$yform = new rex_yform;\r\nif (\"REX_VALUE[7]\" == 1) { $yform->setDebug(TRUE); }\r\n$form_data = \"REX_VALUE[id=3 output=html]\";\r\n$form_data = trim(rex_yform::unhtmlentities($form_data));\r\n$yform->setObjectparams(\'form_action\', rex_getUrl(REX_ARTICLE_ID,REX_CLANG_ID));\r\n$yform->setFormData($form_data);\r\n\r\n// action - showtext\r\nif(\"REX_VALUE[id=11]\" != \"\") {\r\n    $html = \"0\"; // plaintext\r\n    if(\'REX_VALUE[11]\' == 1) $html = \"1\"; // html\r\n    if(\'REX_VALUE[11]\' == 2) $html = \"2\"; // textile\r\n\r\n    $e3 = \'\'; $e4 = \'\';\r\n    if ($html == \"0\") {\r\n        $e3 = \'<div class=\"alert alert-success\">\';\r\n        $e4 = \'</div>\';\r\n    }\r\n\r\n    $t = str_replace(\"<br />\",\"\",rex_yform::unhtmlentities(\'REX_VALUE[6]\'));\r\n    $yform->setActionField(\"showtext\",array(\r\n    $t,\r\n    $e3,\r\n    $e4,\r\n    $html // als HTML interpretieren\r\n    )\r\n    );\r\n}\r\n\r\n$form_type = \"REX_VALUE[1]\";\r\n\r\n// action - email\r\nif ($form_type == \"1\" || $form_type == \"2\") {\r\n    $mail_from = (\'REX_VALUE[2]\' != \'\') ? \'REX_VALUE[2]\' : rex::getErrorEmail();\r\n    $mail_to = (\'REX_VALUE[12]\' != \'\') ? \'REX_VALUE[12]\' : rex::getErrorEmail();\r\n    $mail_subject = \"REX_VALUE[4]\";\r\n    $mail_body = str_replace(\"<br />\",\"\",rex_yform::unhtmlentities(\'REX_VALUE[5]\'));\r\n    $yform->setActionField(\"email\", array(\r\n    $mail_from,\r\n    $mail_to,\r\n    $mail_subject,\r\n    $mail_body\r\n    )\r\n    );\r\n}\r\n\r\n// action - db\r\nif ($form_type == \"0\" || $form_type == \"2\") {\r\n    $yform->setObjectparams(\'main_table\', \'REX_VALUE[8]\');\r\n\r\n    //getdata\r\n    if (\"REX_VALUE[10]\" != \"\")\r\n        $yform->setObjectparams(\"getdata\",TRUE);\r\n\r\n    $yform->setActionField(\"db\", array(\r\n    \"REX_VALUE[8]\", // table\r\n    $yform->objparams[\"main_where\"], // where\r\n    )\r\n    );\r\n}\r\n\r\necho $yform->getForm();\r\n?>','<?php\r\n\r\n/**\r\n * yform\r\n * @author jan.kristinus[at]redaxo[dot]org Jan Kristinus\r\n * @author <a href=\"http://www.yakamara.de\">www.yakamara.de</a>\r\n */\r\n\r\n// module:yform_basic_input\r\n// v1.0\r\n// --------------------------------------------------------------------------------\r\n\r\n// DEBUG SELECT\r\n////////////////////////////////////////////////////////////////////////////////\r\n$dbg_sel = new rex_select();\r\n$dbg_sel->setName(\'REX_INPUT_VALUE[7]\');\r\n$dbg_sel->setAttribute(\'class\', \'form-control\');\r\n$dbg_sel->addOption(\'inaktiv\',\'0\');\r\n$dbg_sel->addOption(\'aktiv\',\'1\');\r\n$dbg_sel->setSelected(\'REX_VALUE[7]\');\r\n$dbg_sel = $dbg_sel->get();\r\n\r\n\r\n// TABLE SELECT\r\n////////////////////////////////////////////////////////////////////////////////\r\n$gc = rex_sql::factory();\r\n$gc->setQuery(\'SHOW TABLES\');\r\n$tables = $gc->getArray();\r\n$tbl_sel = new rex_select();\r\n$tbl_sel->setName(\'REX_INPUT_VALUE[8]\');\r\n$tbl_sel->setAttribute(\'class\', \'form-control\');\r\n$tbl_sel->addOption(\'Keine Tabelle ausgewählt\', \'\');\r\nforeach ($tables as $key => $value) {\r\n  $tbl_sel->addOption(current($value), current($value));\r\n}\r\n$tbl_sel->setSelected(\'REX_VALUE[8]\');\r\n$tbl_sel = $tbl_sel->get();\r\n\r\n\r\n// PLACEHOLDERS\r\n////////////////////////////////////////////////////////////////////////////////\r\n$yform = new rex_yform;\r\n$form_data = \'REX_VALUE[3]\';\r\n$form_data = trim(str_replace(\'<br />\',\'\',rex_yform::unhtmlentities($form_data)));\r\n$yform->setFormData($form_data);\r\n$yform->setRedaxoVars(REX_ARTICLE_ID,REX_CLANG_ID);\r\n$placeholders = \'\';\r\nif(\'REX_VALUE[3]\'!=\'\') {\r\n  $ignores = array(\'html\',\'validate\',\'action\');\r\n  $placeholders .= \'\r\n        <div id=\"yform-js-formbuilder-placeholders\">\r\n            <h3>Platzhalter: <span>[<a href=\"#\" id=\"yform-js-formbuilder-placeholders-help-toggler\">?</a>]</span></h3>\'.PHP_EOL;\r\n  foreach($yform->objparams[\'form_elements\'] as $e) {\r\n    if(!in_array($e[0],$ignores) && isset($e[1])) {\r\n      $label = (isset($e[2]) && $e[2] != \'\') ? $e[2] . \': \' : \'\';\r\n      $placeholders .= \'<code>\' . $label . \'###\'.$e[1].\'###</code> \'.PHP_EOL;\r\n    }\r\n  }\r\n  $placeholders .= \'\r\n            <ul id=\"yform-js-formbuilder-placeholders-help\">\r\n                <li>Die Platzhalter ergeben sich aus den obenstehenden Felddefinitionen.</li>\r\n                <li>Per Klick können einzelne Platzhalter in den Mail-Body kopiert werden.</li>\r\n                <li>Aktualisierung der Platzhalter erfolgt über die Aktualisierung des Moduls.</li>\r\n            </ul>\r\n        </div>\'.PHP_EOL;\r\n}\r\n\r\n\r\n// OTHERS\r\n////////////////////////////////////////////////////////////////////////////////\r\n$row_pad = 1;\r\n\r\n$sel = \'REX_VALUE[1]\';\r\n$db_display   = ($sel==\'\' || $sel==1) ?\' style=\"display:none\"\':\'\';\r\n$mail_display = ($sel==\'\' || $sel==0) ?\' style=\"display:none\"\':\'\';\r\n\r\n?>\r\n\r\n<div id=\"yform-formbuilder\">\r\n  <fieldset class=\"form-horizontal\">\r\n    <legend>Formular</legend>\r\n    <div class=\"form-group\">\r\n      <label class=\"col-md-2 control-label text-left\">Debug Modus</label>\r\n      <div class=\"col-md-10\">\r\n        <div class=\"yform-select-style\">\r\n          <?= $dbg_sel; ?>\r\n        </div>\r\n      </div>\r\n    </div>\r\n    <div class=\"form-group\">\r\n      <label class=\"col-md-2 control-label\" for=\"yform-formbuilder-definition\">Felddefinitionen</label>\r\n      <div class=\"col-md-10\">\r\n        <textarea class=\"form-control\" style=\"font-family: monospace;\" id=\"yform-formbuilder-definition\" name=\"REX_INPUT_VALUE[3]\" rows=\"<?php echo (count(explode(\"\\r\",\'REX_VALUE[3]\'))+$row_pad);?>\">REX_VALUE[3]</textarea>\r\n      </div>\r\n    </div>\r\n    <div class=\"form-group\">\r\n      <label class=\"col-md-2 control-label\">Verfügbare Feldklassen</label>\r\n      <div class=\"col-md-10\">\r\n        <div id=\"yform-formbuilder-classes-showhelp\"><?= rex_yform::showHelp(true,true); ?></div>\r\n      </div>\r\n    </div>\r\n    <div class=\"form-group\">\r\n      <label class=\"col-md-2 control-label\">Meldung bei erfolgreichen Versand</label>\r\n      <div class=\"col-md-10\">\r\n        <label class=\"radio-inline\">\r\n          <input type=\"radio\" name=\"REX_INPUT_VALUE[11]\" value=\"0\"<?php if(\"REX_VALUE[11]\" == \'0\') echo \' checked\'; ?> /> Plaintext\r\n        </label>\r\n        <label class=\"radio-inline\">\r\n          <input type=\"radio\" name=\"REX_INPUT_VALUE[11]\" value=\"1\"<?php if(\"REX_VALUE[11]\" == \'1\') echo \' checked\'; ?> /> HTML\r\n        </label>\r\n        <label class=\"radio-inline\">\r\n          <input type=\"radio\" name=\"REX_INPUT_VALUE[11]\" value=\"2\"<?php if(\"REX_VALUE[11]\" == \'2\') echo \' checked\'; ?> /> Textile\r\n        </label>\r\n      </div>\r\n      <div class=\"col-md-offset-2 col-md-10\">\r\n        <textarea class=\"form-control\" name=\"REX_INPUT_VALUE[6]\" rows=\"<?php echo (count(explode(\"\\r\",\'REX_VALUE[6]\'))+$row_pad);?>\">REX_VALUE[6]</textarea>\r\n      </div>\r\n    </div>\r\n  </fieldset>\r\n\r\n  <fieldset class=\"form-horizontal\">\r\n    <legend>Vordefinierte Aktionen</legend>\r\n\r\n    <div class=\"form-group\">\r\n      <label class=\"col-md-2 control-label\">Bei Submit</label>\r\n      <div class=\"col-md-10\">\r\n        <div class=\"yform-select-style\">\r\n          <select class=\"form-control\" id=\"yform-js-formbuilder-action-select\" name=\"REX_INPUT_VALUE[1]\" size=\"1\">\r\n            <option value=\"\"<?php if(\"REX_VALUE[1]\" == \"\")  echo \" selected \"; ?>>Nichts machen (actions im Formular definieren)</option>\r\n            <option value=\"0\"<?php if(\"REX_VALUE[1]\" == \"0\") echo \" selected \"; ?>>Nur in Datenbank speichern</option>\r\n            <option value=\"1\"<?php if(\"REX_VALUE[1]\" == \"1\") echo \" selected \"; ?>>Nur E-Mail versenden</option>\r\n            <option value=\"2\"<?php if(\"REX_VALUE[1]\" == \"2\") echo \" selected \"; ?>>E-Mail versenden und in Datenbank speichern</option>\r\n          </select>\r\n        </div>\r\n      </div>\r\n    </div>\r\n  </fieldset>\r\n\r\n  <fieldset class=\"form-horizontal\" id=\"yform-js-formbuilder-mail-fieldset\"<?php echo $mail_display;?> >\r\n    <legend>E-Mail-Versand:</legend>\r\n\r\n    <div class=\"form-group\">\r\n      <label class=\"col-md-2 control-label\">Absender</label>\r\n      <div class=\"col-md-10\">\r\n        <input class=\"form-control\" type=\"text\" name=\"REX_INPUT_VALUE[2]\" value=\"REX_VALUE[2]\" />\r\n      </div>\r\n    </div>\r\n    <div class=\"form-group\">\r\n      <label class=\"col-md-2 control-label\">Empfänger</label>\r\n      <div class=\"col-md-10\">\r\n        <input class=\"form-control\" type=\"text\" name=\"REX_INPUT_VALUE[12]\" value=\"REX_VALUE[12]\" />\r\n      </div>\r\n    </div>\r\n    <div class=\"form-group\">\r\n      <label class=\"col-md-2 control-label\">Subject</label>\r\n      <div class=\"col-md-10\">\r\n        <input class=\"form-control\" type=\"text\" name=\"REX_INPUT_VALUE[4]\" value=\"REX_VALUE[4]\" />\r\n      </div>\r\n    </div>\r\n    <div class=\"form-group\">\r\n      <label class=\"col-md-2 control-label\">Mailbody</label>\r\n      <div class=\"col-md-10\">\r\n        <textarea class=\"form-control\" id=\"yform-js-formbuilder-mail-body\" name=\"REX_INPUT_VALUE[5]\" rows=\"<?php echo (count(explode(\"\\r\",\'REX_VALUE[5]\'))+$row_pad);?>\">REX_VALUE[5]</textarea>\r\n        <div class=\"help-block\">\r\n          <?php echo $placeholders;?>\r\n        </div>\r\n      </div>\r\n    </div>\r\n\r\n  </fieldset>\r\n\r\n  <fieldset class=\"form-horizontal\" id=\"yform-js-formbuilder-db-fieldset\"<?php echo $db_display;?> >\r\n    <legend>Datenbank Einstellungen</legend>\r\n\r\n    <div class=\"form-group\">\r\n      <label class=\"col-md-2 control-label\">Tabelle wählen <span>[<a href=\"#\" id=\"yform-js-formbuilder-db-help-toggler\">?</a>]</span></label>\r\n      <div class=\"col-md-10\">\r\n        <div class=\"yform-select-style\">\r\n          <?= $tbl_sel; ?>\r\n        </div>\r\n        <div class=\"help-block\">\r\n          <ul id=\"yform-js-formbuilder-db-help\">\r\n            <li>Hier werden die Daten des Formular hineingespeichert</li>\r\n          </ul>\r\n        </div>\r\n      </div>\r\n    </div>\r\n  </fieldset>\r\n\r\n</div>\r\n\r\n<p id=\"yform-formbuilder-info\"><?=  rex_addon::get(\'yform\')->getName() . \' \' . rex_addon::get(\'yform\')->getVersion() ?></p>\r\n\r\n<script type=\"text/javascript\">\r\n  <!--\r\n  (function($){\r\n\r\n    // AUTOGROW BY ROWS\r\n    $(\'#yform-formbuilder textarea\').keyup(function(){\r\n      var rows = $(this).val().split(/\\r?\\n|\\r/).length + <?php echo $row_pad;?>;\r\n      $(this).attr(\'rows\',rows);\r\n    });\r\n\r\n    // TOGGLERS\r\n    $(\'#yform-js-formbuilder-placeholders-help-toggler\').click(function(e){\r\n      e.preventDefault();\r\n      $(\'#yform-js-formbuilder-placeholders-help\').toggle(50);return false;\r\n    });\r\n    $(\'#yform-js-formbuilder-where-help-toggler\').click(function(e){\r\n      e.preventDefault();\r\n      $(\'#yform-js-formbuilder-where-help\').toggle(50);return false;\r\n    });\r\n    $(\'#yform-js-formbuilder-db-help-toggler\').click(function(e){\r\n      e.preventDefault();\r\n      $(\'#yform-js-formbuilder-db-help\').toggle(50);return false;\r\n    });\r\n\r\n\r\n    // INSERT PLACEHOLDERS\r\n    $(\'#yform-js-formbuilder-placeholders code\').click(function(){\r\n      newval = $(\'#yform-js-formbuilder-mail-body\').val()+\' \'+$(this).html();\r\n      $(\'#yform-js-formbuilder-mail-body\').val(newval);\r\n      $(this).addClass(\'text-muted\');\r\n    });\r\n\r\n    // TOGGLE MAIL/DB PANELS\r\n    $(\'#yform-js-formbuilder-action-select\').change(function(){\r\n      switch($(this).val()){\r\n        case \'\':\r\n          $(\'#yform-js-formbuilder-db-fieldset\').hide(0);\r\n          $(\'#yform-js-formbuilder-mail-fieldset\').hide(0);\r\n          break;\r\n        case \'1\':\r\n          $(\'#yform-js-formbuilder-db-fieldset\').hide(0);\r\n          $(\'#yform-js-formbuilder-mail-fieldset\').show(0);\r\n          break;\r\n        case \'0\':\r\n          $(\'#yform-js-formbuilder-db-fieldset\').show(0);\r\n          $(\'#yform-js-formbuilder-mail-fieldset\').hide(0);\r\n          break;\r\n        case \'2\':\r\n        case \'3\':\r\n          $(\'#yform-js-formbuilder-db-fieldset\').show(0);\r\n          $(\'#yform-js-formbuilder-mail-fieldset\').show(0);\r\n          break;\r\n      }\r\n    });\r\n\r\n  })(jQuery)\r\n  //-->\r\n</script>','admin','','2016-05-12 08:12:14','0000-00-00 00:00:00','',0),
  (2,'02 . Titel und Untertitel','<?php\r\nif (\"REX_VALUE[7]\" == \'indent\') {\r\n	echo \'\r\n	<div class=\"row\">\r\n	<div class=\"col-md-8 col-md-offset-2 text-center\">\';\r\n}\r\n\r\nif (\"REX_VALUE[4]\" == \'top\') {\r\n	echo \'\r\n	<hr>\';\r\n}\r\n\r\n// Ist Überschrift vorhanden?\r\nif (\"REX_VALUE[1]\" != \'\' || \"REX_VALUE[2]\" != \'\') {\r\n	$align = ($this->getTemplateId() == 1) ? \' class=\"text-center\"\' : \'\';\r\n	echo \'\r\n	<REX_VALUE[3]\'.$align.\'>\';\r\n\r\n		if (\"REX_VALUE[1]\" != \'\') {\r\n			echo \'REX_VALUE[1]\';\r\n		}\r\n\r\n		if (\"REX_VALUE[1]\" != \'\' || \"REX_VALUE[2]\" != \'\') {\r\n			echo \'<br>\';\r\n		}\r\n\r\n		if (\"REX_VALUE[2]\" != \'\') {\r\n			echo \'<small class=\"subtitle\">REX_VALUE[2]</small>\';\r\n		}\r\n\r\n	echo \'</REX_VALUE[3]>\';\r\n}\r\n\r\nif (\"REX_VALUE[4]\" == \'bottom\') {\r\n	echo \'\r\n	<hr>\';\r\n}\r\n\r\nif (\"REX_VALUE[7]\" == \'indent\') {\r\n	echo \'\r\n	</div>\r\n	</div>\';\r\n}\r\n?>\r\n','<!-- *******************************************************\r\nTitel / Intro\r\n******************************************************** -->\r\n\r\n<fieldset class=\"form-horizontal\">\r\n\r\n	<div class=\"form-group\">\r\n		<label class=\"col-sm-2 control-label\" for=\"headline\">Titel</label>\r\n		<div class=\"col-sm-10\">\r\n			<input class=\"form-control\" id=\"headline\" type=\"text\" name=\"REX_INPUT_VALUE[1]\" value=\"REX_VALUE[1]\" />\r\n		</div>\r\n	</div>\r\n\r\n	<div class=\"form-group\">\r\n		<label class=\"col-sm-2 control-label\" for=\"subheadline\">Untertitel</label>\r\n		<div class=\"col-sm-10\">\r\n			<input class=\"form-control\" id=\"subheadline\" type=\"text\" name=\"REX_INPUT_VALUE[2]\" value=\"REX_VALUE[2]\" />\r\n		</div>\r\n	</div>\r\n\r\n	<div class=\"form-group\">\r\n		<label class=\"col-sm-2 control-label\" for=\"size\">Größe</label>\r\n		<div class=\"col-sm-10\">\r\n			<?php\r\n				$options = array(\r\n				\'h1\'=>\'h1\',\r\n				\'h2\'=>\'h2\',\r\n				\'h3\'=>\'h3\'\r\n			);\r\n			?>\r\n			<select name=\"REX_INPUT_VALUE[3]\" id=\"size\" class=\"form-control\">\r\n			<?php foreach ($options as $k=>$v) : ?>\r\n			<option value=\"<?php echo $k; ?>\"<?php if ($k == \"REX_VALUE[3]\") echo \' selected=\"selected\"\' ?>><?php echo $v; ?></option>\r\n			<?php endforeach ?>\r\n			</select>\r\n		</div>\r\n	</div>\r\n\r\n	<div class=\"form-group\">\r\n		<label class=\"col-sm-2 control-label\" for=\"size\">Trennlinie</label>\r\n		<div class=\"col-sm-10\">\r\n			<?php\r\n				$options = array(\r\n				\'\'=>\'nein\',\r\n				\'top\'=>\'oberhalb\',\r\n				\'bottom\'=>\'unterhalb\'\r\n			);\r\n			?>\r\n			<select name=\"REX_INPUT_VALUE[4]\" id=\"size\" class=\"form-control\">\r\n			<?php foreach ($options as $k=>$v) : ?>\r\n			<option value=\"<?php echo $k; ?>\"<?php if ($k == \"REX_VALUE[4]\") echo \' selected=\"selected\"\' ?>><?php echo $v; ?></option>\r\n			<?php endforeach ?>\r\n			</select>\r\n		</div>\r\n	</div>\r\n\r\n	<div class=\"form-group\">\r\n		<label class=\"col-sm-2 control-label\" for=\"size\">Abstand</label>\r\n		<div class=\"col-sm-10\">\r\n			<?php\r\n				$options = array(\r\n				\'\'=>\'keiner\',\r\n				\'top\'=>\'oberhalb\'\r\n			);\r\n			?>\r\n			<select name=\"REX_INPUT_VALUE[5]\" id=\"size\" class=\"form-control\">\r\n			<?php foreach ($options as $k=>$v) : ?>\r\n			<option value=\"<?php echo $k; ?>\"<?php if ($k == \"REX_VALUE[5]\") echo \' selected=\"selected\"\' ?>><?php echo $v; ?></option>\r\n			<?php endforeach ?>\r\n			</select>\r\n		</div>\r\n	</div>\r\n\r\n	<div class=\"form-group\">\r\n		<label class=\"col-sm-2 control-label\" for=\"size\">Ausrichtung</label>\r\n		<div class=\"col-sm-10\">\r\n			<?php\r\n				$options = array(\r\n				\'\'=>\'links\',\r\n				\'c\'=>\'zentriert\'\r\n			);\r\n			?>\r\n			<select name=\"REX_INPUT_VALUE[6]\" id=\"size\" class=\"form-control\">\r\n			<?php foreach ($options as $k=>$v) : ?>\r\n			<option value=\"<?php echo $k; ?>\"<?php if ($k == \"REX_VALUE[6]\") echo \' selected=\"selected\"\' ?>><?php echo $v; ?></option>\r\n			<?php endforeach ?>\r\n			</select>\r\n		</div>\r\n	</div>\r\n\r\n	<div class=\"form-group\">\r\n		<label class=\"col-sm-2 control-label\" for=\"size\">Einzug</label>\r\n		<div class=\"col-sm-10\">\r\n			<?php\r\n				$options = array(\r\n				\'\'=>\'keiner\',\r\n				\'indent\'=>\'links und rechts\'\r\n			);\r\n			?>\r\n			<select name=\"REX_INPUT_VALUE[7]\" id=\"size\" class=\"form-control\">\r\n			<?php foreach ($options as $k=>$v) : ?>\r\n			<option value=\"<?php echo $k; ?>\"<?php if ($k == \"REX_VALUE[7]\") echo \' selected=\"selected\"\' ?>><?php echo $v; ?></option>\r\n			<?php endforeach ?>\r\n			</select>\r\n		</div>\r\n	</div>\r\n\r\n</fieldset>\r\n','admin','admin','2016-05-12 08:12:46','2016-05-25 20:40:43','',0),
  (3,'03 . Text (Markdown)','<?php\r\n$distance = (\"REX_VALUE[19]\" != \'\') ? \' REX_VALUE[19]\' : \'\';\r\n$align = (\"REX_VALUE[16]\" == \'center\') ? \' text-center\' : \'\';\r\n\r\necho \'\r\n<section class=\"module-wrapper\">\r\n	<div class=\"full\'.$distance.$align.\'\">\';\r\n\r\n		// Linker und rechter Einzug?\r\n		if (\"REX_VALUE[17]\" == \'vd\') {\r\n			echo \'\r\n			<div class=\"row\">\r\n			<div class=\"col-md-8 col-md-offset-2\">\';\r\n		}\r\n\r\n		if (\"REX_VALUE[18]\" == \'top\') {\r\n			echo \'\r\n			<hr>\';\r\n		}\r\n\r\n		if (\"REX_VALUE[1]\" != \'\') {\r\n			echo \'\r\n			<REX_VALUE[2]>REX_VALUE[1]</REX_VALUE[2]>\';\r\n		}\r\n\r\n		if (\'REX_VALUE[id=3 isset=1]\') {\r\n			// Der Text wird durch Markdown geparst\r\n			$markdown = rex_markitup::parseOutput(\'markdown\', \'REX_VALUE[id=3 output=\"html\"]\');\r\n			echo str_replace(array(\'<strong><em>\',\'</em></strong>\'), array(\'<span class=\"label label-primary\">\',\'</span>\'), $markdown);\r\n		}\r\n\r\n		$link = \'\';\r\n		if (\"REX_LINK[1]\" != \'\') {\r\n			$article = rex_article::get(\"REX_LINK[1]\");\r\n			$linktext = $article->getValue(\'name\');\r\n			$linktext = (\"REX_VALUE[11]\" != \'\') ? \'REX_VALUE[11]\' : $linktext;\r\n			$link = \'\r\n			<br><p><a href=\"\'.rex_getUrl(\"REX_LINK[1]\").\'\" class=\"btn\">\'.$linktext.\'</a></p>\';\r\n		}\r\n		if (\"REX_VALUE[10]\" != \'\') {\r\n			$linktext = (\"REX_VALUE[11]\" != \'\') ? \'REX_VALUE[11]\' : \'REX_VALUE[10]\';\r\n			$link = \'\r\n			<br><p><a href=\"REX_VALUE[10]\" class=\"btn\">\'.$linktext.\'</a></p>\';			\r\n		}\r\n		echo $link;\r\n\r\n		if (\"REX_VALUE[18]\" == \'bottom\') {\r\n			echo \'\r\n			<hr>\';\r\n		}\r\n\r\n		if (\"REX_VALUE[17]\" == \'vd\') {\r\n		echo \'\r\n			</div>\r\n			</div>\';\r\n		}\r\n		?>\r\n	</div>\r\n</section>\r\n','<!-- *******************************************************\r\nTEXT\r\n******************************************************** -->\r\n\r\n<fieldset class=\"form-horizontal\">\r\n    <legend>Text</legend>\r\n\r\n    <div class=\"form-group\">\r\n        <label class=\"col-sm-2 control-label\" for=\"headline\">Überschrift</label>\r\n        <div class=\"col-sm-10\">\r\n            <input class=\"form-control\" id=\"headline\" type=\"text\" name=\"REX_INPUT_VALUE[1]\" value=\"REX_VALUE[1]\" />\r\n        </div>\r\n    </div>\r\n\r\n    <div class=\"form-group\">\r\n        <label class=\"col-sm-2 control-label\" for=\"headline-level\">Überschrift-Ebene</label>\r\n        <div class=\"col-sm-10\">\r\n			<?php\r\n				$options = array(\r\n				\'h2\'=>\'2. Ebene\',\r\n				\'h3\'=>\'3. Ebene\'\r\n			);\r\n			?>\r\n			<select name=\"REX_INPUT_VALUE[2]\" id=\"headline-level\" class=\"form-control\">\r\n			<?php foreach ($options as $k=>$v) : ?>\r\n			<option value=\"<?php echo $k; ?>\"<?php if ($k == \"REX_VALUE[2]\") echo \' selected=\"selected\"\' ?>><?php echo $v; ?></option>\r\n			<?php endforeach ?>\r\n			</select>\r\n        </div>\r\n    </div>\r\n\r\n    <div class=\"form-group\">\r\n        <label class=\"col-sm-2 control-label\" for=\"markitup_markdown_1\">Text</label>\r\n        <div class=\"col-sm-10\">\r\n            <textarea cols=\"1\" rows=\"6\" class=\"form-control markitupEditor-markdown_full\" id=\"markitup_markdown_1\" name=\"REX_INPUT_VALUE[3]\">REX_VALUE[3]</textarea>\r\n        </div>\r\n    </div>\r\n</fieldset>\r\n\r\n<fieldset class=\"form-horizontal\">\r\n    <legend>Button-Link</legend>\r\n\r\n	<div class=\"form-group\">\r\n		<label class=\"col-sm-2 control-label\">Interner Link</label>\r\n		<div class=\"col-sm-10\">\r\n			REX_LINK[id=\"1\" widget=\"1\"]\r\n		</div>\r\n	</div>\r\n\r\n	<div class=\"form-group\">\r\n        <label class=\"col-sm-2 control-label\" for=\"headline\">Oder externer Link</label>\r\n        <div class=\"col-sm-10\">\r\n            <input class=\"form-control\" id=\"headline\" type=\"text\" name=\"REX_INPUT_VALUE[10]\" value=\"REX_VALUE[10]\" />\r\n        </div>\r\n    </div>\r\n	<div class=\"form-group\">\r\n        <label class=\"col-sm-2 control-label\" for=\"headline\">Individueller Linktext</label>\r\n        <div class=\"col-sm-10\">\r\n            <input class=\"form-control\" id=\"headline\" type=\"text\" name=\"REX_INPUT_VALUE[11]\" value=\"REX_VALUE[11]\" />\r\n        </div>\r\n    </div>\r\n\r\n</fieldset>\r\n\r\n<fieldset class=\"form-horizontal\">\r\n    <legend>Formatierung</legend>\r\n	<div class=\"form-group\">\r\n        <label class=\"col-sm-2 control-label\" for=\"padding\">Einrückung</label>\r\n        <div class=\"col-sm-10\">\r\n			<?php\r\n				$options = array(\r\n				\'\'=>\'keine\',\r\n				\'vd\'=>\'ja\'\r\n			);\r\n			?>\r\n			<select name=\"REX_INPUT_VALUE[17]\" id=\"padding\" class=\"form-control\">\r\n			<?php foreach ($options as $k=>$v) : ?>\r\n			<option value=\"<?php echo $k; ?>\"<?php if ($k == \"REX_VALUE[17]\") echo \' selected=\"selected\"\' ?>><?php echo $v; ?></option>\r\n			<?php endforeach ?>\r\n			</select>\r\n\r\n			<br><section class=\"rex-page-section\">\r\n			    <div class=\"panel panel-default\">\r\n\r\n			        <header class=\"panel-heading collapsed\" data-toggle=\"collapse\" data-target=\"#collapse-REX_SLICE_ID\" aria-expanded=\"false\">\r\n						<div class=\"panel-title\"><i class=\"rex-icon rex-icon-info\"></i> Hinweis</div>\r\n					</header>\r\n\r\n			        <div id=\"collapse-REX_SLICE_ID\" class=\"panel-collapse collapse\" aria-expanded=\"false\" style=\"height: 0px;\">\r\n\r\n			            <div class=\"panel-body\" style=\"background: #f3f6fb;\">\r\n			                <ul>\r\n								<li>Hier kann man eine linke und rechte Einrückung von je zwei Spalten des 12er-Bootstrap-Rasters aktivieren.</li>\r\n								<li>Der vertikale Abstand erzeugt einen oberen und unteren Zwischenraum von jeweils 60px.</li>\r\n							</ul>\r\n						</div>\r\n			        </div>\r\n			    </div>\r\n			</section>\r\n\r\n		</div>\r\n    </div>\r\n\r\n    <div class=\"form-group\">\r\n        <label class=\"col-sm-2 control-label\" for=\"distance\">vertikaler Abstand</label>\r\n        <div class=\"col-sm-10\">\r\n			<?php\r\n				$options = array(\r\n				\'\'=>\'keiner\',\r\n				\'mt\'=>\'oberhalb\',\r\n				\'mb\'=>\'unterhalb\',\r\n				\'mtb\'=>\'ober- und unterhalb\'\r\n			);\r\n			?>\r\n			<select name=\"REX_INPUT_VALUE[19]\" id=\"distance\" class=\"form-control\">\r\n			<?php foreach ($options as $k=>$v) : ?>\r\n			<option value=\"<?php echo $k; ?>\"<?php if ($k == \"REX_VALUE[19]\") echo \' selected=\"selected\"\' ?>><?php echo $v; ?></option>\r\n			<?php endforeach ?>\r\n			</select>\r\n        </div>\r\n    </div>\r\n\r\n	<div class=\"form-group\">\r\n        <label class=\"col-sm-2 control-label\" for=\"line\">Ausrichtung</label>\r\n        <div class=\"col-sm-10\">\r\n			<?php\r\n				$options = array(\r\n				\'\'=>\'normal\',\r\n				\'center\'=>\'zentriert\'\r\n			);\r\n			?>\r\n			<select name=\"REX_INPUT_VALUE[16]\" id=\"line\" class=\"form-control\">\r\n			<?php foreach ($options as $k=>$v) : ?>\r\n			<option value=\"<?php echo $k; ?>\"<?php if ($k == \"REX_VALUE[16]\") echo \' selected=\"selected\"\' ?>><?php echo $v; ?></option>\r\n			<?php endforeach ?>\r\n			</select>\r\n        </div>\r\n    </div>\r\n\r\n    <div class=\"form-group\">\r\n        <label class=\"col-sm-2 control-label\" for=\"line\">Trennlinie</label>\r\n        <div class=\"col-sm-10\">\r\n			<?php\r\n				$options = array(\r\n				\'\'=>\'nein\',\r\n				\'top\'=>\'oberhalb\',\r\n				\'bottom\'=>\'unterhalb\'\r\n			);\r\n			?>\r\n			<select name=\"REX_INPUT_VALUE[18]\" id=\"line\" class=\"form-control\">\r\n			<?php foreach ($options as $k=>$v) : ?>\r\n			<option value=\"<?php echo $k; ?>\"<?php if ($k == \"REX_VALUE[18]\") echo \' selected=\"selected\"\' ?>><?php echo $v; ?></option>\r\n			<?php endforeach ?>\r\n			</select>\r\n        </div>\r\n    </div>\r\n\r\n</fieldset>\r\n','admin','admin','2016-05-12 08:13:12','2016-05-27 12:16:54','',0),
  (4,'10 . Googlemap','<?php\r\n$marker = \'\';\r\n$info_window = \'\';\r\n\r\n$sql = rex_sql::factory();\r\n$sql_query = \'\r\n	SELECT name, color, link, lat, lng FROM rex_locations\';\r\n\r\n$sql->setQuery($sql_query);\r\n\r\nfor ($i=0; $i<$sql->getRows(); $i++) {\r\n\r\n	$marker .= \"\r\n	[\'\".htmlspecialchars($sql->getValue(\'name\'), ENT_QUOTES).\"\', \'/resources/css/files/\".$sql->getValue(\'color\').\".png\', \".$sql->getValue(\'lat\').\",\".$sql->getValue(\'lng\').\"]\";\r\n	if ($i+1 < $sql->getRows()) $marker .= \',\';\r\n\r\n	$info_window .= \"\r\n        [\'<div class=\\\"info_content\\\">\' +\r\n		\'<a href=\\\"\".$sql->getValue(\'link\').\"\\\">\' +\r\n		\'<h4>\".htmlspecialchars($sql->getValue(\'name\'), ENT_QUOTES).\"</h4>\' +\r\n        \'</a>\' +\'</div>\']\";\r\n		if ($i+1 < $sql->getRows()) $info_window .= \',\';\r\n	\r\n	$sql->next();\r\n}\r\n?>\r\n<script>\r\njQuery(function($) {\r\n	\"use strict\";\r\n    // Asynchronously Load the map API \r\n    var script = document.createElement(\'script\');\r\n    script.src = \"http://maps.googleapis.com/maps/api/js?sensor=false&callback=initialize\";\r\n    document.body.appendChild(script);\r\n});\r\n\r\nfunction initialize() {\r\n    var map;\r\n    var bounds = new google.maps.LatLngBounds();\r\n    var mapOptions = {\r\n        mapTypeId: \'roadmap\',\r\n		scrollwheel: false,\r\n		styles: [{\r\n			stylers: [{\r\n				saturation: -REX_VALUE[2]\r\n			}]\r\n		}]\r\n    };\r\n	\r\n                    \r\n    // Display map\r\n    map = new google.maps.Map(document.getElementById(\"map_canvas\"), mapOptions);\r\n    map.setTilt(45);\r\n        \r\n    // Multiple Markers\r\n    var markers = [<?php echo $marker; ?>];\r\n\r\n    // Info Window Content\r\n    var infoWindowContent = [<?php echo $info_window; ?>];\r\n\r\n    // Display multiple markers\r\n    var infoWindow = new google.maps.InfoWindow(), marker, i;\r\n    \r\n    // Loop through array of markers\r\n    for( i = 0; i < markers.length; i++ ) {\r\n        var position = new google.maps.LatLng(markers[i][2], markers[i][3]);\r\n        bounds.extend(position);\r\n        marker = new google.maps.Marker({\r\n            position: position,\r\n            map: map,\r\n            icon: markers[i][1],\r\n            title: markers[i][0]\r\n        });\r\n        \r\n        // Info window for each marker\r\n        google.maps.event.addListener(marker, \'click\', (function(marker, i) {\r\n            return function() {\r\n                infoWindow.setContent(infoWindowContent[i][0]);\r\n                infoWindow.open(map, marker);\r\n            }\r\n        })(marker, i));\r\n\r\n        // Center the map fitting all markers on the screen\r\n        map.fitBounds(bounds);\r\n    }\r\n\r\n    // Override map zoom level once our fitBounds function runs (Make sure it only runs once)\r\n    var boundsListener = google.maps.event.addListener((map), \'bounds_changed\', function(event) {\r\n        this.setZoom(REX_VALUE[1]);\r\n        google.maps.event.removeListener(boundsListener);\r\n    });\r\n    \r\n}\r\n</script>\r\n\r\n</div>\r\n<div id=\"map_wrapper\">\r\n	<div id=\"map_canvas\">\r\n	</div>\r\n</div>\r\n<div class=\"container\">','<!-- *******************************************************\r\nGOOGLEMAP\r\n******************************************************** -->\r\n\r\n<fieldset class=\"form-horizontal\">\r\n    <legend>Googlemap</legend>\r\n    <div class=\"form-group\">\r\n        <label class=\"col-sm-2 control-label\" for=\"shadow\">Zoomfaktor</label>\r\n        <div class=\"col-sm-10\">\r\n			<select name=\"REX_INPUT_VALUE[1]\" id=\"shadow\" class=\"form-control\">\r\n			<?php\r\n			for ($i=1; $i<15; $i++) {\r\n				echo \'<option value=\"\'.$i.\'\" \';\r\n				if (\"REX_VALUE[1]\"==$i) {\r\n					echo \'selected=\"selected\" \';\r\n				}\r\n				echo \'>\'.$i.\'</option>\';\r\n			}\r\n			?>\r\n			</select>\r\n        </div>\r\n    </div>\r\n\r\n	<div class=\"form-group\">\r\n        <label class=\"col-sm-2 control-label\" for=\"shadow\">Sättigung reduzieren</label>\r\n        <div class=\"col-sm-10\">\r\n			<select name=\"REX_INPUT_VALUE[2]\" id=\"shadow\" class=\"form-control\">\r\n			<?php\r\n			for ($j=0; $j<=100; $j=$j+10) {\r\n				echo \'<option value=\"\'.$j.\'\" \';\r\n				if (\"REX_VALUE[2]\"==$j) {\r\n					echo \'selected=\"selected\" \';\r\n				}\r\n				echo \'>\'.$j.\'%</option>\';\r\n			}\r\n			?>\r\n			</select>\r\n        </div>\r\n    </div>\r\n</fieldset>\r\n','admin','admin','2016-05-12 08:13:41','2016-05-30 00:23:20','',0),
  (5,'05 . Farbige Kästen','<?php\r\n$visible = true; // Zunächst für jeden sichtbar\r\nif (\"REX_VALUE[18]\" == 1) {\r\n	if (!rex_backend_login::hasSession()) {	// wenn man nicht in Redaxo eingeloggt ist, Status auf unsichtbar\r\n		$visible = false;\r\n	}\r\n}\r\n\r\nif ($visible == true) {\r\n	\r\n	$grid_content1 = \'\';\r\n	$grid_content2 = \'\';\r\n	$grid_content3 = \'\';\r\n\r\n	// col1\r\n	if (\'REX_VALUE[id=1 isset=1]\') {\r\n	    $grid_content1 .= \'<h6 class=\"category\">REX_VALUE[1]</h6>\';\r\n	}\r\n	if (\'REX_VALUE[id=2 isset=1]\') {\r\n	    $grid_content1 .= \'<h4 class=\"title\">REX_VALUE[2]</h4>\';\r\n	}\r\n	if (\'REX_VALUE[id=3 isset=1]\') {\r\n	    $grid_content1 .= rex_markitup::parseOutput(\'markdown\', \'REX_VALUE[id=3 output=\"html\"]\');\r\n	}\r\n	if (\"REX_LINK[1]\" != \'\') {\r\n		$link = rex_article::get(\"REX_LINK[1]\");\r\n		$link_name = $link->getValue(\'name\');\r\n		$grid_content1 .= \'\r\n		<div class=\"card-footer btn-center\">\r\n			<a href=\"\'.rex_getUrl(\"REX_LINK[1]\").\'\" class=\"btn btn-default btn-round btn-fill btn-primary\">\'.$link_name.\'</a>\r\n		</div>\';\r\n	}\r\n\r\n	$color1 = (\"REX_VALUE[5]\" != \'\') ? \' data-background=\"color\" data-color=\"REX_VALUE[5]\"\' : \'\';\r\n	if (\"REX_VALUE[4]\" == \'shadow\') {\r\n		$wrapper_start1 = \'\r\n		<div class=\"card card-with-shadow\"\'.$color1.\'>\r\n		<div class=\"content\">\';\r\n		$wrapper_end1 = \'\r\n		</div>\r\n		</div>\';\r\n	} elseif (\"REX_VALUE[4]\" == \'big-shadow\') {\r\n		$wrapper_start1 = \'\r\n		<div class=\"card-big-shadow\">\r\n		<div class=\"card\"\'.$color1.\'>\r\n		<div class=\"content\">\';\r\n		$wrapper_end1 = \'\r\n		</div>\r\n		</div>\r\n		</div>\';\r\n	} else {\r\n		$wrapper_start1 = \'\r\n		<div class=\"card\"\'.$color1.\'>\r\n		<div class=\"content\">\';\r\n		$wrapper_end1 = \'\r\n		</div>\r\n		</div>\';\r\n	}\r\n\r\n	// col2\r\n	if (\'REX_VALUE[id=6 isset=1]\') {\r\n	    $grid_content2 .= \'<h6 class=\"category\">REX_VALUE[6]</h6>\';\r\n	}\r\n	if (\'REX_VALUE[id=7 isset=1]\') {\r\n	    $grid_content2 .= \'<h4 class=\"title\">REX_VALUE[7]</h4>\';\r\n	}\r\n	if (\'REX_VALUE[id=8 isset=1]\') {\r\n	    $grid_content2 .= rex_markitup::parseOutput(\'markdown\', \'REX_VALUE[id=8 output=\"html\"]\');\r\n	}\r\n	if (\"REX_LINK[2]\" != \'\') {\r\n		$link = rex_article::get(\"REX_LINK[2]\");\r\n		$link_name = $link->getValue(\'name\');\r\n		$grid_content2 .= \'\r\n		<div class=\"card-footer btn-center\">\r\n			<a href=\"\'.rex_getUrl(\"REX_LINK[2]\").\'\" class=\"btn btn-default btn-round btn-fill btn-primary\">\'.$link_name.\'</a>\r\n		</div>\';\r\n	}\r\n\r\n	$color2 = (\"REX_VALUE[10]\" != \'\') ? \' data-background=\"color\" data-color=\"REX_VALUE[10]\"\' : \'\';\r\n	if (\"REX_VALUE[9]\" == \'shadow\') {\r\n		$wrapper_start2 = \'\r\n		<div class=\"card card-with-shadow\"\'.$color2.\'>\r\n		<div class=\"content\">\';\r\n		$wrapper_end2 = \'\r\n		</div>\r\n		</div>\';\r\n	} elseif (\"REX_VALUE[9]\" == \'big-shadow\') {\r\n		$wrapper_start2 = \'\r\n		<div class=\"card-big-shadow\">\r\n		<div class=\"card\"\'.$color2.\'>\r\n		<div class=\"content\">\';\r\n		$wrapper_end2 = \'\r\n		</div>\r\n		</div>\r\n		</div>\';\r\n	} else {\r\n		$wrapper_start2 = \'\r\n		<div class=\"card\"\'.$color2.\'>\r\n		<div class=\"content\">\';\r\n		$wrapper_end2 = \'\r\n		</div>\r\n		</div>\';\r\n	}\r\n\r\n	// col3\r\n	if (\'REX_VALUE[id=11 isset=1]\') {\r\n	    $grid_content3 .= \'<h6 class=\"category\">REX_VALUE[11]</h6>\';\r\n	}\r\n	if (\'REX_VALUE[id=12 isset=1]\') {\r\n	    $grid_content3 .= \'<h4 class=\"title\">REX_VALUE[12]</h4>\';\r\n	}\r\n	if (\'REX_VALUE[id=13 isset=1]\') {\r\n	    $grid_content3 .= rex_markitup::parseOutput(\'markdown\', \'REX_VALUE[id=13 output=\"html\"]\');\r\n	}\r\n	if (\"REX_LINK[3]\" != \'\') {\r\n		$link = rex_article::get(\"REX_LINK[3]\");\r\n		$link_name = $link->getValue(\'name\');\r\n		$grid_content3 .= \'\r\n		<div class=\"card-footer btn-center\">\r\n			<a href=\"\'.rex_getUrl(\"REX_LINK[3]\").\'\" class=\"btn btn-default btn-round btn-fill btn-primary\">\'.$link_name.\'</a>\r\n		</div>\';\r\n	}\r\n\r\n	$color3 = (\"REX_VALUE[15]\" != \'\') ? \' data-background=\"color\" data-color=\"REX_VALUE[15]\"\' : \'\';\r\n	if (\"REX_VALUE[14]\" == \'shadow\') {\r\n		$wrapper_start3 = \'\r\n		<div class=\"card card-with-shadow\"\'.$color3.\'>\r\n		<div class=\"content\">\';\r\n		$wrapper_end3 = \'\r\n		</div>\r\n		</div>\';\r\n	} elseif (\"REX_VALUE[14]\" == \'big-shadow\') {\r\n		$wrapper_start3 = \'\r\n		<div class=\"card-big-shadow\">\r\n		<div class=\"card\"\'.$color3.\'>\r\n		<div class=\"content\">\';\r\n		$wrapper_end3 = \'\r\n		</div>\r\n		</div>\r\n		</div>\';\r\n	} else {\r\n		$wrapper_start3 = \'\r\n		<div class=\"card\"\'.$color3.\'>\r\n		<div class=\"content\">\';\r\n		$wrapper_end3 = \'\r\n		</div>\r\n		</div>\';\r\n	}\r\n\r\n\r\n	?>\r\n	<!-- SECTION -->\r\n	<section class=\"card-wrapper<?php if (\"REX_VALUE[17]\" != \'\') echo \" REX_VALUE[17]\"; ?>\">\r\n		<div class=\"<?php if (\"REX_VALUE[19]\" != \'1\') echo \'row \'; ?>colored-cards\">\r\n\r\n			<?php\r\n			// 2cols\r\n			if (\"REX_VALUE[19]\" == \'2\')  {\r\n				echo \'\r\n				<div class=\"col-md-6\">\r\n					\'.$wrapper_start1.$grid_content1.$wrapper_end1.\'\r\n				</div>\r\n				<div class=\"col-md-6\">\r\n					\'.$wrapper_start2.$grid_content2.$wrapper_end2.\'\r\n				</div>\';\r\n			// 3cols\r\n			} elseif (\"REX_VALUE[19]\" == \'3\')	 {\r\n				echo \'\r\n				<div class=\"col-md-4 col-sm-6\">\r\n					\'.$wrapper_start1.$grid_content1.$wrapper_end1.\'\r\n				</div>\r\n				<div class=\"col-md-4 col-sm-6\">\r\n					\'.$wrapper_start2.$grid_content2.$wrapper_end2.\'\r\n				</div>\r\n				<div class=\"col-md-4 col-sm-6\">\r\n					\'.$wrapper_start3.$grid_content3.$wrapper_end3.\'\r\n				</div>\';\r\n			// 1col\r\n			} else {\r\n				echo $wrapper_start1.$grid_content1.$wrapper_end1;\r\n			}\r\n			?>\r\n\r\n		</div>\r\n	</section>\r\n\r\n	<?php\r\n	// End der Prüfung, ob Modul sichtbar sein darf\r\n}\r\n?>','<!-- *******************************************************\r\nTEXT UND BILD IN SPALTEN\r\n******************************************************** -->\r\n\r\n<script type=\"text/javascript\">\r\njQuery(function($){\r\n	$(document).ready(function(){\r\n\r\n		$(\'select#choices\').change(function() {\r\n			$(\'.off\').hide();\r\n\r\n			for(var i = 1; i <= parseInt($(this).val()); i++) {\r\n				$(\'#col\' + i).show();\r\n			}\r\n		});\r\n\r\n		$(\'select#choices\').change();\r\n\r\n	})\r\n});\r\n</script>\r\n\r\n<fieldset class=\"form-horizontal\">\r\n    <div class=\"form-group\">\r\n        <label class=\"col-sm-2 control-label\" for=\"only_admin\">Sichtbar</label>\r\n        <div class=\"col-sm-10\">\r\n			<input type=\"checkbox\" name=\"REX_INPUT_VALUE[18]\" id=\"only_admin\" value=\"1\" <?= \"REX_VALUE[18]\" == \'1\' ? \' checked=\"checked\"\' : \'\' ?>> Nur, wenn in Redaxo eingeloggt\r\n        </div>\r\n    </div>\r\n</fieldset>\r\n\r\n<fieldset class=\"form-horizontal\">\r\n	<legend>Spalten und Abstände</legend>\r\n    <div class=\"form-group\">\r\n        <label class=\"col-sm-2 control-label\" for=\"choices\">Breiten</label>\r\n        <div class=\"col-sm-10\">\r\n			<?php\r\n				$options = array(\r\n				\'1\'=>\'volle Breite\',\r\n				\'2\'=>\'zwei Spalten\',\r\n				\'3\'=>\'drei Spalten\'\r\n			);\r\n			?>\r\n			<select name=\"REX_INPUT_VALUE[19]\" id=\"choices\" class=\"form-control\">\r\n			<?php foreach ($options as $k=>$v) : ?>\r\n			<option value=\"<?php echo $k; ?>\"<?php if ($k == \"REX_VALUE[19]\") echo \' selected=\"selected\"\' ?>><?php echo $v; ?></option>\r\n			<?php endforeach ?>\r\n			</select>\r\n        </div>\r\n    </div>\r\n\r\n	<div class=\"form-group\">\r\n		<label class=\"col-sm-2 control-label\" for=\"size\">Abstand</label>\r\n		<div class=\"col-sm-10\">\r\n			<?php\r\n				$options = array(\r\n				\'\'=>\'oben und unten\',\r\n				\'top\'=>\'nur oben\',\r\n				\'bottom\'=>\'nur unten\',\r\n				\'no-distance\' => \'none\'\r\n			);\r\n			?>\r\n			<select name=\"REX_INPUT_VALUE[17]\" id=\"size\" class=\"form-control\">\r\n			<?php foreach ($options as $k=>$v) : ?>\r\n			<option value=\"<?php echo $k; ?>\"<?php if ($k == \"REX_VALUE[17]\") echo \' selected=\"selected\"\' ?>><?php echo $v; ?></option>\r\n			<?php endforeach ?>\r\n			</select>\r\n		</div>\r\n	</div>\r\n</fieldset>\r\n\r\n<fieldset class=\"form-horizontal\">\r\n    <legend>1. Spalte</legend>\r\n\r\n    <div class=\"form-group\">\r\n        <label class=\"col-sm-2 control-label\" for=\"small_headline_1\">Kleine Überschrift</label>\r\n        <div class=\"col-sm-10\">\r\n            <input class=\"form-control\" id=\"small_headline_1\" type=\"text\" name=\"REX_INPUT_VALUE[1]\" value=\"REX_VALUE[1]\" />\r\n        </div>\r\n    </div>\r\n\r\n    <div class=\"form-group\">\r\n        <label class=\"col-sm-2 control-label\" for=\"headline_1\">Überschrift</label>\r\n        <div class=\"col-sm-10\">\r\n            <input class=\"form-control\" id=\"headline_1\" type=\"text\" name=\"REX_INPUT_VALUE[2]\" value=\"REX_VALUE[2]\" />\r\n        </div>\r\n    </div>\r\n\r\n    <div class=\"form-group\">\r\n        <label class=\"col-sm-2 control-label\" for=\"markitup_textile_1\">Text</label>\r\n        <div class=\"col-sm-10\">\r\n            <textarea cols=\"1\" rows=\"6\" class=\"form-control markitupEditor-markdown_full\" id=\"markitup_textile_1\" name=\"REX_INPUT_VALUE[3]\">REX_VALUE[3]</textarea>\r\n        </div>\r\n    </div>\r\n\r\n    <div class=\"form-group\">\r\n        <label class=\"col-sm-2 control-label\" for=\"shadow_1\">Schatten</label>\r\n        <div class=\"col-sm-10\">\r\n            <?php\r\n                $options = array(\r\n                \'\'=>\'normal\',\r\n                \'shadow\'=>\'dezenter Schatten\',\r\n                \'big-shadow\'=>\'großer Schatten\'\r\n            );\r\n            ?>\r\n            <select name=\"REX_INPUT_VALUE[4]\" id=\"shadow_1\" class=\"form-control\">\r\n            <?php foreach ($options as $k=>$v) : ?>\r\n            <option value=\"<?php echo $k; ?>\"<?php if ($k == \"REX_VALUE[4]\") echo \' selected=\"selected\"\' ?>><?php echo $v; ?></option>\r\n            <?php endforeach ?>\r\n            </select>\r\n        </div>\r\n    </div>\r\n\r\n    <div class=\"form-group\">\r\n        <label class=\"col-sm-2 control-label\" for=\"color_1\">Farbe</label>\r\n        <div class=\"col-sm-10\">\r\n            <?php\r\n                $options = array(\r\n                \'\'=>\'weiß\',\r\n                \'blue\'=>\'blau\',\r\n                \'green\'=>\'grün\',\r\n                \'yellow\'=>\'gelb\',\r\n                \'brown\'=>\'braun\',\r\n                \'purple\'=>\'lila\',\r\n                \'orange\'=>\'orange\'\r\n            );\r\n            ?>\r\n            <select name=\"REX_INPUT_VALUE[5]\" id=\"color_1\" class=\"form-control\">\r\n            <?php foreach ($options as $k=>$v) : ?>\r\n            <option value=\"<?php echo $k; ?>\"<?php if ($k == \"REX_VALUE[5]\") echo \' selected=\"selected\"\' ?>><?php echo $v; ?></option>\r\n            <?php endforeach ?>\r\n            </select>\r\n        </div>\r\n    </div>\r\n\r\n	<div class=\"form-group\">\r\n        <label class=\"col-sm-2 control-label\">Link</label>\r\n        <div class=\"col-sm-10\">\r\n            REX_LINK[id=\"1\" widget=\"1\"]\r\n        </div>\r\n    </div>\r\n\r\n</fieldset>\r\n\r\n\r\n\r\n<fieldset class=\"form-horizontal off\" id=\"col2\">\r\n    <legend>2. Spalte</legend>\r\n\r\n    <div class=\"form-group\">\r\n        <label class=\"col-sm-2 control-label\" for=\"small_headline_1\">Kleine Überschrift</label>\r\n        <div class=\"col-sm-10\">\r\n            <input class=\"form-control\" id=\"small_headline_1\" type=\"text\" name=\"REX_INPUT_VALUE[6]\" value=\"REX_VALUE[6]\" />\r\n        </div>\r\n    </div>\r\n\r\n    <div class=\"form-group\">\r\n        <label class=\"col-sm-2 control-label\" for=\"headline_1\">Überschrift</label>\r\n        <div class=\"col-sm-10\">\r\n            <input class=\"form-control\" id=\"headline_1\" type=\"text\" name=\"REX_INPUT_VALUE[7]\" value=\"REX_VALUE[7]\" />\r\n        </div>\r\n    </div>\r\n\r\n    <div class=\"form-group\">\r\n        <label class=\"col-sm-2 control-label\" for=\"markitup_textile_1\">Text</label>\r\n        <div class=\"col-sm-10\">\r\n            <textarea cols=\"1\" rows=\"6\" class=\"form-control markitupEditor-markdown_full\" id=\"markitup_textile_1\" name=\"REX_INPUT_VALUE[8]\">REX_VALUE[8]</textarea>\r\n        </div>\r\n    </div>\r\n\r\n    <div class=\"form-group\">\r\n        <label class=\"col-sm-2 control-label\" for=\"shadow_1\">Schatten</label>\r\n        <div class=\"col-sm-10\">\r\n            <?php\r\n                $options = array(\r\n                \'\'=>\'normal\',\r\n                \'shadow\'=>\'dezenter Schatten\',\r\n                \'big-shadow\'=>\'großer Schatten\'\r\n            );\r\n            ?>\r\n            <select name=\"REX_INPUT_VALUE[9]\" id=\"shadow_1\" class=\"form-control\">\r\n            <?php foreach ($options as $k=>$v) : ?>\r\n            <option value=\"<?php echo $k; ?>\"<?php if ($k == \"REX_VALUE[9]\") echo \' selected=\"selected\"\' ?>><?php echo $v; ?></option>\r\n            <?php endforeach ?>\r\n            </select>\r\n        </div>\r\n    </div>\r\n\r\n    <div class=\"form-group\">\r\n        <label class=\"col-sm-2 control-label\" for=\"color_1\">Farbe</label>\r\n        <div class=\"col-sm-10\">\r\n            <?php\r\n                $options = array(\r\n                \'\'=>\'weiß\',\r\n                \'blue\'=>\'blau\',\r\n                \'green\'=>\'grün\',\r\n                \'yellow\'=>\'gelb\',\r\n                \'brown\'=>\'braun\',\r\n                \'purple\'=>\'lila\',\r\n                \'orange\'=>\'orange\'\r\n            );\r\n            ?>\r\n            <select name=\"REX_INPUT_VALUE[10]\" id=\"color_1\" class=\"form-control\">\r\n            <?php foreach ($options as $k=>$v) : ?>\r\n            <option value=\"<?php echo $k; ?>\"<?php if ($k == \"REX_VALUE[10]\") echo \' selected=\"selected\"\' ?>><?php echo $v; ?></option>\r\n            <?php endforeach ?>\r\n            </select>\r\n        </div>\r\n    </div>\r\n\r\n	<div class=\"form-group\">\r\n        <label class=\"col-sm-2 control-label\">Link</label>\r\n        <div class=\"col-sm-10\">\r\n            REX_LINK[id=\"2\" widget=\"1\"]\r\n        </div>\r\n    </div>\r\n</fieldset>\r\n\r\n\r\n<fieldset class=\"form-horizontal off\" id=\"col3\">\r\n    <legend>3. Spalte</legend>\r\n\r\n    <div class=\"form-group\">\r\n        <label class=\"col-sm-2 control-label\" for=\"small_headline_1\">Kleine Überschrift</label>\r\n        <div class=\"col-sm-10\">\r\n            <input class=\"form-control\" id=\"small_headline_1\" type=\"text\" name=\"REX_INPUT_VALUE[11]\" value=\"REX_VALUE[11]\" />\r\n        </div>\r\n    </div>\r\n\r\n    <div class=\"form-group\">\r\n        <label class=\"col-sm-2 control-label\" for=\"headline_1\">Überschrift</label>\r\n        <div class=\"col-sm-10\">\r\n            <input class=\"form-control\" id=\"headline_1\" type=\"text\" name=\"REX_INPUT_VALUE[12]\" value=\"REX_VALUE[12]\" />\r\n        </div>\r\n    </div>\r\n\r\n    <div class=\"form-group\">\r\n        <label class=\"col-sm-2 control-label\" for=\"markitup_textile_1\">Text</label>\r\n        <div class=\"col-sm-10\">\r\n            <textarea cols=\"1\" rows=\"6\" class=\"form-control markitupEditor-markdown_full\" id=\"markitup_textile_1\" name=\"REX_INPUT_VALUE[13]\">REX_VALUE[13]</textarea>\r\n        </div>\r\n    </div>\r\n\r\n    <div class=\"form-group\">\r\n        <label class=\"col-sm-2 control-label\" for=\"shadow_1\">Schatten</label>\r\n        <div class=\"col-sm-10\">\r\n            <?php\r\n                $options = array(\r\n                \'\'=>\'normal\',\r\n                \'shadow\'=>\'dezenter Schatten\',\r\n                \'big-shadow\'=>\'großer Schatten\'\r\n            );\r\n            ?>\r\n            <select name=\"REX_INPUT_VALUE[14]\" id=\"shadow_1\" class=\"form-control\">\r\n            <?php foreach ($options as $k=>$v) : ?>\r\n            <option value=\"<?php echo $k; ?>\"<?php if ($k == \"REX_VALUE[14]\") echo \' selected=\"selected\"\' ?>><?php echo $v; ?></option>\r\n            <?php endforeach ?>\r\n            </select>\r\n        </div>\r\n    </div>\r\n\r\n    <div class=\"form-group\">\r\n        <label class=\"col-sm-2 control-label\" for=\"color_1\">Farbe</label>\r\n        <div class=\"col-sm-10\">\r\n            <?php\r\n                $options = array(\r\n                \'\'=>\'weiß\',\r\n                \'blue\'=>\'blau\',\r\n                \'green\'=>\'grün\',\r\n                \'yellow\'=>\'gelb\',\r\n                \'brown\'=>\'braun\',\r\n                \'purple\'=>\'lila\',\r\n                \'orange\'=>\'orange\'\r\n            );\r\n            ?>\r\n            <select name=\"REX_INPUT_VALUE[15]\" id=\"color_1\" class=\"form-control\">\r\n            <?php foreach ($options as $k=>$v) : ?>\r\n            <option value=\"<?php echo $k; ?>\"<?php if ($k == \"REX_VALUE[15]\") echo \' selected=\"selected\"\' ?>><?php echo $v; ?></option>\r\n            <?php endforeach ?>\r\n            </select>\r\n        </div>\r\n    </div>\r\n\r\n	<div class=\"form-group\">\r\n        <label class=\"col-sm-2 control-label\">Link</label>\r\n        <div class=\"col-sm-10\">\r\n            REX_LINK[id=\"3\" widget=\"1\"]\r\n        </div>\r\n    </div>\r\n</fieldset>\r\n','admin','admin','2016-05-12 08:14:06','2016-06-05 18:11:44','',0),
  (6,'06 . Neueste User','<div class=\"row\">\r\n\r\n<h2 class=\"text-center\">Die neuesten User</h2><br>\r\n	<?php\r\n	$sql = rex_sql::factory();\r\n	$sql_query = \'\r\n		SELECT\r\n			firstname, name, pic, slogan, email\r\n		FROM\r\n			rex_ycom_user\r\n		WHERE\r\n			status = 1\r\n		ORDER BY\r\n			id DESC\r\n		LIMIT 4\';\r\n\r\n	$sql->setQuery($sql_query);\r\n\r\n	for ($i=0; $i<$sql->getRows(); $i++) {\r\n\r\n		$profile_pic = \'profile_default.png\';\r\n		if ($sql->getValue(\'pic\') != \'\') $profile_pic = $sql->getValue(\'pic\');\r\n\r\n		echo \'\r\n		<div class=\"col-md-3 col-sm-6\">\r\n			<div class=\"card card-user\">\r\n				<div class=\"image\">\r\n					 <img src=\"\'.rex_url::base(\'index.php?rex_media_type=blur&rex_media_file=\'.$profile_pic.\'\').\'\" alt=\"\'.$sql->getValue(\'firstname\').\' \'.$sql->getValue(\'name\').\'\"/>\r\n				</div>\r\n				<div class=\"content\">\r\n					<div class=\"author\">\r\n						<img class=\"avatar border-white\" src=\"\'.rex_url::base(\'index.php?rex_media_type=profile&rex_media_file=\'.$profile_pic.\'\').\'\" alt=\"\'.$sql->getValue(\'firstname\').\' \'.$sql->getValue(\'name\').\'\"/>\r\n\r\n						  <h4 class=\"title\">\'.$sql->getValue(\'firstname\').\' \'.$sql->getValue(\'name\').\'</h4>\r\n					</div>\r\n					<p class=\"description text-center\">\r\n						\'.$sql->getValue(\'slogan\').\'\r\n					</p>\r\n				</div>\r\n				<div class=\"card-footer text-center\">\r\n					<button href=\"mailto:\'.$sql->getValue(\'slogan\').\'\" class=\"btn btn-icon\"><i class=\"ti-email\"></i></button>\r\n				</div>\r\n			</div> <!-- end card -->\r\n		</div>\';\r\n\r\n		$sql->next();\r\n	}\r\n	?>\r\n\r\n</div>','','admin','admin','2016-05-12 09:48:10','2016-06-02 21:48:39','',0),
  (7,'07 . Tabs','<?php\r\n$tab_title1 = (\"REX_VALUE[1]\" != \'\') ? \'<li class=\"active\"><a href=\"#tab1\" data-toggle=\"tab\">REX_VALUE[1]</a></li>\' : \'\';\r\n$tab_title2 = (\"REX_VALUE[2]\" != \'\') ? \'<li><a href=\"#tab2\" data-toggle=\"tab\">REX_VALUE[2]</a></li>\' : \'\';\r\n$tab_title3 = (\"REX_VALUE[3]\" != \'\') ? \'<li><a href=\"#tab3\" data-toggle=\"tab\">REX_VALUE[3]</a></li>\' : \'\';\r\n$tab_title4 = (\"REX_VALUE[4]\" != \'\') ? \'<li><a href=\"#tab4\" data-toggle=\"tab\">REX_VALUE[4]</a></li>\' : \'\';\r\n$tab_title5 = (\"REX_VALUE[5]\" != \'\') ? \'<li><a href=\"#tab5\" data-toggle=\"tab\">REX_VALUE[5]</a></li>\' : \'\';\r\n\r\n$markdown1 = rex_markitup::parseOutput(\'markdown\', \'REX_VALUE[id=11 output=\"html\"]\');\r\n$markdown2 = rex_markitup::parseOutput(\'markdown\', \'REX_VALUE[id=12 output=\"html\"]\');\r\n$markdown3 = rex_markitup::parseOutput(\'markdown\', \'REX_VALUE[id=13 output=\"html\"]\');\r\n$markdown4 = rex_markitup::parseOutput(\'markdown\', \'REX_VALUE[id=14 output=\"html\"]\');\r\n$markdown5 = rex_markitup::parseOutput(\'markdown\', \'REX_VALUE[id=15 output=\"html\"]\');\r\n\r\n$tab_text1 = (\"REX_VALUE[11]\" != \'\') ? \'<div class=\"tab-pane active\" id=\"tab1\">\'.str_replace(array(\'<strong><em>\',\'</em></strong>\'), array(\'<span class=\"label label-primary\">\',\'</span>\'), $markdown1).\'</div>\' : \'\';\r\n$tab_text2 = (\"REX_VALUE[12]\" != \'\') ? \'<div class=\"tab-pane\" id=\"tab2\">\'.str_replace(array(\'<strong><em>\',\'</em></strong>\'), array(\'<span class=\"label label-primary\">\',\'</span>\'), $markdown2).\'</div>\' : \'\';\r\n$tab_text3 = (\"REX_VALUE[13]\" != \'\') ? \'<div class=\"tab-pane\" id=\"tab3\">\'.str_replace(array(\'<strong><em>\',\'</em></strong>\'), array(\'<span class=\"label label-primary\">\',\'</span>\'), $markdown3).\'</div>\' : \'\';\r\n$tab_text4 = (\"REX_VALUE[14]\" != \'\') ? \'<div class=\"tab-pane\" id=\"tab4\">\'.str_replace(array(\'<strong><em>\',\'</em></strong>\'), array(\'<span class=\"label label-primary\">\',\'</span>\'), $markdown4).\'</div>\' : \'\';\r\n$tab_text5 = (\"REX_VALUE[15]\" != \'\') ? \'<div class=\"tab-pane\" id=\"tab5\">\'.str_replace(array(\'<strong><em>\',\'</em></strong>\'), array(\'<span class=\"label label-primary\">\',\'</span>\'), $markdown5).\'</div>\' : \'\';\r\n\r\nif (\"REX_VALUE[18]\" == \'v\') {\r\n\r\n	echo \'\r\n	<div class=\"row tabs module-wrapper\">\r\n	    <div class=\"col-md-12\">\r\n	        <div class=\"nav-tabs-navigation\">\r\n	            <div class=\"nav-tabs-wrapper\">\r\n	            	<ul id=\"tabs\" class=\"nav nav-tabs\" data-tabs=\"tabs\">\r\n						\'.$tab_title1.$tab_title2.$tab_title3.$tab_title4.$tab_title5.\'\r\n	            	</ul>\r\n	        	</div>\r\n	        </div>\r\n	        <div id=\"my-tab-content\" class=\"tab-content text-center\">\r\n				\'.$tab_text1.$tab_text2.$tab_text3.$tab_text4.$tab_text5.\'\r\n	        </div>\r\n	    </div>\r\n	</div>\';\r\n\r\n} elseif (\"REX_VALUE[18]\" == \'h\') {\r\n\r\n	echo \'\r\n	<div class=\"row tabs module-wrapper\">\r\n        <div class=\"col-md-12\">\r\n            <div class=\"row\">\r\n                <div class=\"col-md-offset-1 col-md-2 col-sm-offset-1 col-sm-2 col-xs-5\">\r\n                    <ul class=\"nav nav-stacked\" role=\"tablist\">\r\n					 	\'.$tab_title1.$tab_title2.$tab_title3.$tab_title4.$tab_title5.\'\r\n                    </ul>\r\n                </div>\r\n                <div class=\"col-md-8 col-sm-8 col-xs-7\">\r\n                    <!-- Tab panes -->\r\n                    <div class=\"tab-content\">\r\n						\'.$tab_text1.$tab_text2.$tab_text3.$tab_text4.$tab_text5.\'\r\n                     </div>\r\n                </div>\r\n            </div>\r\n	    </div>\r\n	</div>\';\r\n\r\n}\r\n','<!-- *******************************************************\r\nTABS\r\n******************************************************** -->\r\n\r\n<script type=\"text/javascript\">\r\njQuery(function($){\r\n	$(document).ready(function(){\r\n\r\n		$(\'select#choices\').change(function() {\r\n			$(\'.off\').hide();\r\n\r\n			for(var i = 1; i <= parseInt($(this).val()); i++) {\r\n				$(\'#col\' + i).show();\r\n			}\r\n		});\r\n\r\n		$(\'select#choices\').change();\r\n\r\n	})\r\n});\r\n</script>\r\n\r\n<fieldset class=\"form-horizontal\">\r\n	<legend>Tabs Einstellungen</legend>\r\n    <div class=\"form-group\">\r\n        <label class=\"col-sm-2 control-label\" for=\"choices\">Anzahl der Tabs</label>\r\n        <div class=\"col-sm-10\">\r\n			<?php\r\n				$options = array(\r\n				\'\'=>\'2\',\r\n				\'3\'=>\'3\',\r\n				\'4\'=>\'4\',\r\n				\'5\'=>\'5\'\r\n			);\r\n			?>\r\n			<select name=\"REX_INPUT_VALUE[19]\" id=\"choices\" class=\"form-control\">\r\n			<?php foreach ($options as $k=>$v) : ?>\r\n			<option value=\"<?php echo $k; ?>\"<?php if ($k == \"REX_VALUE[19]\") echo \' selected=\"selected\"\' ?>><?php echo $v; ?></option>\r\n			<?php endforeach ?>\r\n			</select>\r\n        </div>\r\n    </div>\r\n\r\n    <div class=\"form-group\">\r\n        <label class=\"col-sm-2 control-label\" for=\"headline-level\">Tabs-Optik</label>\r\n        <div class=\"col-sm-10\">\r\n			<?php\r\n				$options = array(\r\n				\'v\'=>\'vertikal\',\r\n				\'h\'=>\'horizontal\'\r\n			);\r\n			?>\r\n			<select name=\"REX_INPUT_VALUE[18]\" id=\"headline-level\" class=\"form-control\">\r\n			<?php foreach ($options as $k=>$v) : ?>\r\n			<option value=\"<?php echo $k; ?>\"<?php if ($k == \"REX_VALUE[18]\") echo \' selected=\"selected\"\' ?>><?php echo $v; ?></option>\r\n			<?php endforeach ?>\r\n			</select>\r\n        </div>\r\n    </div>\r\n</fieldset>\r\n\r\n<fieldset class=\"form-horizontal\">\r\n	<legend>Tab 1</legend>\r\n	<div class=\"form-group\">\r\n		<label class=\"col-sm-2 control-label\" for=\"tabtitle1\">Tab-Titel 1</label>\r\n		<div class=\"col-sm-10\">\r\n			<input class=\"form-control\" id=\"tabtitle1\" type=\"text\" name=\"REX_INPUT_VALUE[1]\" value=\"REX_VALUE[1]\" />\r\n		</div>\r\n	</div>\r\n	<div class=\"form-group\">\r\n		<label class=\"col-sm-2 control-label\" for=\"markitup_markdown_1\">Tab-Text 1</label>\r\n		<div class=\"col-sm-10\">\r\n			<textarea cols=\"1\" rows=\"6\" class=\"form-control markitupEditor-markdown_full\" id=\"markitup_markdown_1\" name=\"REX_INPUT_VALUE[11]\">REX_VALUE[11]</textarea>\r\n		</div>\r\n	</div>\r\n</fieldset>\r\n\r\n<fieldset class=\"form-horizontal\">\r\n	<legend>Tab 2</legend>\r\n	<div class=\"form-group\">\r\n		<label class=\"col-sm-2 control-label\" for=\"tabtitle2\">Tab-Titel 2</label>\r\n		<div class=\"col-sm-10\">\r\n			<input class=\"form-control\" id=\"tabtitle2\" type=\"text\" name=\"REX_INPUT_VALUE[2]\" value=\"REX_VALUE[2]\" />\r\n		</div>\r\n	</div>\r\n	<div class=\"form-group\">\r\n		<label class=\"col-sm-2 control-label\" for=\"markitup_markdown_2\">Tab-Text 2</label>\r\n		<div class=\"col-sm-10\">\r\n			<textarea cols=\"1\" rows=\"6\" class=\"form-control markitupEditor-markdown_full\" id=\"markitup_markdown_2\" name=\"REX_INPUT_VALUE[12]\">REX_VALUE[12]</textarea>\r\n		</div>\r\n	</div>\r\n</fieldset>\r\n\r\n<fieldset class=\"form-horizontal off\" id=\"col3\">\r\n	<legend>Tab 3</legend>\r\n	<div class=\"form-group\">\r\n		<label class=\"col-sm-2 control-label\" for=\"tabtitle3\">Tab-Titel 3</label>\r\n		<div class=\"col-sm-10\">\r\n			<input class=\"form-control\" id=\"tabtitle3\" type=\"text\" name=\"REX_INPUT_VALUE[3]\" value=\"REX_VALUE[3]\" />\r\n		</div>\r\n	</div>\r\n	<div class=\"form-group\">\r\n		<label class=\"col-sm-2 control-label\" for=\"markitup_markdown_3\">Tab-Text 3</label>\r\n		<div class=\"col-sm-10\">\r\n			<textarea cols=\"1\" rows=\"6\" class=\"form-control markitupEditor-markdown_full\" id=\"markitup_markdown_3\" name=\"REX_INPUT_VALUE[13]\">REX_VALUE[13]</textarea>\r\n		</div>\r\n	</div>\r\n</fieldset>\r\n\r\n<fieldset class=\"form-horizontal off\" id=\"col4\">\r\n	<legend>Tab 3</legend>\r\n	<div class=\"form-group\">\r\n		<label class=\"col-sm-2 control-label\" for=\"tabtitle4\">Tab-Titel 4</label>\r\n		<div class=\"col-sm-10\">\r\n			<input class=\"form-control\" id=\"tabtitle4\" type=\"text\" name=\"REX_INPUT_VALUE[4]\" value=\"REX_VALUE[4]\" />\r\n		</div>\r\n	</div>\r\n	<div class=\"form-group\">\r\n		<label class=\"col-sm-2 control-label\" for=\"markitup_markdown_4\">Tab-Text 4</label>\r\n		<div class=\"col-sm-10\">\r\n			<textarea cols=\"1\" rows=\"6\" class=\"form-control markitupEditor-markdown_full\" id=\"markitup_markdown_4\" name=\"REX_INPUT_VALUE[14]\">REX_VALUE[14]</textarea>\r\n		</div>\r\n	</div>\r\n</fieldset>\r\n\r\n<fieldset class=\"form-horizontal off\" id=\"col5\">\r\n	<legend>Tab 3</legend>\r\n	<div class=\"form-group\">\r\n		<label class=\"col-sm-2 control-label\" for=\"tabtitle5\">Tab-Titel 5</label>\r\n		<div class=\"col-sm-10\">\r\n			<input class=\"form-control\" id=\"tabtitle5\" type=\"text\" name=\"REX_INPUT_VALUE[5]\" value=\"REX_VALUE[5]\" />\r\n		</div>\r\n	</div>\r\n	<div class=\"form-group\">\r\n		<label class=\"col-sm-2 control-label\" for=\"markitup_markdown_5\">Tab-Text 5</label>\r\n		<div class=\"col-sm-10\">\r\n			<textarea cols=\"1\" rows=\"6\" class=\"form-control markitupEditor-markdown_full\" id=\"markitup_markdown_5\" name=\"REX_INPUT_VALUE[15]\">REX_VALUE[15]</textarea>\r\n		</div>\r\n	</div>\r\n</fieldset>\r\n','admin','admin','2016-05-12 09:48:36','2016-05-29 17:07:55','',0),
  (8,'08 . Button mit Modal-Popup','<?php\r\n$visible = true; // Zunächst für jeden sichtbar\r\nif (\"REX_VALUE[18]\" == 1) { // definiert als nur sichtbar, wenn eingeloggt\r\n	if (!rex_backend_login::hasSession()) {	// wenn man nicht in Redaxo eingeloggt ist, Status auf unsichtbar\r\n		$visible = false;\r\n	}\r\n}\r\n\r\nif ($visible == true) {\r\n\r\n	echo \'\r\n	<div id=\"modals\">\r\n	    <button class=\"btn modal-opener\" data-toggle=\"modal\" data-target=\"#classicModal\">\r\n	              <i class=\"ti-announcement\"></i> REX_VALUE[1]\r\n	    </button>\r\n	</div>\r\n\r\n	<!-- classic modal -->\r\n	<div class=\"modal fade\" id=\"classicModal\" tabindex=\"-1\" role=\"dialog\" aria-labelledby=\"myModalLabel\" aria-hidden=\"true\">\r\n		<div class=\"modal-dialog\">\r\n			<div class=\"modal-content\">\';\r\n\r\n				if (\"REX_VALUE[2]\" != \'\') {\r\n					echo \'\r\n					<div class=\"modal-header\">\r\n						<button type=\"button\" class=\"close\" data-dismiss=\"modal\" aria-hidden=\"true\">&times;</button>\r\n						<h4 class=\"modal-title\" id=\"myModalLabel\">REX_VALUE[2]</h4>\r\n					</div>\';\r\n				}\r\n				\r\n				echo \'\r\n				<div class=\"modal-body\">\';\r\n\r\n				if (\'REX_VALUE[id=3 isset=1]\') {\r\n					$markdown = rex_markitup::parseOutput(\'markdown\', \'REX_VALUE[id=3 output=\"html\"]\');\r\n					echo str_replace(array(\'<strong><em>\',\'</em></strong>\'), array(\'<span class=\"label label-primary\">\',\'</span>\'), $markdown);\r\n				}\r\n\r\n				echo \'\r\n				</div>\r\n\r\n				<div class=\"modal-footer\">\';\r\n\r\n					if (\"REX_VALUE[4]\" != \'\') {\r\n						echo \'\r\n						<div class=\"left-side\">\r\n							<button type=\"button\" class=\"btn btn-default btn-simple\">REX_VALUE[4]</button>\r\n						</div>\r\n						<div class=\"divider\"></div>\';\r\n\r\n					}\r\n\r\n					$class = (\"REX_VALUE[4]\" != \'\') ? \' class=\"right-side\"\' : \'\';\r\n					echo \'\r\n					<div\'.$class.\'>\r\n						<button type=\"button\" class=\"btn btn-danger btn-simple\" data-dismiss=\"modal\">Schließen</button>\r\n					</div>\r\n\r\n				</div>\r\n			</div>\r\n		</div>\r\n	</div>\r\n	<!-- end modal -->\';\r\n\r\n}\r\n?>','<!-- *******************************************************\r\nBUTTON MIT MODUL-POPUP\r\n******************************************************** -->\r\n\r\n<fieldset class=\"form-horizontal\">\r\n    <div class=\"form-group\">\r\n        <label class=\"col-sm-2 control-label\" for=\"only_admin\">Sichtbar</label>\r\n        <div class=\"col-sm-10\">\r\n			<input type=\"checkbox\" name=\"REX_INPUT_VALUE[18]\" id=\"only_admin\" value=\"1\" <?= \"REX_VALUE[18]\" == \'1\' ? \' checked=\"checked\"\' : \'\' ?>> Nur, wenn in Redaxo eingeloggt\r\n\r\n			<br><br>\r\n			<section class=\"rex-page-section\">\r\n				<div class=\"panel panel-default\">\r\n\r\n					<header class=\"panel-heading collapsed\" data-toggle=\"collapse\" data-target=\"#collapse-REX_SLICE_ID\" aria-expanded=\"false\">\r\n						<div class=\"panel-title\"><i class=\"rex-icon rex-icon-info\"></i> Hinweis</div>\r\n					</header>\r\n\r\n					<div id=\"collapse-REX_SLICE_ID\" class=\"panel-collapse collapse\" aria-expanded=\"false\" style=\"height: 0px;\">\r\n\r\n						<div class=\"panel-body\" style=\"background: #f3f6fb;\">\r\n							<ul>\r\n								<li>Hier kann man eine linke und rechte Einrückung von je zwei Spalten des 12er-Bootstrap-Rasters aktivieren.</li>\r\n								<li>Der vertikale Abstand erzeugt einen oberen und unteren Zwischenraum von jeweils 60px.</li>\r\n							</ul>\r\n						</div>\r\n					</div>\r\n				</div>\r\n			</section>\r\n\r\n		</div>\r\n	</div>\r\n\r\n    <div class=\"form-group\">\r\n        <label class=\"col-sm-2 control-label\" for=\"button-text\">Button-Text</label>\r\n        <div class=\"col-sm-10\">\r\n            <input class=\"form-control\" id=\"button-text\" type=\"text\" name=\"REX_INPUT_VALUE[1]\" value=\"REX_VALUE[1]\" />\r\n        </div>\r\n    </div>\r\n\r\n    <div class=\"form-group\">\r\n        <label class=\"col-sm-2 control-label\" for=\"headline\">Überschrift</label>\r\n        <div class=\"col-sm-10\">\r\n            <input class=\"form-control\" id=\"headline\" type=\"text\" name=\"REX_INPUT_VALUE[2]\" value=\"REX_VALUE[2]\" />\r\n        </div>\r\n    </div>\r\n\r\n    <div class=\"form-group\">\r\n        <label class=\"col-sm-2 control-label\" for=\"markitup_markdown_1\">Text</label>\r\n        <div class=\"col-sm-10\">\r\n            <textarea cols=\"1\" rows=\"6\" class=\"form-control markitupEditor-markdown_full\" id=\"markitup_markdown_1\" name=\"REX_INPUT_VALUE[3]\">REX_VALUE[3]</textarea>\r\n        </div>\r\n    </div>\r\n\r\n</fieldset>\r\n','admin','admin','2016-05-12 09:49:02','2016-05-30 12:47:00','',0),
  (9,'09 . Galerie','<?php\r\nif (\"REX_MEDIALIST[1]\" != \'\') {\r\n\r\n	$pics_per_row = \'\';\r\n	switch (\"REX_VALUE[1]\") {\r\n	case \'2\':\r\n	   $pics_per_row = \'col-md-6 col-sm-12\';\r\n	   break;\r\n\r\n	case \'3\':\r\n	   $pics_per_row = \'col-md-4 col-sm-12\';\r\n	   break;\r\n\r\n	case \'4\':\r\n	   $pics_per_row = \'col-md-3 col-sm-6\';\r\n	   break;\r\n	}\r\n	\r\n	$imagelist = explode(\',\', \"REX_MEDIALIST[1]\");\r\n	\r\n	echo \'\r\n	<!-- gallery -->\r\n	<!-- Root element von PhotoSwipe. Muss die Klasse pswp haben. -->\r\n	<div class=\"pswp\" tabindex=\"-1\" role=\"dialog\" aria-hidden=\"true\">\r\n	\r\n		<!-- Hintergrund von PhotoSwipe.\r\n		Ein separates Element, das Animieren von opacity schneller ist als rgba(). -->\r\n		<div class=\"pswp__bg\"></div>\r\n	\r\n		<!-- Slides wrapper with overflow:hidden. -->\r\n		<div class=\"pswp__scroll-wrap\">\r\n	\r\n			<!-- Container that holds slides.\r\n			PhotoSwipe hält nur 3 im DOM, um Speicher zu sparen.\r\n			Nicht diese 3 pswp__item Elemente verändern, weil die Daten später modifiziert werden. -->\r\n			<div class=\"pswp__container\">\r\n				<div class=\"pswp__item\"></div>\r\n				<div class=\"pswp__item\"></div>\r\n				<div class=\"pswp__item\"></div>\r\n			</div>\r\n	\r\n			<!-- Default (PhotoSwipeUI_Default) interface on top of sliding area. Can be changed. -->\r\n			<div class=\"pswp__ui pswp__ui--hidden\">\r\n	\r\n				<div class=\"pswp__top-bar\">\r\n	\r\n					<!--  Controls are self-explanatory. Order can be changed. -->\r\n					<div class=\"pswp__counter\"></div>\r\n	\r\n					<button class=\"pswp__button pswp__button--close\" title=\"Schließen (Esc)\"></button>\r\n					<button class=\"pswp__button pswp__button--share\" title=\"Teilen\"></button>\r\n					<button class=\"pswp__button pswp__button--fs\" title=\"Vollbild\"></button>\r\n					<button class=\"pswp__button pswp__button--zoom\" title=\"Vergrößern / Verkleinern\"></button>\r\n	\r\n					<!-- Preloader demo http://codepen.io/dimsemenov/pen/yyBWoR -->\r\n					<!-- element will get class pswp__preloader--active when preloader is running -->\r\n					<div class=\"pswp__preloader\">\r\n						<div class=\"pswp__preloader__icn\">\r\n						  <div class=\"pswp__preloader__cut\">\r\n							<div class=\"pswp__preloader__donut\"></div>\r\n						  </div>\r\n						</div>\r\n					</div>\r\n				</div>\r\n	\r\n				<div class=\"pswp__share-modal pswp__share-modal--hidden pswp__single-tap\">\r\n					<div class=\"pswp__share-tooltip\"></div>\r\n				</div>\r\n	\r\n				<button class=\"pswp__button pswp__button--arrow--left\" title=\"Zurück (Pfeil links)\"></button>\r\n				<button class=\"pswp__button pswp__button--arrow--right\" title=\"Weiter (Pfeil rechts)\"></button>\r\n	\r\n				<div class=\"pswp__caption\">\r\n					<div class=\"pswp__caption__center\"></div>\r\n				</div>\r\n	\r\n			</div>\r\n		</div>\r\n	</div>\r\n	\r\n	<div class=\"my-gallery\" itemscope itemtype=\"http://schema.org/ImageGallery\">\r\n		<div class=\"row\">\';\r\n	\r\n			foreach ($imagelist as $file) {\r\n				$media = rex_media::get($file);\r\n				if ($media) {\r\n				\r\n					$mediatitle = $media->getValue(\'title\');\r\n					$mediadesc = str_replace(array(\"\\r\\n\", \"\\n\", \"\\r\"), \' \', $media->getValue(\'med_description\'));\r\n\r\n					$pic = rex_path::media($file);\r\n					$size = getimagesize($pic);\r\n					$width = $size[0];\r\n					$height = $size[1];\r\n								\r\n					echo \'\r\n					<figure itemprop=\"associatedMedia\" itemscope itemtype=\"http://schema.org/ImageObject\" class=\"\'.$pics_per_row.\' gallery-item\">\r\n						<a href=\"\'.rex_url::base(\'media/\'.$file).\'\" itemprop=\"contentUrl\" data-size=\"\'.$width.\'x\'.$height.\'\">\r\n							<img src=\"\'.rex_url::base(\'index.php?rex_media_type=thumb&rex_media_file=\'.$file.\'\').\'\" itemprop=\"thumbnail\" alt=\"\'.$mediadesc.\'\" class=\"img-rounded img-responsive\" />\r\n						</a>\r\n						<figcaption itemprop=\"caption description\" class=\"gallery-caption\">\'.$mediatitle.\'</figcaption>\r\n					</figure>\';\r\n\r\n				}\r\n			}\r\n\r\n		echo \'\r\n		</div>\r\n	</div>\r\n	<div class=\"clearfix\"></div>\r\n	<!-- end gallery -->\';\r\n}\r\n?>\r\n','<!-- *******************************************************\r\nGALERIE\r\n******************************************************** -->\r\n\r\n<fieldset class=\"form-horizontal\">\r\n    <legend>Galerie</legend>\r\n\r\n    <div class=\"form-group\">\r\n        <label class=\"col-sm-2 control-label\" for=\"headline\">Bilder</label>\r\n		<div class=\"col-sm-10\">\r\n            REX_MEDIALIST[id=\"1\" widget=\"1\"]\r\n        </div>\r\n    </div>\r\n\r\n	<div class=\"form-group\">\r\n		<label class=\"col-sm-2 control-label\" for=\"size\">Bilder pro Zeile</label>\r\n		<div class=\"col-sm-10\">\r\n			<?php\r\n				$options = array(\r\n				\'2\'=>\'2\',\r\n				\'3\'=>\'3\',\r\n				\'4\'=>\'4\'\r\n			);\r\n			?>\r\n			<select name=\"REX_INPUT_VALUE[1]\" id=\"size\" class=\"form-control\">\r\n			<?php foreach ($options as $k=>$v) : ?>\r\n			<option value=\"<?php echo $k; ?>\"<?php if ($k == \"REX_VALUE[1]\") echo \' selected=\"selected\"\' ?>><?php echo $v; ?></option>\r\n			<?php endforeach ?>\r\n			</select>\r\n		</div>\r\n	</div>\r\n</fieldset>\r\n','admin','admin','2016-05-12 09:49:25','2016-06-02 21:52:41','',0),
  (10,'14 . Text Seitenspalte','<div class=\"contact-info\">\r\n	<?php\r\n	if (\"REX_VALUE[1]\" != \'\') {\r\n		$icon = (\"REX_VALUE[2]\" != \'\') ? \'<i class=\"fa REX_VALUE[2] text-muted\"></i> \' : \'\';\r\n		echo \'\r\n		<h5>\'.$icon.\'REX_VALUE[1]</h5>\';\r\n	}\r\n\r\n	if (\'REX_VALUE[id=3 isset=1]\') {\r\n		$markdown = rex_markitup::parseOutput(\'markdown\', \'REX_VALUE[id=3 output=\"html\"]\');\r\n		echo str_replace(\'<p>\', \'<p class=\"text-muted\">\', $markdown);\r\n	}\r\n	?>\r\n</div>','<!-- *******************************************************\r\nTEXT SEITENSPALTE\r\n******************************************************** -->\r\n\r\n<fieldset class=\"form-horizontal\">\r\n    <legend>Text Seitenspalte</legend>\r\n\r\n	<div class=\"form-group\">\r\n		<label class=\"col-sm-2 control-label\" for=\"headline\">Überschrift</label>\r\n		<div class=\"col-sm-10\">\r\n			<input class=\"form-control\" id=\"headline\" type=\"text\" name=\"REX_INPUT_VALUE[1]\" value=\"REX_VALUE[1]\" />\r\n		</div>\r\n	</div>\r\n\r\n	<div class=\"form-group\">\r\n		<label class=\"col-sm-2 control-label\" for=\"icon\">Icon</label>\r\n		<div class=\"col-sm-10\">\r\n			<input class=\"form-control\" id=\"icon\" type=\"text\" name=\"REX_INPUT_VALUE[2]\" value=\"REX_VALUE[2]\" />\r\n		</div>\r\n	</div>\r\n\r\n	<div class=\"form-group\">\r\n		<label class=\"col-sm-2 markitup_markdown_1\" for=\"markitup_3\">Text</label>\r\n		<div class=\"col-sm-10\">\r\n			<textarea cols=\"1\" rows=\"6\" class=\"form-control markitupEditor-markdown_full\" id=\"markitup_markdown_1\" name=\"REX_INPUT_VALUE[3]\">REX_VALUE[3]</textarea>\r\n		</div>\r\n	</div>\r\n\r\n</fieldset>\r\n','admin','admin','2016-05-12 09:49:54','2016-05-25 12:15:09','',0),
  (11,'15 . Footer - Links','<?php\r\nif (\'REX_LINKLIST[1]\' != \'\') {\r\n	echo \'<ul>\';\r\n	$linklist = explode(\',\',\'REX_LINKLIST[1]\');\r\n	foreach ($linklist as $link) {\r\n		$art = rex_article::get($link);\r\n		if (is_object($art)) {\r\n			$art_name = $art->getValue(\'name\');\r\n			echo \'\r\n			<li><a href=\"\'.rex_getUrl($link).\'\">\'.$art_name.\'</a></li>\';\r\n		}\r\n	}\r\n	echo \'</ul>\';\r\n}\r\n?>\r\n','<!-- *******************************************************\r\nFOOTER LINKLISTE\r\n******************************************************** -->\r\n\r\n<fieldset class=\"form-horizontal\">\r\n    <legend>Text</legend>\r\n\r\n    <div class=\"form-group\">\r\n        <label class=\"col-sm-2 control-label\" for=\"headline\">Überschrift</label>\r\n        <div class=\"col-sm-10\">\r\n            <input class=\"form-control\" id=\"headline\" type=\"text\" name=\"REX_INPUT_VALUE[1]\" value=\"REX_VALUE[1]\" />\r\n        </div>\r\n    </div>\r\n\r\n	<div class=\"form-group\">\r\n        <label class=\"col-sm-2 control-label\">Links</label>\r\n        <div class=\"col-sm-10\">\r\n            REX_LINKLIST[id=\"1\" widget=\"1\"]\r\n        </div>\r\n    </div>\r\n\r\n</fieldset>\r\n','admin','','2016-05-12 09:50:16','0000-00-00 00:00:00','',0),
  (12,'12 . Trennermodul','<?php\r\n$background = (\"REX_MEDIA[1]\" != \'\') ? \' style=\"background-image: url(index.php?rex_media_type=seperator&rex_media_file=REX_MEDIA[1]);\"\' : \'\';\r\n?>\r\n</div>\r\n<div class=\"header-wrapper\">\r\n	<div class=\"header\"<?php echo $background; ?>>\r\n		<div class=\"filter\"></div>\r\n		<div class=\"container text-center\">\r\n			REX_VALUE[id=\'1\' prefix=\'<h1>\' suffix=\'</h1>\']\r\n			REX_VALUE[id=\'2\' prefix=\'<h3>\' suffix=\'</h3>\']\r\n		</div>\r\n	</div>\r\n</div>\r\n<div class=\"container\">','<!-- *******************************************************\r\nTRENNERMODUL\r\n******************************************************** -->\r\n\r\n<fieldset class=\"form-horizontal\">\r\n    <legend>Trennermodul</legend>\r\n\r\n	<div class=\"form-group\">\r\n		<label class=\"col-sm-2 control-label\">Hintergrund-Bild</label>\r\n		<div class=\"col-sm-10\">\r\n			REX_MEDIA[id=\"1\" widget=\"1\"]\r\n		</div>\r\n	</div>\r\n\r\n	<div class=\"form-group\">\r\n		<label class=\"col-sm-2 control-label\" for=\"headline\">Überschrift</label>\r\n		<div class=\"col-sm-10\">\r\n			<input class=\"form-control\" id=\"headline\" type=\"text\" name=\"REX_INPUT_VALUE[1]\" value=\"REX_VALUE[1]\" />\r\n		</div>\r\n	</div>\r\n\r\n	<div class=\"form-group\">\r\n		<label class=\"col-sm-2 control-label\" for=\"sub-headline\">Unter-Überschrift</label>\r\n		<div class=\"col-sm-10\">\r\n			<input class=\"form-control\" id=\"sub-headline\" type=\"text\" name=\"REX_INPUT_VALUE[2]\" value=\"REX_VALUE[2]\" />\r\n		</div>\r\n	</div>\r\n\r\n</fieldset>\r\n','admin','admin','2016-05-13 10:22:55','2016-05-30 13:05:31','',0),
  (13,'04 . großes Bild','<?php\r\nif (\"REX_MEDIA[1]\" != \'\') {\r\n\r\n	$style = \'\';\r\n	switch (\"REX_VALUE[1]\") {\r\n	case \'shadow\':\r\n	   $style = \' card-with-shadow\';\r\n	   break;\r\n\r\n	case \'big-shadow\':\r\n   	   $style = \' card-big-shadow\';\r\n   	   break;\r\n	}\r\n\r\n	echo \'\r\n	<div class=\"card\'.$style.\' full-card\">\r\n		<div class=\"card\" data-radius=\"none\">\r\n			<img src=\"\'.rex_url::base(\'index.php?rex_media_type=big&rex_media_file=REX_MEDIA[1]\').\'\">                                                                                    \r\n		</div>\r\n	</div>\';\r\n}\r\n?>\r\n','<!-- *******************************************************\r\nGROSSES BILD\r\n******************************************************** -->\r\n\r\n<fieldset class=\"form-horizontal\">\r\n    <legend>Großes Bild</legend>\r\n		<div class=\"form-group\">\r\n		<label class=\"col-sm-2 control-label\">Bild</label>\r\n		<div class=\"col-sm-10\">\r\n			REX_MEDIA[id=\"1\" widget=\"1\"]\r\n		</div>\r\n	</div>\r\n\r\n    <div class=\"form-group\">\r\n        <label class=\"col-sm-2 control-label\" for=\"shadow\">Schatten</label>\r\n        <div class=\"col-sm-10\">\r\n            <?php\r\n                $options = array(\r\n                \'\'=>\'normal\',\r\n                \'shadow\'=>\'dezenter Schatten\',\r\n                \'big-shadow\'=>\'großer Schatten\'\r\n            );\r\n            ?>\r\n            <select name=\"REX_INPUT_VALUE[1]\" id=\"shadow\" class=\"form-control\">\r\n            <?php foreach ($options as $k=>$v) : ?>\r\n            <option value=\"<?php echo $k; ?>\"<?php if ($k == \"REX_VALUE[1]\") echo \' selected=\"selected\"\' ?>><?php echo $v; ?></option>\r\n            <?php endforeach ?>\r\n            </select>\r\n        </div>\r\n    </div>\r\n</fieldset>\r\n','admin','admin','2016-05-23 07:37:44','2016-06-02 21:18:34','',0),
  (14,'11 . Social Links','<div class=\"col-md-6 col-md-offset-3 text-center social\">\r\n\r\n	REX_VALUE[id=\'1\' prefix=\'<h3><small>\' suffix=\'</small></h3>\']\r\n\r\n	<?php\r\n	if (\"REX_VALUE[2]\" != \'\') {\r\n		echo \'\r\n		<a class=\"btn btn-icon btn-fill btn-twitter\" href=\"REX_VALUE[2]\">\r\n			<i class=\"fa fa-twitter\"></i>\r\n		</a>\';\r\n	}\r\n\r\n	if (\"REX_VALUE[3]\" != \'\') {\r\n		echo \'\r\n		<a class=\"btn btn-icon btn-fill btn-facebook\" href=\"REX_VALUE[3]\">\r\n			<i class=\"fa fa-facebook\"></i>\r\n		</a>\';\r\n	}\r\n\r\n	if (\"REX_VALUE[4]\" != \'\') {\r\n		echo \'\r\n		<a class=\"btn btn-icon btn-fill btn-google\" href=\"REX_VALUE[4]\">\r\n			<i class=\"fa fa-google\"></i>\r\n		</a>\';\r\n	}\r\n\r\n	if (\"REX_VALUE[5]\" != \'\') {\r\n		echo \'\r\n		<a class=\"btn btn-icon btn-fill btn-dribbble\" href=\"REX_VALUE[5]\">\r\n			<i class=\"fa fa-dribbble\"></i>\r\n		</a>\';\r\n	}\r\n\r\n	if (\"REX_VALUE[6]\" != \'\') {\r\n		echo \'\r\n		<a class=\"btn btn-icon btn-fill btn-instagram\" href=\"REX_VALUE[6]\">\r\n			<i class=\"fa fa-instagram\"></i>\r\n		</a>\';\r\n	}\r\n\r\n	if (\"REX_VALUE[7]\" != \'\') {\r\n		echo \'\r\n		<a class=\"btn btn-icon btn-fill btn-youtube\" href=\"REX_VALUE[7]\">\r\n			<i class=\"fa fa-youtube\"></i>\r\n		</a>\';\r\n	}\r\n	?>\r\n</div>','<!-- *******************************************************\r\nSOCIAL LINKS\r\n******************************************************** -->\r\n\r\n<fieldset class=\"form-horizontal\">\r\n    <legend>Social Links</legend>\r\n		<div class=\"form-group\">\r\n		<label class=\"col-sm-2 control-label\" for=\"headline\">Überschrift</label>\r\n		<div class=\"col-sm-10\">\r\n			<input class=\"form-control\" id=\"headline\" type=\"text\" name=\"REX_INPUT_VALUE[1]\" value=\"REX_VALUE[1]\" />\r\n		</div>\r\n	</div>\r\n	<div class=\"form-group\">\r\n		<label class=\"col-sm-2 control-label\" for=\"twitter\">Twitter-Link</label>\r\n		<div class=\"col-sm-10\">\r\n			<input class=\"form-control\" id=\"twitter\" type=\"text\" name=\"REX_INPUT_VALUE[2]\" value=\"REX_VALUE[2]\" />\r\n		</div>\r\n	</div>\r\n	<div class=\"form-group\">\r\n		<label class=\"col-sm-2 control-label\" for=\"facebook\">Facebook-Link</label>\r\n		<div class=\"col-sm-10\">\r\n			<input class=\"form-control\" id=\"facebook\" type=\"text\" name=\"REX_INPUT_VALUE[3]\" value=\"REX_VALUE[3]\" />\r\n		</div>\r\n	</div>\r\n	<div class=\"form-group\">\r\n		<label class=\"col-sm-2 control-label\" for=\"googleplus\">Google Plus-Link</label>\r\n		<div class=\"col-sm-10\">\r\n			<input class=\"form-control\" id=\"googleplus\" type=\"text\" name=\"REX_INPUT_VALUE[4]\" value=\"REX_VALUE[4]\" />\r\n		</div>\r\n	</div>\r\n	<div class=\"form-group\">\r\n		<label class=\"col-sm-2 control-label\" for=\"dribble\">Dribble-Link</label>\r\n		<div class=\"col-sm-10\">\r\n			<input class=\"form-control\" id=\"dribble\" type=\"text\" name=\"REX_INPUT_VALUE[5]\" value=\"REX_VALUE[5]\" />\r\n		</div>\r\n	</div>\r\n	<div class=\"form-group\">\r\n		<label class=\"col-sm-2 control-label\" for=\"instagram\">Instagram-Link</label>\r\n		<div class=\"col-sm-10\">\r\n			<input class=\"form-control\" id=\"instagram\" type=\"text\" name=\"REX_INPUT_VALUE[6]\" value=\"REX_VALUE[6]\" />\r\n		</div>\r\n	</div>\r\n	<div class=\"form-group\">\r\n		<label class=\"col-sm-2 control-label\" for=\"youtube\">Youtube-Link</label>\r\n		<div class=\"col-sm-10\">\r\n			<input class=\"form-control\" id=\"youtube\" type=\"text\" name=\"REX_INPUT_VALUE[7]\" value=\"REX_VALUE[7]\" />\r\n		</div>\r\n	</div>\r\n</fieldset>\r\n','admin','admin','2016-05-25 12:15:32','2016-05-26 21:06:04','',0);
/*!40000 ALTER TABLE `rex_module` ENABLE KEYS */;
UNLOCK TABLES;

DROP TABLE IF EXISTS `rex_module_action`;
CREATE TABLE `rex_module_action` (
  `id` int(10) unsigned NOT NULL AUTO_INCREMENT,
  `module_id` int(10) unsigned NOT NULL,
  `action_id` int(10) unsigned NOT NULL,
  `revision` int(10) unsigned NOT NULL,
  PRIMARY KEY (`id`)
) ENGINE=InnoDB DEFAULT CHARSET=utf8;
DROP TABLE IF EXISTS `rex_template`;
CREATE TABLE `rex_template` (
  `id` int(10) unsigned NOT NULL AUTO_INCREMENT,
  `name` varchar(255) DEFAULT NULL,
  `content` text,
  `active` tinyint(1) DEFAULT NULL,
  `createuser` varchar(255) NOT NULL,
  `updateuser` varchar(255) NOT NULL,
  `createdate` datetime NOT NULL,
  `updatedate` datetime NOT NULL,
  `attributes` text,
  `revision` int(11) NOT NULL,
  PRIMARY KEY (`id`)
) ENGINE=InnoDB AUTO_INCREMENT=12 DEFAULT CHARSET=utf8;

LOCK TABLES `rex_template` WRITE;
/*!40000 ALTER TABLE `rex_template` DISABLE KEYS */;
INSERT INTO `rex_template` VALUES 
  (1,'01 . Einspalter (Standard)','<?php\r\ndefine(\'SITE_TYPE\', \'col1\');\r\n?>\r\nREX_TEMPLATE[5]\r\n',1,'admin','admin','2016-05-12 00:03:25','2016-05-12 00:03:25','{\"ctype\":[],\"modules\":{\"1\":{\"all\":\"1\"}},\"categories\":{\"all\":\"1\"}}',0),
  (2,'02 . Zweispalter','<?php\r\ndefine(\'SITE_TYPE\', \'col2\');\r\n?>\r\nREX_TEMPLATE[5]\r\n',1,'admin','admin','2016-05-23 07:38:12','2016-05-23 07:38:12','{\"ctype\":{\"1\":\"Hauptspalte\",\"2\":\"Seitenspalte\"},\"modules\":{\"1\":{\"0\":\"1\",\"1\":\"2\",\"2\":\"3\",\"3\":\"13\",\"4\":\"5\",\"5\":\"7\",\"6\":\"8\",\"7\":\"9\",\"8\":\"4\",\"all\":0},\"2\":{\"0\":\"1\",\"1\":\"5\",\"2\":\"10\",\"all\":0},\"3\":{\"all\":\"1\"}},\"categories\":{\"all\":\"1\"}}',0),
  (3,'03 . Einspalter Fullscreen (Login)','<?php\r\ndefine(\'SITE_TYPE\', \'col1_full\');\r\n?>\r\nREX_TEMPLATE[5]\r\n',1,'admin','admin','2016-05-12 00:04:46','2016-05-12 00:04:46','{\"ctype\":[],\"modules\":{\"1\":{\"all\":\"1\"}},\"categories\":{\"all\":\"1\"}}',0),
  (4,'04 . Zweispalter Fullscreen (Registrieren)','<?php\r\ndefine(\'SITE_TYPE\', \'col2_full\');\r\n?>\r\nREX_TEMPLATE[5]\r\n',1,'admin','admin','2016-05-12 10:25:43','2016-05-12 10:25:43','{\"ctype\":{\"1\":\"Hauptspalte\",\"2\":\"Seitenspalte\"},\"modules\":{\"1\":{\"0\":\"1\",\"1\":\"2\",\"2\":\"3\",\"3\":\"5\",\"4\":\"8\",\"5\":\"9\",\"all\":0},\"2\":{\"0\":\"1\",\"1\":\"5\",\"2\":\"10\",\"all\":0},\"3\":{\"all\":\"1\"}},\"categories\":{\"all\":\"1\"}}',0),
  (5,'05 . TEMPLATE','REX_TEMPLATE[6]\r\n\r\n<?php\r\n$content1 = $this->getArticle(\'1\');\r\n$content2 = $this->getArticle(\'2\');\r\n\r\n$headerpic = \'\';\r\nif (SITE_TYPE == \'col1_full\') {\r\n	$body_class = \' class=\"full-screen login\"\';\r\n	$navbar_id = \' id=\"register-navbar\"\';\r\n	$navbar_class = \' navbar-fixed-top\';\r\n	if ($this->getValue(\'art_file\') != \'\') {\r\n		$headerpic = \' style=\"background-image: url(\'.rex_url::base(\'index.php?rex_media_type=header&rex_media_file=\'.$this->getValue(\'art_file\')).\');\"\';\r\n	}\r\n} elseif (SITE_TYPE == \'col2_full\') {\r\n	$body_class = \' class=\"full-screen register\"\';\r\n	$navbar_id = \' id=\"register-navbar\"\';\r\n	$navbar_class = \' navbar-fixed-top\';\r\n	if ($this->getValue(\'art_file\') != \'\') {\r\n		$headerpic = \' style=\"background-image: url(\'.rex_url::base(\'index.php?rex_media_type=header&rex_media_file=\'.$this->getValue(\'art_file\')).\');\"\';\r\n	}\r\n} else {\r\n	$body_class = \' class=\"default\"\';\r\n	$navbar_id = \'\';\r\n	$navbar_class = \'\';\r\n}\r\n\r\necho \'\r\n<body\'.$body_class.$headerpic.\'>\';\r\n\r\nif (SITE_TYPE == \'col1\' || SITE_TYPE == \'col2\') {\r\n	 echo \'\r\n	 <div class=\"header-wrapper\">\';	\r\n}\r\n?>\r\n<!-- navbar -->\r\n	<nav class=\"navbar navbar-ct-transparent<?php echo $navbar_class; ?>\" role=\"navigation-demo\"<?php echo $navbar_id; ?>>\r\n	  <div class=\"container\">\r\n		<div class=\"navbar-header\">\r\n	        <button type=\"button\" class=\"navbar-toggle\" data-toggle=\"collapse\" data-target=\"#navigation\">\r\n			<span class=\"sr-only\">Toggle navigation</span>\r\n			<span class=\"icon-bar\"></span>\r\n			<span class=\"icon-bar\"></span>\r\n			<span class=\"icon-bar\"></span>\r\n		  </button>\r\n		  <a class=\"navbar-brand\" href=\"<?= rex_url::frontend() ?>\"><img src=\"<?= rex_url::base(\'resources/css/files/logo_white.svg\') ?>\" alt=\"REDAXO CMS\"></a>\r\n		</div>\r\n		<div class=\"navbar-collapse collapse\" id=\"navigation\">\r\n			<!-- Navigation -->\r\n			REX_TEMPLATE[8]\r\n			<!--/Navigation -->\r\n\r\n		</div><!--/.nav-collapse -->\r\n	  </div>\r\n	</nav>\r\n\r\n<?php\r\nif (SITE_TYPE == \'col1\' || SITE_TYPE == \'col2\') {\r\n	 echo \'\r\n	<!-- *******************************************************\r\n	Headerpic\r\n	******************************************************* -->\r\n	REX_TEMPLATE[7]\r\n</div>\';\r\n}\r\n?>\r\n\r\n<div class=\"wrapper\">\r\n\r\n	<?php\r\n	$loginstatus = \'\';\r\n	if ($ycom_user) {\r\n\r\n		$loginstatus = \'\r\n		<div id=\"notifications\" class=\"logged-in\">\r\n			<div class=\"alert alert-info\">\r\n				<div class=\"container\">\r\n					Hallo \'.rex_ycom_auth::getUser()->getValue(\'firstname\').\' \'.rex_ycom_auth::getUser()->getValue(\'name\').\', Du bist erfolgreich eingeloggt.\r\n				</div>\r\n			</div>\r\n			<div class=\"clearfix\"></div>\r\n		</div><!--  end notifications -->\';\r\n\r\n	} else {\r\n		// Benutzter besitzt die nötige Berechtigung nicht, ggf. Hinweis zeigen?\r\n	}\r\n\r\n	/*\r\n	Wenn das Template \"01 . Einspalter (Standard)\" gewählt ist, geht der Content-Container über die volle Breite.\r\n	*/\r\n	if (SITE_TYPE == \'col1\') {\r\n		echo $loginstatus.\'\r\n		<div class=\"main\">\r\n			<div class=\"section\">\r\n				<div class=\"container\">\r\n					\'.$content1.\'\r\n					REX_TEMPLATE[11]\r\n				</div>\r\n			</div>\r\n		</div>\';\r\n\r\n	/*\r\n	Wenn das Template \"02 . Zweispalter\" gewählt ist, gibt es eine Hauptspalte und eine Seitenspalte.\r\n	*/\r\n	} elseif (SITE_TYPE == \'col2\') {\r\n		echo $loginstatus.\'\r\n		<div class=\"section\">\r\n			<div class=\"container\">\r\n				<div class=\"row\">\r\n\r\n					<div class=\"col-md-8 bottom-border\">\r\n						\'.$content1.\'\r\n						REX_TEMPLATE[11]\r\n					</div>\r\n\r\n					<div class=\"col-md-3 col-md-offset-1\">\r\n						<!-- Subnavigation -->\';\r\n						$subnav_col = new rex_template(9);\r\n						include $subnav_col->getFile();\r\n						echo \'\r\n						<!-- /Subnavigation -->\r\n\r\n						<!-- ggf. weiterer Content -->\r\n						\'.$content2.\'\r\n					</div>\r\n\r\n				</div>\r\n			</div>\r\n		</div>\';\r\n\r\n		/*\r\n		Wenn das Template \"03 . Einspalter Fullscreen\" gewählt ist, gibt es mittig zentrierten Content auf einem Hintergrundbild\r\n		*/\r\n	} elseif (SITE_TYPE == \'col1_full\') {\r\n		echo \'\r\n			<div class=\"container\">\r\n				<div class=\"row\">\r\n					<div class=\"col-md-6 col-md-offset-3 col-sm-6 col-sm-offset-3 col-xs-10 col-xs-offset-1 \">\r\n						<div class=\"demo-card\">\r\n							\'.$content1.\'\r\n						</div>\r\n					</div>\r\n				</div>\r\n			</div>\';\r\n\r\n	/*\r\n	Wenn das Template \"04 . Zweispalter Fullscreen\" gewählt ist, gibt es eine Textspalte und eine Formularspalte.\r\n	*/\r\n	} elseif (SITE_TYPE == \'col2_full\') {\r\n		echo \'\r\n			<div class=\"container\">\r\n				<div class=\"row\">\r\n					<div class=\"col-md-5 col-md-offset-1 col-sm-6 col-xs-12 info-horizontal\">\r\n						\'.$content1.\'\r\n					</div>\r\n					<div class=\"col-md-6 col-sm-6 col-xs-12\">\r\n						<div class=\"demo-card\">\r\n							\'.$content2.\'\r\n						</div>\r\n					</div>\r\n				</div>\r\n			</div>\r\n			</div>\';\r\n\r\n	} ?>\r\n\r\n</div>\r\n	<!-- *******************************************************\r\n	 FOOTER\r\n	 ******************************************************* -->\r\n	REX_TEMPLATE[10]\r\n\r\n\r\n<!-- REDAXO 5 rocks! -->\r\n\r\n<!-- Javascripts -->\r\n<script type=\"text/javascript\" src=\"<?php echo rex_url::base(\'resources/js/jquery-ui.min.js\') ?>\"></script>\r\n<script type=\"text/javascript\" src=\"<?php echo rex_url::base(\'resources/js/bootstrap.min.js\') ?>\"></script>\r\n<script type=\"text/javascript\" src=\"<?php echo rex_url::base(\'resources/js/checkbox.js\') ?>\"></script>\r\n<script type=\"text/javascript\" src=\"<?php echo rex_url::base(\'resources/js/radio.js\') ?>\"></script>\r\n<script type=\"text/javascript\" src=\"<?php echo rex_url::base(\'resources/js/select.js\') ?>\"></script>\r\n\r\n<script src=\"<?php echo rex_url::base(\'resources/js/photo_swipe/photoswipe.min.js\') ?>\"></script>\r\n<script src=\"<?php echo rex_url::base(\'resources/js/photo_swipe/photoswipe-ui-default.min.js\') ?>\"></script>\r\n<script src=\"<?php echo rex_url::base(\'resources/js/photo_swipe/init-gallery.js\') ?>\"></script>\r\n\r\n<script type=\"text/javascript\" src=\"<?php echo rex_url::base(\'resources/js/rex-com-demo.js\') ?>\"></script>\r\n\r\n</body>\r\n</html>\r\n',0,'admin','admin','2016-06-03 14:54:21','2016-06-03 14:54:21','{\"ctype\":[],\"modules\":{\"1\":{\"all\":\"1\"}},\"categories\":{\"all\":\"1\"}}',0),
  (6,'00 . Header','<?php\r\n$ycom_user = rex_ycom_auth::getUser();\r\n\r\n// error_reporting(0);\r\nerror_reporting(E_ALL);\r\n// Das Error-Reporting sollte nur während der Entwicklung angeschaltet sein. Bei einer Live-Website sollte es auf 0 gestellt werden.\r\n\r\nheader(\'Content-Type: text/html; charset=utf-8\');\r\n?><!DOCTYPE html>\r\n<html lang=\"<?php echo rex_clang::getCurrent()->getCode(); ?>\">\r\n<head>\r\n	<meta charset=\"utf-8\">\r\n	<meta http-equiv=\"X-UA-Compatible\" content=\"IE=edge\">\r\n	<meta name=\"viewport\" content=\"width=device-width, initial-scale=1\">\r\n	<?php\r\n	// Als Title-Tag den Artikelnamen, außer er wird manuell gesetzt\r\n	if ($this->getValue(\"art_title\") != \"\") {\r\n		$title = htmlspecialchars($this->getValue(\'art_title\'));\r\n	} else {\r\n		$title = htmlspecialchars($this->getValue(\'name\'));\r\n	}\r\n\r\n	echo \'\r\n	<title>\'.$title.\'</title>\';\r\n\r\n	// Keywords and description\r\n	// Wenn der aktuelle Artikel kein Keyword und Description besitzt, werden die aus dem Startartikel genommen\r\n	if ($this->getValue(\"art_keywords\") != \"\") {\r\n		$keywords = $this->getValue(\"art_keywords\");\r\n	} else {\r\n		$home = new rex_article_content(rex_article::getSiteStartArticleId());\r\n		$keywords = $home->getValue(\'art_keywords\');\r\n	}\r\n\r\n	if ($this->getValue(\"art_description\") != \"\") {\r\n		$description = $this->getValue(\"art_description\");\r\n	} else {\r\n		$home = new rex_article_content(rex_article::getSiteStartArticleId());\r\n		$description = $home->getValue(\'art_description\');\r\n	}\r\n\r\n	echo \'\r\n	<meta name=\"keywords\" content=\"\'.htmlspecialchars($keywords).\'\">\';\r\n\r\n	echo \'\r\n	<meta name=\"description\" content=\"\'.htmlspecialchars($description).\'\">\';\r\n	?>\r\n\r\n	<link rel=\"stylesheet\" href=\"<?php echo rex_url::base(\'resources/css/bootstrap.min.css\') ?>\">\r\n	<link rel=\"stylesheet\" href=\"<?php echo rex_url::base(\'resources/css/base.css\') ?>\">\r\n	<link rel=\"stylesheet\" href=\"<?php echo rex_url::base(\'resources/css/rex-com-demo.css\') ?>\">\r\n	<link rel=\"stylesheet\" href=\"<?php echo rex_url::base(\'resources/css/fonts.css\') ?>\">\r\n	<link rel=\"stylesheet\" href=\"<?php echo rex_url::base(\'resources/css/font-awesome.min.css\') ?>\">\r\n	<link rel=\"stylesheet\" href=\"<?php echo rex_url::base(\'resources/css/themify-icons.css\') ?>\">\r\n\r\n	<!-- HTML5 shim and Respond.js IE8 support of HTML5 elements and media queries -->\r\n	<!--[if lt IE 9]>\r\n		<script src=\"http://oss.maxcdn.com/libs/html5shiv/3.7.0/html5shiv.js\"></script>\r\n		<script src=\"http://oss.maxcdn.com/libs/respond.js/1.4.2/respond.min.js\"></script>\r\n	<![endif]-->\r\n	<script type=\"text/javascript\" src=\"<?php echo rex_url::base(\'resources/js/jquery.js\') ?>\"></script>\r\n</head>\r\n',0,'admin','admin','2016-06-02 15:32:32','2016-06-02 15:32:32','{\"ctype\":[],\"modules\":{\"1\":{\"all\":\"1\"}},\"categories\":{\"all\":\"1\"}}',0),
  (7,'06 . Headerbild','<?php\r\n// Headerbild rekursiv einbinden.\r\n// Wenn der aktuelle Artikel kein Bild hat, wird das aus den Elternkategorien genommen.\r\n$header = \'\';\r\n$headerpic = $this->getValue(\'art_file\');\r\n\r\nif ($headerpic == \'\') {\r\n    $category = rex_article::getCurrent()->getCategory();\r\n    while ($header == \'\') {\r\n        if ($category == null) {\r\n            break;\r\n        }\r\n        $headerpic = $category->getValue(\'art_file\');\r\n        $category = $category->getParent();\r\n    } \r\n}\r\n\r\nif ($headerpic == \'\') {\r\n    $headerpic = rex_article::getSiteStartArticle()->getValue(\'art_file\');\r\n}\r\n\r\n\r\n$header = \'\r\n<div class=\"header\" style=\"background-image: url(\'.rex_url::base(\'index.php?rex_media_type=header&rex_media_file=\'.$headerpic).\');\r\n    \">\r\n	<div class=\"filter\"></div>\r\n	<div class=\"container text-center\">\r\n		<h1>\'.$this->getValue(\'name\').\'</h1>\';\r\n		if ($this->getValue(\'art_subtitle\') != \'\') {\r\n			$header .= \'\r\n			<h3>\'.$this->getValue(\'art_subtitle\').\'</h3>\';\r\n		}\r\n	$header .= \' \r\n	</div>\r\n</div>\';\r\n\r\nif (SITE_TYPE == \'col1\' || SITE_TYPE == \'col2\') {\r\necho $header;\r\n}\r\n?>\r\n',0,'admin','admin','2016-05-30 13:07:36','2016-05-30 13:07:36','{\"ctype\":[],\"modules\":{\"1\":{\"all\":\"1\"}},\"categories\":{\"all\":\"1\"}}',0),
  (8,'07 . Navigation','<?php\r\n$path = explode(\"|\",$this->getValue(\"path\").$this->getValue(\"article_id\").\"|\");\r\n$path1 = ((!empty($path[1])) ? $path[1] : \'\');\r\n$path2 = ((!empty($path[2])) ? $path[2] : \'\');\r\n\r\n$nav_main = \'\';\r\n\r\nforeach (rex_category::getRootCategories(true) as $lev1) { // wenn true, dann werden nur die Artikel mit Status online berücksichtigt\r\n\r\n	if (rex_ycom_auth::checkPerm($lev1) && $lev1->getId() != rex_article::getSiteStartArticleId()) { // Home soll nicht in der Navi auftauchen\r\n		\r\n		if ($lev1->getId() == 4) { // falls Profilkategorie, dann Profil-Foto\r\n			$profile_pic = \'profile_default.png\';\r\n			if ($ycom_user && rex_ycom_auth::getUser()->getValue(\'pic\') != \'\') $profile_pic = rex_ycom_auth::getUser()->getValue(\'pic\'); // prüfen, ob User eingeloggt ist und ob er ein Bild bhinterlegt hat\r\n			$profilelink = \'\r\n			<a href=\"#\" class=\"profile-photo dropdown-toggle\" data-toggle=\"dropdown\">\r\n                <div class=\"profile-photo-small\">\r\n                    <img src=\"index.php?rex_media_type=profile&rex_media_file=\'.$profile_pic.\'\" alt=\"Profilbild\" class=\"img-circle img-responsive img-no-padding\">\r\n                </div><span>Profil</span>\r\n            </a>\';\r\n		} else {\r\n			$profilelink = \'\r\n			<a class=\"dropdown-toggle\" href=\"\'.$lev1->getUrl().\'\">\'.htmlspecialchars($lev1->getValue(\'name\')).\'</a>\';\r\n		}\r\n\r\n		if ($lev1->getId() == $path1) {\r\n			$nav_main .= \'\r\n			<li class=\"dropdown active\">\'.$profilelink;\r\n		} else {\r\n   			$nav_main .= \'\r\n			<li class=\"dropdown\">\'.$profilelink;\r\n		}\r\n\r\n		// 1st level start\r\n		$lev1Size = sizeof($lev1->getChildren(true));\r\n\r\n			if ($lev1Size != \"0\") {\r\n\r\n				$nav_main .= \'\r\n				<ul class=\"dropdown-menu dropdown-menu-right\">\';\r\n\r\n					// START 2nd level categories\r\n					foreach ($lev1->getChildren() as $lev2):\r\n						if (rex_ycom_auth::checkPerm($lev2)) {\r\n\r\n							$nav_icon = ($lev2->getValue(\'art_nav_icon\') != \'\') ? \'<span class=\"icon-simple\"><i class=\"\'.$lev2->getValue(\'art_nav_icon\').\'\"></i></span> \' : \'\';\r\n\r\n							if ($lev2->getId() == $path2) {\r\n								$nav_main .= \'\r\n								<li class=\"dropdown-toggle active\"><a href=\"\'.$lev2->getUrl().\'\">\'.$nav_icon.htmlspecialchars($lev2->getValue(\'name\')).\'</a></li>\';\r\n							} else {\r\n								$nav_main .= \'\r\n								<li class=\"dropdown-toggle\"><a href=\"\'.$lev2->getUrl().\'\">\'.$nav_icon.htmlspecialchars($lev2->getValue(\'name\')).\'</a></li>\';\r\n							}\r\n						}\r\n					endforeach;\r\n\r\n				$nav_main .= \'\r\n				</ul>\';\r\n\r\n			}\r\n\r\n		$nav_main .= \'\r\n		</li>\';\r\n	}\r\n}\r\n\r\necho \'\r\n<ul class=\"nav navbar-nav navbar-right\">\r\n	\'.$nav_main.\'\r\n</ul>\';\r\n?>\r\n',0,'admin','admin','2016-06-04 00:04:48','2016-06-04 00:04:48','{\"ctype\":[],\"modules\":{\"1\":{\"all\":\"1\"}},\"categories\":{\"all\":\"1\"}}',0),
  (9,'08 . Subnavigation (Seitenspalte)','<?php\r\n$path = explode(\"|\",$this->getValue(\"path\").$this->getValue(\"article_id\").\"|\");\r\n$path1 = ((!empty($path[1])) ? $path[1] : \'\');\r\n$path2 = ((!empty($path[2])) ? $path[2] : \'\');\r\n\r\n$article = rex_article::get($path1);\r\n$articleUrl = $article->getUrl();\r\n$articleName = $article->getName();\r\n\r\n$nav = rex_ycom_navigation::factory();\r\n$subnav = $nav->get($path1,2,TRUE,TRUE);\r\n\r\nif ($subnav != \'\') {\r\n\r\n	echo \'\r\n	<h4 id=\"sidenav_title\"><a href=\"\'.$articleUrl.\'\">\'.$articleName.\'</a></h4>\';\r\n\r\n	echo \'\r\n	<div class=\"subnav\">\r\n	\'.$subnav.\'\r\n	</div\';\r\n\r\n}\r\n?>\r\n',0,'admin','admin','2016-05-25 13:30:54','2016-05-25 13:30:54','{\"ctype\":[],\"modules\":{\"1\":{\"all\":\"1\"}},\"categories\":{\"all\":\"1\"}}',0),
  (10,'09 . Footer Hilfstemplate','<footer class=\"section-dark\">\r\n	<div class=\"container\">\r\n		<nav class=\"pull-left\">\r\n			REX_ARTICLE[id=6]\r\n		</nav>\r\n		<div class=\"copyright pull-right\">\r\n			&copy; 2016 – REDAXO CMS <i class=\"fa fa-heart heart\"></i> ya all!\r\n		</div>\r\n	</div>\r\n</footer>',0,'admin','admin','2016-05-29 21:16:44','2016-05-29 21:16:44','{\"ctype\":[],\"modules\":{\"1\":{\"all\":\"1\"}},\"categories\":{\"all\":\"1\"}}',0),
  (11,'10 . Kommentare','<?php\r\n// Kommentarfunktion für diesen Artikel freigeschaltet?\r\nif ($this->getValue(\'art_comment\') == \'|true|\') {\r\n	// Ist der User eingeloggt?\r\n	if ($ycom_user) {\r\n\r\n		$sql = rex_sql::factory();\r\n		$sql_query = \'\r\n			SELECT\r\n				firstname, name, rex_ycom_user.status, pic, comment, rex_ycom_user.status, stamp,\r\n				DATE_FORMAT(stamp, \"%e. %m. %Y, %H:%i\") as comment_date\r\n			FROM\r\n				rex_ycom_user, rex_ycom_comment\r\n			WHERE\r\n				rex_ycom_comment.article = \"\'.$this->article_id.\'\"\r\n			AND\r\n				rex_ycom_comment.user_id = rex_ycom_user.id\r\n			AND\r\n				rex_ycom_comment.status = 1\r\n			ORDER BY\r\n				stamp\';\r\n\r\n		$sql->setQuery($sql_query);\r\n\r\n		echo \'\r\n		<div class=\"section section-nude-gray\" id=\"comments\">\r\n			<div class=\"media-area\">\r\n				<h3 class=\"text-center\">Kommentare (\'.$sql->getRows().\')</h3>\r\n				<hr>\';\r\n\r\n				for ($i=0; $i<$sql->getRows(); $i++) {\r\n\r\n					$profile_pic = \'profile_default.png\';\r\n					if ($sql->getValue(\'pic\') != \'\') $profile_pic = $sql->getValue(\'pic\');\r\n\r\n\r\n		                    echo \'\r\n		                    <div class=\"media\">\r\n		                          <div class=\"avatar\">\r\n		                                <img class=\"media-object\" alt=\"\'.$sql->getValue(\'firstname\').\' \'.$sql->getValue(\'name\').\'\" src=\"\'.rex_url::base(\'index.php?rex_media_type=profile&rex_media_file=\'.$profile_pic.\'\').\'\">\r\n		                          </div>\r\n		                          <div class=\"media-body\">\r\n		                                <h5 class=\"media-heading\">\'.$sql->getValue(\'firstname\').\' \'.$sql->getValue(\'name\').\'</h5>\r\n		                                <div class=\"pull-right\">\r\n		                                    <h6 class=\"text-muted\">\'.$sql->getValue(\'comment_date\').\'</h6>\r\n		                                </div>\r\n\r\n		                                <p>\'.nl2br($sql->getValue(\'comment\')).\'</p>\r\n\r\n		                          </div>\r\n		                    </div> <!-- end media -->\';\r\n					\r\n					$sql->next();\r\n				}\r\n\r\n			echo \'\r\n			</div> <!-- end media-area -->\r\n		</div>\r\n		<div id=\"comments-end\"></div>\';\r\n\r\n		// Formulare zeigen\r\n		$yform = new rex_yform();\r\n		$yform->setObjectparams(\'form_skin\', \'bootstrap\');\r\n		$yform->setObjectparams(\'form_anchor\', \'comments-end\');\r\n		$yform->setObjectparams(\'form_showformafterupdate\', 0);\r\n		$yform->setObjectparams(\'real_field_names\', true);\r\n		$yform->setObjectparams(\'form_action\', rex_getUrl($this->article_id));\r\n\r\n		$yform->setValueField(\'hidden\', array(\"article\", $this->article_id));\r\n		$yform->setValueField(\'hidden\', array(\"user_id\", rex_ycom_auth::getUser()->getValue(\'id\')));\r\n		$yform->setValueField(\'hidden\', array(\"status\", \"1\"));\r\n		$yform->setValueField(\'hidden\', array(\"stamp\", date(\"YmdHis\")));\r\n\r\n		$yform->setValueField(\'textarea\', array(\"comment\",\"Kommentar schreiben\"));\r\n		$yform->setValidateField(\'empty\', array(\"comment\",\"Bitte Kommentar eingeben\"));\r\n\r\n		$yform->setActionField(\'db\', array(\'rex_ycom_comment\'));\r\n		// ggf. Kommentar auch an Admin setzen:\r\n		// $yform->setActionField(\'email\', array(\'commrent_admin\', \'emaillabel\', \'your_email.de\'));\r\n		$yform->setActionField(\'showtext\', array(\"Kommentar wurde hinzugefügt.\",\'<div class=\"alert alert-success\">\',\"</div>\",\"1\"));\r\n		echo $yform->getForm();\r\n\r\n	}\r\n}\r\n?>\r\n',0,'admin','admin','2016-06-04 17:53:20','2016-06-04 17:53:20','{\"ctype\":[],\"modules\":{\"1\":{\"all\":\"1\"}},\"categories\":{\"all\":\"1\"}}',0);
/*!40000 ALTER TABLE `rex_template` ENABLE KEYS */;
UNLOCK TABLES;

DROP TABLE IF EXISTS `rex_user_role`;
CREATE TABLE `rex_user_role` (
  `id` int(10) unsigned NOT NULL AUTO_INCREMENT,
  `name` varchar(255) DEFAULT NULL,
  `description` text,
  `perms` text NOT NULL,
  `createuser` varchar(255) NOT NULL,
  `updateuser` varchar(255) NOT NULL,
  `createdate` datetime NOT NULL,
  `updatedate` datetime NOT NULL,
  `revision` int(10) unsigned NOT NULL,
  PRIMARY KEY (`id`)
) ENGINE=InnoDB DEFAULT CHARSET=utf8;
DROP TABLE IF EXISTS `rex_ycom_comment`;
CREATE TABLE `rex_ycom_comment` (
  `id` int(11) NOT NULL AUTO_INCREMENT,
  `comment` text NOT NULL,
  `user_id` text NOT NULL,
  `status` varchar(255) NOT NULL,
  `article` text NOT NULL,
  `stamp` varchar(255) NOT NULL,
  PRIMARY KEY (`id`)
) ENGINE=InnoDB AUTO_INCREMENT=4 DEFAULT CHARSET=utf8;

LOCK TABLES `rex_ycom_comment` WRITE;
/*!40000 ALTER TABLE `rex_ycom_comment` DISABLE KEYS */;
INSERT INTO `rex_ycom_comment` VALUES 
  (1,'Squid jean shorts pork belly, keytar wayfarers authentic farm-to-table chia. Helvetica lumbersexual kinfolk neutra aesthetic.\r\n\r\nOrganic authentic pickled swag. Street art butcher church-key listicle affogato.','1','1','3','2016-05-15 14:57:55'),
  (2,'Deine Wortwahl lässt mich wundern.\r\n\r\nWirklich – sehr rätselhaft!','2','1','3','2016-05-21 20:28:26'),
  (3,'Super WANDA ...','3','1','3','20160530164858');
/*!40000 ALTER TABLE `rex_ycom_comment` ENABLE KEYS */;
UNLOCK TABLES;

DROP TABLE IF EXISTS `rex_ycom_group`;
CREATE TABLE `rex_ycom_group` (
  `id` int(11) NOT NULL AUTO_INCREMENT,
  `name` text NOT NULL,
  `prio` int(11) NOT NULL,
  PRIMARY KEY (`id`)
) ENGINE=InnoDB AUTO_INCREMENT=3 DEFAULT CHARSET=utf8;

LOCK TABLES `rex_ycom_group` WRITE;
/*!40000 ALTER TABLE `rex_ycom_group` DISABLE KEYS */;
INSERT INTO `rex_ycom_group` VALUES 
  (1,'Gruppe A',1),
  (2,'Gruppe B',2);
/*!40000 ALTER TABLE `rex_ycom_group` ENABLE KEYS */;
UNLOCK TABLES;

DROP TABLE IF EXISTS `rex_ycom_user`;
CREATE TABLE `rex_ycom_user` (
  `id` int(11) NOT NULL AUTO_INCREMENT,
  `login` text NOT NULL,
  `email` text NOT NULL,
  `status` text NOT NULL,
  `firstname` text NOT NULL,
  `name` text NOT NULL,
  `activation_key` text NOT NULL,
  `session_key` text NOT NULL,
  `last_action_time` varchar(255) NOT NULL,
  `last_login_time` text NOT NULL,
  `ycom_groups` text NOT NULL,
  `password` varchar(255) NOT NULL,
  `pic` text NOT NULL,
  `slogan` text NOT NULL,
  PRIMARY KEY (`id`)
) ENGINE=InnoDB AUTO_INCREMENT=4 DEFAULT CHARSET=utf8;

LOCK TABLES `rex_ycom_user` WRITE;
/*!40000 ALTER TABLE `rex_ycom_user` DISABLE KEYS */;
INSERT INTO `rex_ycom_user` VALUES 
  (1,'hans@trapper.de','hans@trapper.de','1','Hans','Trapper','10c385594d7abf3d95e01c3b48bd144a','','1464993378','1464990754','1,2','$2y$10$727HnaFxoM6LtumJq628nuAnJoDUbEPGBwe/CB3K8PExe1mLW1vMW','profile_pic1.jpg','Die Natur schickt keine Rechnung. Oder: Der Weg ist das Ziel.'),
  (2,'wanda@hendrix.de','wanda@hendrix.de','1','Wanda','Hendrix','c450da889959191a30834984420c8910','','1464609591','1463854961','1','$2y$10$KHpXDlALDAPSQH5vDi/rneKLkzJDBJOIyh1rg7wWgVNNtbztPSSYi','profile_pic2.jpg','Der frühe Vogel fängt den Wurm. Aber lohnt es sich, dafür aufzustehen?'),
  (3,'rasmus@bengtson.de','rasmus@bengtson.de','1','Rasmus','Bengtson','77a01054c185818606aa077cb7ac1b57','','1464609576','1464210301','2','$2y$10$nP7Ubzp4szevoY4fFfsSo.mfz5PpA0wJsA0cidxJp1bGY8oHkkKr2','profile_pic3.jpg','Lieber einen dicken Bauch vom Saufen, als einen krummen Buckel vom Arbeiten.');
/*!40000 ALTER TABLE `rex_ycom_user` ENABLE KEYS */;
UNLOCK TABLES;

DROP TABLE IF EXISTS `rex_yform_email_template`;
CREATE TABLE `rex_yform_email_template` (
  `id` int(11) NOT NULL AUTO_INCREMENT,
  `name` varchar(255) NOT NULL DEFAULT '',
  `mail_from` varchar(255) NOT NULL DEFAULT '',
  `mail_from_name` varchar(255) NOT NULL DEFAULT '',
  `subject` varchar(255) NOT NULL DEFAULT '',
  `body` text NOT NULL,
  `body_html` text NOT NULL,
  `attachments` text NOT NULL,
  PRIMARY KEY (`id`)
) ENGINE=InnoDB AUTO_INCREMENT=5 DEFAULT CHARSET=utf8;

LOCK TABLES `rex_yform_email_template` WRITE;
/*!40000 ALTER TABLE `rex_yform_email_template` DISABLE KEYS */;
INSERT INTO `rex_yform_email_template` VALUES 
  (1,'access_request_de','noreply@redaxo.org','REDAXO Community Demo','REDAXO Community Demo: Bitte bestätige Deine Anmeldung','Du hast Dich mit folgendem Zugang angemeldet:\r\n\r\nLogin: REX_YFORM_DATA[field=\"email\"]\r\nName: REX_YFORM_DATA[field=\"firstname\"]\r\nNachname: REX_YFORM_DATA[field=\"name\"]\r\nE-Mail: REX_YFORM_DATA[field=\"email\"]\r\n\r\nBitte bestätige Deine Anmeldung mit einem Klick auf folgenden Link:\r\n\r\n<?php \r\n\r\n$url = rex::getServer().rex_getUrl(16,\'\',[ \'activation_key\' => REX_YFORM_DATA[field=\"activation_key\"], \'email\' => REX_YFORM_DATA[field=\"email\"] ], \'&\'); \r\n\r\n$url = str_replace([\'./\',\'//\',\'http:/\'],[\'\',\'/\',\'http://\'],$url);\r\necho $url;\r\n\r\n?>','',''),
  (2,'access_confirmation_de','noreply@redaxo.org','REDAXO Community Demo','REDAXO Community Demo: Dein Zugang wurde freigeschaltet','Dein Zugang wurde freigeschaltet.\r\nDu kannst Dich nun einloggen:\r\n<?php\r\n$url = rex::getServer().rex_getUrl(5);\r\n\r\n$url = str_replace([\'./\',\'//\',\'http:/\'],[\'\',\'/\',\'http://\'],$url);\r\necho $url;\r\n?>\r\n\r\nDu könntest anschließend auf Deiner Profilseite ein Foto von Dir hochladen ... ?','',''),
  (3,'request_password_de','noreply@redaxo.org','REDAXO Community Demo','REDAXO Community Demo: Du willst Dein Passwort zurücksetzen','Guten Tag REX_YFORM_DATA[field=\"firstname\"] REX_YFORM_DATA[field=\"name\"], \r\n\r\nDu hast ein neues Passwort angefordert.\r\n\r\nBitte klicke auf folgenden Link, um Dein Passwort zurückzusetzen:\r\n<?php \r\n$url = rex::getServer().rex_getUrl(19,\'\',[ \'activation_key\' => REX_YFORM_DATA[field=\"activation_key\"], \'email\' => REX_YFORM_DATA[field=\"email\"] ], \'&\'); \r\n\r\n// ugly hack to strip \"./\"\r\n$url = str_replace([\'./\',\'//\',\'http:/\'],[\'\',\'/\',\'http://\'],$url);\r\necho $url;\r\n?>\r\n\r\nSolltest Du diese E-Mail nicht angefordert haben, bzw. Dein Passwort nicht vergessen haben, kannst Du diese E-Mail ignorieren.','',''),
  (4,'access_admin_confirm_de','noreply@redaxo.org','REDAXO Community Demo','REDAXO Community Demo: Anmeldung bestätigt','Der User mit der Email REX_YFORM_DATA[field=\"email\"] hat seine Anmeldung bestätigt. Bitte die entsprechenden Gruppenrechte einstellen und freischalten:\r\n<?php echo rex::getServer(); ?>redaxo/index.php?page=yform/manager/data_edit&table_name=rex_ycom_user&data_id=REX_YFORM_DATA[field=\"id\"]&func=edit\r\n\r\nAnschließend dem User durch diesen Link eine Nachricht senden, dass sein Account freigeschaltet ist:\r\n<?php \r\n$url = rex::getServer().rex_getUrl(17,\'\',[ \'activation_key\' => REX_YFORM_DATA[field=\"activation_key\"], \'email\' => REX_YFORM_DATA[field=\"email\"] ], \'&\'); \r\n\r\n// ugly hack to strip \"./\"\r\n$url = str_replace([\'./\',\'//\',\'http:/\'],[\'\',\'/\',\'http://\'],$url);\r\necho $url;\r\n?>\r\n\r\n','','');
/*!40000 ALTER TABLE `rex_yform_email_template` ENABLE KEYS */;
UNLOCK TABLES;

DROP TABLE IF EXISTS `rex_yform_field`;
CREATE TABLE `rex_yform_field` (
  `id` int(11) NOT NULL AUTO_INCREMENT,
  `table_name` varchar(100) NOT NULL,
  `prio` int(11) NOT NULL,
  `type_id` varchar(100) NOT NULL,
  `type_name` varchar(100) NOT NULL,
  `list_hidden` tinyint(1) NOT NULL,
  `search` tinyint(1) NOT NULL,
  `name` text NOT NULL,
  `label` text NOT NULL,
  `not_required` text NOT NULL,
  `options` text NOT NULL,
  `multiple` text NOT NULL,
  `default` text NOT NULL,
  `size` text NOT NULL,
  `only_empty` text NOT NULL,
  `message` text NOT NULL,
  `table` text NOT NULL,
  `hashname` text NOT NULL,
  `password_hash` text NOT NULL,
  `no_db` text NOT NULL,
  `password_label` text NOT NULL,
  `field` text NOT NULL,
  `type` text NOT NULL,
  `empty_value` text NOT NULL,
  `empty_option` text NOT NULL,
  `max_size` text NOT NULL,
  `types` text NOT NULL,
  `fields` text NOT NULL,
  `position` text NOT NULL,
  `address` text NOT NULL,
  `width` text NOT NULL,
  `height` text NOT NULL,
  PRIMARY KEY (`id`)
) ENGINE=InnoDB AUTO_INCREMENT=36 DEFAULT CHARSET=utf8;

LOCK TABLES `rex_yform_field` WRITE;
/*!40000 ALTER TABLE `rex_yform_field` DISABLE KEYS */;
INSERT INTO `rex_yform_field` VALUES 
  (1,'rex_ycom_user',1,'value','text',1,1,'login','translate:login','','','','','','','','','','','','','','','','','','','','','','',''),
  (2,'rex_ycom_user',2,'validate','empty',1,0,'login','','','','','','','','translate:ycom_please_enter_login','','','','','','','','','','','','','','','',''),
  (3,'rex_ycom_user',3,'validate','unique',1,0,'login','','','','','','','','translate:ycom_this_login_exists_already','rex_ycom_user','','','','','','','','','','','','','','',''),
  (4,'rex_ycom_user',4,'value','text',0,1,'email','translate:email','','','','','','','','','','','','','','','','','','','','','','',''),
  (5,'rex_ycom_user',5,'validate','empty',1,0,'email','','','','','','','','translate:ycom_please_enter_email','','','','','','','','','','','','','','','',''),
  (6,'rex_ycom_user',6,'validate','email',1,0,'email','','','','','','','','translate:ycom_please_enter_email','','','','','','','','','','','','','','','',''),
  (7,'rex_ycom_user',7,'validate','unique',1,0,'email','','','','','','','','translate:ycom_this_email_exists_already','rex_ycom_user','','','','','','','','','','','','','','',''),
  (8,'rex_ycom_user',8,'value','ycom_auth_password',1,1,'password','translate:password','','','','','','','','','','','','','','','','','','','','','','',''),
  (9,'rex_ycom_user',9,'value','select',0,1,'status','translate:status','','translate:ycom_account_requested=-1,Zugang wurde bestätigt=0,translate:ycom_account_active=1,translate:ycom_account_inactive=-2','0','-1','1','','','','','','','','','','','','','','','','','',''),
  (10,'rex_ycom_user',10,'value','text',0,1,'firstname','translate:firstname','','','','','','','','','','','','','','','','','','','','','','',''),
  (11,'rex_ycom_user',11,'value','text',0,1,'name','translate:name','','','','','','','','','','','','','','','','','','','','','','',''),
  (12,'rex_ycom_user',12,'value','emptyname',1,1,'activation_key','translate:activation_key','','','','','','','','','','','','','','','','','','','','','','',''),
  (13,'rex_ycom_user',13,'value','emptyname',1,1,'session_key','translate:session_key','','','','','','','','','','','','','','','','','','','','','','',''),
  (14,'rex_ycom_user',14,'value','datestamp',1,1,'last_action_time','U','','','','','','0','','','','','','','','','','','','','','','','',''),
  (15,'rex_ycom_user',15,'value','text',1,1,'last_login_time','translate:last_login_time','','','','','','','','','','','no_db','','','','','','','','','','','',''),
  (16,'rex_ycom_user',16,'value','be_manager_relation',0,1,'ycom_groups','translate:ycom_groups','','','','','5','','','rex_ycom_group','','','','','name','1','','1','','','','','','',''),
  (17,'rex_ycom_group',1,'value','text',0,1,'name','translate:name','','','','','','','','','','','','','','','','','','','','','','',''),
  (18,'rex_ycom_group',2,'validate','empty',1,0,'name','','','','','','','','translate:ycom_group_yform_enter_name','','','','','','','','','','','','','','','',''),
  (19,'rex_ycom_user',17,'value','mediafile',1,1,'pic','Profilfoto','','','','','','','','','','','','','','','','','1100','.jpg,.png','','','','',''),
  (20,'rex_ycom_group',3,'value','prio',0,1,'prio','Sortierung','','','','','','','','','','','','','','','','','','','name','','','',''),
  (21,'rex_ycom_comment',1,'value','textarea',0,1,'comment','Kommentar','','','','','','','','','','','','','','','','','','','','','','',''),
  (22,'rex_ycom_comment',2,'validate','empty',1,0,'comment','','','','','','','','Bitte Kommentar eingeben','','','','','','','','','','','','','','','',''),
  (23,'rex_ycom_comment',4,'value','be_manager_relation',0,1,'user_id','Community User','','','','','','','','rex_ycom_user','','','','','email','0','','0','','','','','','',''),
  (24,'rex_ycom_comment',5,'value','checkbox',0,1,'status','Status','','','','0','','','','','','','','','','','','','','','','','','',''),
  (25,'rex_ycom_comment',3,'value','be_link',0,1,'article','Artikel','','','','','','','','','','','','','','','','','','','','','','',''),
  (26,'rex_ycom_comment',6,'value','datestamp',1,1,'stamp','mysql','','','','','','0','','','','','','','','','','','','','','','','',''),
  (27,'rex_ycom_user',18,'value','textarea',1,1,'slogan','Motto','','','','','','','','','','','','','','','','','','','','','','',''),
  (28,'rex_locations',1,'value','text',0,1,'name','Name','','','','','','','','','','','','','','','','','','','','','','',''),
  (29,'rex_locations',4,'value','text',0,1,'address','Straße Nr.','','','','','','','','','','','','','','','','','','','','','','',''),
  (30,'rex_locations',5,'value','text',0,1,'plz','PLZ','','','','','','','','','','','','','','','','','','','','','','',''),
  (31,'rex_locations',6,'value','text',1,1,'lat','Breitengrad','','','','','','','','','','','','','','','','','','','','','','',''),
  (32,'rex_locations',7,'value','text',1,1,'lng','Längengrad','','','','','','','','','','','','','','','','','','','','','','',''),
  (33,'rex_locations',8,'value','google_geocode',1,0,'marker','Position','','','','','','','','','','','','','','','','','','','','lat,lng','address,plz','600','400'),
  (34,'rex_locations',3,'value','text',1,1,'link','Link (mit http://)','','','','','','','','','','','','','','','','','','','','','','',''),
  (35,'rex_locations',2,'value','select',1,1,'color','Markerfarbe','','blau=marker_blue,grün=marker_green,orange=marker_orange,rot=marker_red','0','','','','','','','','','','','','','','','','','','','','');
/*!40000 ALTER TABLE `rex_yform_field` ENABLE KEYS */;
UNLOCK TABLES;

DROP TABLE IF EXISTS `rex_yform_table`;
CREATE TABLE `rex_yform_table` (
  `id` int(11) NOT NULL AUTO_INCREMENT,
  `status` tinyint(1) NOT NULL,
  `table_name` varchar(100) NOT NULL,
  `name` varchar(100) NOT NULL,
  `description` text NOT NULL,
  `list_amount` tinyint(3) unsigned NOT NULL DEFAULT '50',
  `list_sortfield` varchar(255) NOT NULL DEFAULT 'id',
  `list_sortorder` enum('ASC','DESC') NOT NULL DEFAULT 'ASC',
  `prio` int(11) NOT NULL,
  `search` tinyint(1) NOT NULL,
  `hidden` tinyint(1) NOT NULL,
  `export` tinyint(1) NOT NULL,
  `import` tinyint(1) NOT NULL,
  PRIMARY KEY (`id`),
  UNIQUE KEY `table_name` (`table_name`)
) ENGINE=InnoDB AUTO_INCREMENT=5 DEFAULT CHARSET=utf8;

LOCK TABLES `rex_yform_table` WRITE;
/*!40000 ALTER TABLE `rex_yform_table` DISABLE KEYS */;
INSERT INTO `rex_yform_table` VALUES 
  (1,1,'rex_ycom_user','translate:ycom_user','',100,'login','DESC',1,0,0,1,1),
  (2,1,'rex_ycom_group','translate:ycom_group_name','',200,'name','ASC',2,0,0,1,1),
  (3,1,'rex_ycom_comment','Community Kommentare','Ermöglicht Kommentare auf allen Artikeln, wenn man eingeloggt ist.',50,'id','DESC',3,1,0,0,0),
  (4,1,'rex_locations','Geo-Marker','',50,'id','ASC',4,1,0,0,0);
/*!40000 ALTER TABLE `rex_yform_table` ENABLE KEYS */;
UNLOCK TABLES;

