## Redaxo Database Dump Version 5
## Prefix rex_
## charset utf8

SET FOREIGN_KEY_CHECKS = 0;

DROP TABLE IF EXISTS `rex_action`;
CREATE TABLE `rex_action` (
  `id` int(10) unsigned NOT NULL AUTO_INCREMENT,
  `name` varchar(255) NOT NULL,
  `preview` text,
  `presave` text,
  `postsave` text,
  `previewmode` tinyint(4) DEFAULT NULL,
  `presavemode` tinyint(4) DEFAULT NULL,
  `postsavemode` tinyint(4) DEFAULT NULL,
  `createdate` datetime NOT NULL,
  `revision` int(10) unsigned NOT NULL,
  `createuser` varchar(255) NOT NULL,
  `updatedate` datetime NOT NULL,
  `updateuser` varchar(255) NOT NULL,
  PRIMARY KEY (`id`)
) ENGINE=InnoDB DEFAULT CHARSET=utf8;
DROP TABLE IF EXISTS `rex_article`;
CREATE TABLE `rex_article` (
  `pid` int(10) unsigned NOT NULL AUTO_INCREMENT,
  `id` int(10) unsigned NOT NULL,
  `parent_id` int(10) unsigned NOT NULL,
  `name` varchar(255) NOT NULL,
  `catname` varchar(255) NOT NULL,
  `catpriority` int(10) unsigned NOT NULL,
  `startarticle` tinyint(1) NOT NULL,
  `priority` int(10) unsigned NOT NULL,
  `path` varchar(255) NOT NULL,
  `status` tinyint(1) NOT NULL,
  `template_id` int(10) unsigned NOT NULL,
  `clang_id` int(10) unsigned NOT NULL,
  `createdate` datetime NOT NULL,
  `revision` int(10) unsigned NOT NULL,
  `createuser` varchar(255) NOT NULL,
  `updatedate` datetime NOT NULL,
  `updateuser` varchar(255) NOT NULL,
  `yrewrite_url` text NOT NULL,
  `yrewrite_canonical_url` text NOT NULL,
  `yrewrite_priority` varchar(5) NOT NULL,
  `yrewrite_changefreq` varchar(10) NOT NULL,
  `yrewrite_title` varchar(191) NOT NULL,
  `yrewrite_description` text NOT NULL,
  `yrewrite_index` tinyint(1) NOT NULL,
  `ycom_auth_type` int(11) NOT NULL,
  `ycom_group_type` int(11) NOT NULL,
  `ycom_groups` text NOT NULL,
  `art_subtitle` text,
  `art_title` text,
  `art_file` varchar(255) DEFAULT '',
  `art_legend_icon` text,
  `art_nav_icon` text,
  PRIMARY KEY (`pid`),
  UNIQUE KEY `find_articles` (`id`,`clang_id`),
  KEY `id` (`id`),
  KEY `clang_id` (`clang_id`),
  KEY `parent_id` (`parent_id`)
) ENGINE=InnoDB AUTO_INCREMENT=22 DEFAULT CHARSET=utf8;

LOCK TABLES `rex_article` WRITE;
/*!40000 ALTER TABLE `rex_article` DISABLE KEYS */;
INSERT INTO `rex_article` VALUES 
  (1,1,0,'REDAXO','Home',1,1,1,'|',1,1,1,'2020-02-21 22:30:25',0,'admin','2020-02-22 17:17:29','admin','','','','','','',0,0,0,'','Community-Demo','REDAXO Community-Demo','steg.jpg','',''),
  (2,2,0,'Die Demo','Die Demo',2,1,1,'|',1,1,1,'2020-02-21 22:30:26',0,'admin','2020-02-22 16:44:01','admin','','','','','','',0,0,0,'','','','welle.jpg','',''),
  (3,3,0,'Loginbereich','Loginbereich',3,1,1,'|',1,2,1,'2020-02-21 22:30:27',0,'admin','2020-02-22 16:57:22','admin','','','','','','',0,1,0,'',NULL,NULL,'',NULL,NULL),
  (4,4,0,'Mein Profil','Mein Profil',4,1,1,'|',1,1,1,'2020-02-21 22:30:28',0,'admin','2020-02-21 17:31:54','admin','','','','','','',0,1,0,'',NULL,NULL,'',NULL,NULL),
  (5,5,0,'Login','Login',5,1,1,'|',1,3,1,'2020-02-21 22:30:29',0,'admin','2020-02-22 17:49:06','admin','','','','','','',0,2,0,'','','','hipster.jpg','',''),
  (6,6,0,'Footer - Hilfsartikel','Footer - Hilfsartikel',6,1,1,'|',0,1,1,'2020-02-22 00:18:43',0,'admin','2020-02-22 11:54:02','admin','','','','','','',0,0,0,'',NULL,NULL,'',NULL,NULL),
  (7,7,2,'YForm','YForm',1,1,1,'|2|',1,1,1,'2020-02-21 22:30:34',0,'admin','2020-02-22 16:44:34','admin','','','','','','',0,0,0,'','Die Basis','','himmel.jpg','',''),
  (8,8,2,'YCom','YCom',2,1,1,'|2|',1,1,1,'2020-02-21 22:30:35',0,'admin','2020-02-22 11:51:39','admin','','','','','','',0,0,0,'','Eine Erweiterung von Yform','','code.jpg','',''),
  (9,9,3,'Alle Gruppen','Alle Gruppen',1,1,1,'|3|',1,2,1,'2020-02-21 22:30:19',0,'admin','2020-02-22 16:16:45','admin','','','','','','',0,1,0,'',NULL,NULL,'',NULL,NULL),
  (10,10,3,'Gruppe A','Gruppe A',2,1,1,'|3|',1,2,1,'2020-02-21 22:30:21',0,'admin','2020-02-22 16:18:38','admin','','','','','','',0,1,2,'1',NULL,NULL,'',NULL,NULL),
  (11,11,3,'Gruppe B','Gruppe B',3,1,1,'|3|',1,2,1,'2020-02-21 22:30:22',0,'admin','2020-02-22 16:20:28','admin','','','','','','',0,1,2,'2',NULL,NULL,'',NULL,NULL),
  (12,12,4,'Profil','Profil',1,1,1,'|4|',1,2,1,'2020-02-21 22:31:53',0,'admin','2020-02-22 16:46:24','admin','','','','','','',0,0,0,'','','','','','ti-user'),
  (13,13,4,'Passwort ändern','Passwort ändern',2,1,1,'|4|',1,2,1,'2020-02-21 22:31:54',0,'admin','2020-02-22 16:47:06','admin','','','','','','',0,0,0,'','','','','','ti-lock'),
  (14,14,4,'Logout','Logout',3,1,1,'|4|',1,1,1,'2020-02-21 22:31:54',0,'admin','2020-02-22 16:47:50','admin','','','','','','',0,0,0,'','','','','','ti-close'),
  (15,15,5,'Registrieren','Login',0,0,2,'|5|',1,4,1,'2020-02-21 22:32:17',0,'admin','2020-02-22 19:03:03','admin','','','','','','',0,2,0,'','','','haende.jpg','',''),
  (16,16,5,'Registrierung bestätigen','Login',0,0,3,'|5|',1,4,1,'2020-02-21 22:33:22',0,'admin','2020-02-22 18:29:55','admin','','','','','','',0,0,0,'','','','kuss.jpg','',''),
  (17,17,5,'Passwort zurücksetzen','Login',0,0,4,'|5|',1,4,1,'2020-02-21 22:33:41',0,'admin','2020-02-22 18:51:36','admin','','','','','','',0,0,0,'','','','smartphone.jpg','',''),
  (18,18,5,'Passwort zurücksetzen bestätigen','Login',0,0,5,'|5|',1,3,1,'2020-02-21 22:34:59',0,'admin','2020-02-22 17:35:37','admin','','','','','','',0,0,0,'','','','smartphone.jpg','',''),
  (19,19,5,'Ausgeloggt','Login',0,0,6,'|5|',1,2,1,'2020-02-21 22:35:29',0,'admin','2020-02-22 13:55:49','admin','','','','','','',0,0,0,'',NULL,NULL,'',NULL,NULL),
  (20,20,0,'Kontakt','',0,0,1,'|',1,1,1,'2020-02-22 11:52:59',0,'admin','2020-02-22 11:55:47','admin','','','','','','',0,0,0,'','','','mailbox.jpg','',''),
  (21,21,0,'Fehlerseite','',0,0,2,'|',1,1,1,'2020-02-22 11:53:05',0,'admin','2020-02-22 11:53:26','admin','','','','','','',0,0,0,'',NULL,NULL,'',NULL,NULL);
/*!40000 ALTER TABLE `rex_article` ENABLE KEYS */;
UNLOCK TABLES;

DROP TABLE IF EXISTS `rex_article_slice`;
CREATE TABLE `rex_article_slice` (
  `id` int(10) unsigned NOT NULL AUTO_INCREMENT,
  `article_id` int(10) unsigned NOT NULL,
  `clang_id` int(10) unsigned NOT NULL,
  `ctype_id` int(10) unsigned NOT NULL,
  `module_id` int(10) unsigned NOT NULL,
  `revision` int(11) NOT NULL,
  `priority` int(10) unsigned NOT NULL,
  `status` tinyint(1) NOT NULL DEFAULT '1',
  `value1` mediumtext,
  `value2` mediumtext,
  `value3` mediumtext,
  `value4` mediumtext,
  `value5` mediumtext,
  `value6` mediumtext,
  `value7` mediumtext,
  `value8` mediumtext,
  `value9` mediumtext,
  `value10` mediumtext,
  `value11` mediumtext,
  `value12` mediumtext,
  `value13` mediumtext,
  `value14` mediumtext,
  `value15` mediumtext,
  `value16` mediumtext,
  `value17` mediumtext,
  `value18` mediumtext,
  `value19` mediumtext,
  `value20` mediumtext,
  `media1` varchar(255) DEFAULT NULL,
  `media2` varchar(255) DEFAULT NULL,
  `media3` varchar(255) DEFAULT NULL,
  `media4` varchar(255) DEFAULT NULL,
  `media5` varchar(255) DEFAULT NULL,
  `media6` varchar(255) DEFAULT NULL,
  `media7` varchar(255) DEFAULT NULL,
  `media8` varchar(255) DEFAULT NULL,
  `media9` varchar(255) DEFAULT NULL,
  `media10` varchar(255) DEFAULT NULL,
  `medialist1` text,
  `medialist2` text,
  `medialist3` text,
  `medialist4` text,
  `medialist5` text,
  `medialist6` text,
  `medialist7` text,
  `medialist8` text,
  `medialist9` text,
  `medialist10` text,
  `link1` varchar(10) DEFAULT NULL,
  `link2` varchar(10) DEFAULT NULL,
  `link3` varchar(10) DEFAULT NULL,
  `link4` varchar(10) DEFAULT NULL,
  `link5` varchar(10) DEFAULT NULL,
  `link6` varchar(10) DEFAULT NULL,
  `link7` varchar(10) DEFAULT NULL,
  `link8` varchar(10) DEFAULT NULL,
  `link9` varchar(10) DEFAULT NULL,
  `link10` varchar(10) DEFAULT NULL,
  `linklist1` text,
  `linklist2` text,
  `linklist3` text,
  `linklist4` text,
  `linklist5` text,
  `linklist6` text,
  `linklist7` text,
  `linklist8` text,
  `linklist9` text,
  `linklist10` text,
  `createdate` datetime NOT NULL,
  `createuser` varchar(255) NOT NULL,
  `updatedate` datetime NOT NULL,
  `updateuser` varchar(255) NOT NULL,
  PRIMARY KEY (`id`),
  KEY `slice_priority` (`article_id`,`priority`,`module_id`),
  KEY `clang_id` (`clang_id`),
  KEY `article_id` (`article_id`),
  KEY `find_slices` (`clang_id`,`article_id`)
) ENGINE=InnoDB AUTO_INCREMENT=74 DEFAULT CHARSET=utf8;

LOCK TABLES `rex_article_slice` WRITE;
/*!40000 ALTER TABLE `rex_article_slice` DISABLE KEYS */;
INSERT INTO `rex_article_slice` VALUES 
  (1,5,1,1,1,0,1,1,'','','objparams|form_class|hide-label\r\n\r\nvalidate|ycom_auth|email|passwort||Bitte korrektes Passwort eintragen.|Der Login war nicht erfolgreich.\r\n\r\ntext|email|E-Mail:*|#placeholder:E-Mail*\r\npassword|passwort|Passwort|#placeholder:Passwort*\r\nycom_auth_returnto|returnTo|\r\n\r\nsubmit|label|Abschicken|no_db|btn btn-danger btn-block\r\n','','','','1','',NULL,NULL,NULL,'',NULL,NULL,NULL,NULL,NULL,NULL,NULL,NULL,NULL,NULL,NULL,NULL,NULL,NULL,NULL,NULL,NULL,NULL,NULL,NULL,NULL,NULL,NULL,NULL,NULL,NULL,NULL,NULL,NULL,NULL,NULL,NULL,NULL,NULL,NULL,NULL,NULL,NULL,NULL,NULL,NULL,NULL,NULL,NULL,NULL,NULL,NULL,NULL,'2020-02-21 22:37:46','admin','2020-02-22 17:41:05','admin'),
  (2,1,1,1,2,0,1,1,'Community-Demo-Website','In dieser Demo kannst Du sehen, wie man mit dem Community-AddOn Loginbereiche erstellen kann, wo sich User registrieren und in geschützte Bereiche einloggen können.','h1','','','','indent',NULL,NULL,NULL,NULL,NULL,NULL,NULL,NULL,NULL,NULL,NULL,NULL,NULL,NULL,NULL,NULL,NULL,NULL,NULL,NULL,NULL,NULL,NULL,NULL,NULL,NULL,NULL,NULL,NULL,NULL,NULL,NULL,NULL,NULL,NULL,NULL,NULL,NULL,NULL,NULL,NULL,NULL,NULL,NULL,NULL,NULL,NULL,NULL,NULL,NULL,NULL,NULL,NULL,'2020-02-21 22:43:58','admin','2020-02-21 22:43:58','admin'),
  (3,1,1,1,4,0,2,1,'Neue User erfassen','So geht\'s los','Es beginnt mit der Registrierung. Der User muss seine Registrierung natürlich bestätigen. Teste die Registrierung am besten selbst.\r\n\r\nÜbrigens: Wenn Du in REDAXO eingeloggt bist, bekommst Du auf den ganzen Community-Seiten zusätzliche \"Admin-Hinweise\". So kannst Du die reduzierte User-Ansicht sehen, aber bei Bedarf auch weitere Erläuterungen.','shadow','blue','Profilverwaltung','Userdaten ändern','Die Demo zeigt Beispiele, wie man sein eigenes Profil verwalten kann. Dazu wurden die Tabellen um weitere Feldern erweitert – wie z.B. ein Profilbild in der User-Tabelle oder ein Sortierungsfeld in der Gruppen-Tabelle.\r\n\r\nDas YCom-AddOn hilft dabei, die eigenen Userdaten zu laden – sei es zum Anzeigen auf den Seiten oder zum Editieren in Formularen.','shadow','green','Verschlüsselte Passwörter','Passwort vergessen?','Im Vergleich zur früheren Community-Version muss man Passwörter nicht mehr durch eine entsprechende Validierungskation verschlüsseln. Sie werden automatisch verschlüsselt.\r\n\r\nHat der User sein Passwort vergessen, kann und soll man es ihm natürlich nicht zusenden. Die Demo-Website zeigt, wie man ein vergessenes Passwort zurücksetzen kann.','shadow','yellow',NULL,'',NULL,'3',NULL,NULL,NULL,NULL,NULL,NULL,NULL,NULL,NULL,NULL,NULL,NULL,NULL,NULL,NULL,NULL,NULL,NULL,NULL,NULL,NULL,'15','12','17',NULL,NULL,NULL,NULL,NULL,NULL,NULL,NULL,NULL,NULL,NULL,NULL,NULL,NULL,NULL,NULL,NULL,'2020-02-21 22:46:42','admin','2020-02-22 17:17:29','admin'),
  (4,1,1,1,5,0,3,1,NULL,NULL,NULL,NULL,NULL,NULL,NULL,NULL,NULL,NULL,NULL,NULL,NULL,NULL,NULL,NULL,NULL,NULL,NULL,NULL,NULL,NULL,NULL,NULL,NULL,NULL,NULL,NULL,NULL,NULL,NULL,NULL,NULL,NULL,NULL,NULL,NULL,NULL,NULL,NULL,NULL,NULL,NULL,NULL,NULL,NULL,NULL,NULL,NULL,NULL,NULL,NULL,NULL,NULL,NULL,NULL,NULL,NULL,NULL,NULL,'2020-02-21 22:46:47','admin','2020-02-21 22:46:47','admin'),
  (5,15,1,2,1,0,1,1,'','','objparams|form_class|hide-label form-register\r\n\r\ngenerate_key|activation_key\r\nhidden|status|0\r\n\r\nhtml||<div class=\"alert alert-info\"><h4>Bitte registrieren</h4>Felder mit * sind Pflicht.</div>\r\n\r\ntext|email|E-Mail:*|#placeholder:E-Mail*\r\ntext|firstname|#placeholder:Vorname*|Vorname*\r\nvalidate|empty|firstname|Bitte gib Deinen Vornamen ein\r\n\r\ntext|name|#placeholder:Nachname*|Nachname*\r\nvalidate|empty|name|Bitte gib Deinen Nachnamen ein.\r\n\r\nhtml|required|<p class=\"form-required\">Gruppe wählen:</p>\r\ncheckbox_sql|ycom_groups|Gruppe|select id, name from rex_ycom_group order by prio|\r\n\r\nhtml||<hr>\r\n\r\nycom_auth_password|password|Passwort:*|#placeholder:Passwort*|{\"length\":{\"min\":6},\"letter\":{\"min\":1},\"lowercase\":{\"min\":0},\"uppercase\":{\"min\":0},\"digit\":{\"min\":1},\"symbol\":{\"min\":0}}|Das Passwort muss mindestens 6 Zeichen lang sein und mindestens eine Ziffer enthalten.\r\npassword|password_2|Passwort bestätigen:*||no_db|#placeholder:Passwort bestätigen*\r\n\r\ncaptcha|Bitte Sicherheitscode eingeben.|Du hast den Sicherheitscode falsch eingegeben.\r\n\r\nvalidate|email|email|Bitte gib die E-Mail ein.\r\nvalidate|unique|email|Diese E-Mail existiert schon.|rex_ycom_user\r\nvalidate|empty|email|Bitte gib Deine E-Mail ein.\r\nvalidate|empty|password|Bitte gib ein Passwort ein.\r\n\r\nvalidate|compare|password|password_2||Bitte gib zweimal das gleiche Passwort ein.\r\n\r\nsubmit|label|Abschicken|no_db|btn btn-danger btn-block\r\n\r\n# email als Login verwenden\r\naction|copy_value|email|login\r\naction|db|rex_ycom_user\r\naction|tpl2email|access_request_de|email|\r\n','','','<div class=\"alert alert-success alert-dismissible\" role=\"alert\">\r\n	<h2>Vielen Dank!</h2><p>Du erhältst nun eine E-Mail mit einem Link. Bitte klicke auf den Link zur Bestätigung.</p>\r\n</div>\r\n','0','',NULL,NULL,'1','',NULL,NULL,NULL,NULL,NULL,NULL,NULL,NULL,NULL,NULL,NULL,NULL,NULL,NULL,NULL,NULL,NULL,NULL,NULL,NULL,NULL,NULL,NULL,NULL,NULL,NULL,NULL,NULL,NULL,NULL,NULL,NULL,NULL,NULL,NULL,NULL,NULL,NULL,NULL,NULL,NULL,NULL,NULL,NULL,NULL,NULL,NULL,NULL,'2020-02-21 23:19:07','admin','2020-02-22 19:03:03','admin'),
  (6,15,1,1,3,0,1,1,'Wie läuft die Registrierung ab?','h3','Die beiden wichtigsten Felder sind E-Mail / Username und Passwort. Die Gruppen steuern, welche User welche Seiten sehen dürfen. (Bei einem richtigen Login wird dies eher der Admin tun.) Eine besondere Bedeutung kommt auch dem Status-Feld zu:\r\n1. ***angefragt***  \r\nNach dem Abschicken des nebenstehenden Formulars wird die Anmeldung in die Usertabelle geschrieben mit dem Status ***0*** (Zugang wurde angefragt). Außerdem bekommt der User eine Mail geschickt mit einem Link, den er anklicken soll.\r\n2. ***bestätigt und aktiv***\r\nNach dem Klick auf diesen Link wird der Status auf ***1*** (bestätigt und aktiv) gesetzt.\r\n3. ***inaktiv***\r\nFalls man einem User den Zugang sperren will, ohne den Zugang gleich zu löschen, so kann man den Status auf ***-1*** (inaktiv) setzen.\r\n3. ***weitere Status-Zustände***\r\nNatürlich könnte man auch andere Wege einer Registrierung aufbauen, indem der User zunächst nur einen Status \"bestätigt\", dann eine E-Mail an den Admin geschickt wird mit einem Link, über den der Admin den User direkt freischalten kann, ohne sich in Redaxo einzuloggen.',NULL,NULL,NULL,NULL,NULL,NULL,'','',NULL,NULL,NULL,NULL,'','','','',NULL,NULL,NULL,NULL,NULL,NULL,NULL,NULL,NULL,NULL,NULL,NULL,NULL,NULL,NULL,NULL,NULL,NULL,NULL,NULL,NULL,'',NULL,NULL,NULL,NULL,NULL,NULL,NULL,NULL,NULL,NULL,NULL,NULL,NULL,NULL,NULL,NULL,NULL,NULL,NULL,'2020-02-21 23:21:28','admin','2020-02-22 17:59:25','admin'),
  (7,15,1,1,4,0,2,1,'','Bevor Du testest:','Prüfe, dass Du auch die über den PHP Mailer verschickten Mails senden und erhalten kannst. Um die Gefahr einer Spam-Klassifizierung zu minimieren, empfiehlt es sich, die Mails via SMTP zu versenden.','','orange','','','','','','','','','','',NULL,'',NULL,'1',NULL,NULL,NULL,NULL,NULL,NULL,NULL,NULL,NULL,NULL,NULL,NULL,NULL,NULL,NULL,NULL,NULL,NULL,NULL,NULL,NULL,'','','',NULL,NULL,NULL,NULL,NULL,NULL,NULL,NULL,NULL,NULL,NULL,NULL,NULL,NULL,NULL,NULL,NULL,'2020-02-21 23:22:11','admin','2020-02-22 18:01:49','admin'),
  (8,2,1,1,2,0,1,1,'Allgemeine Infos','zur Demo und zum Aufbau der Website','h1','bottom','','c','',NULL,NULL,NULL,NULL,NULL,NULL,NULL,NULL,NULL,NULL,NULL,NULL,NULL,NULL,NULL,NULL,NULL,NULL,NULL,NULL,NULL,NULL,NULL,NULL,NULL,NULL,NULL,NULL,NULL,NULL,NULL,NULL,NULL,NULL,NULL,NULL,NULL,NULL,NULL,NULL,NULL,NULL,NULL,NULL,NULL,NULL,NULL,NULL,NULL,NULL,NULL,NULL,NULL,'2020-02-22 00:28:19','admin','2020-02-22 00:28:19','admin'),
  (9,2,1,1,3,0,2,1,'','h2','Für die grundlegende Arbeit mit Templates, Modulen und Navigationen schaue Dir bitte zuerst die Basis-Demo für REDAXO an, denn diese Demo dreht sich fast ausschließlich nur um das Community- sowie YForm-AddOn und beschreibt keine Basis-Funktionen.',NULL,NULL,NULL,NULL,NULL,NULL,'http://www.redaxo.org/de/download/addons/?addon_id=1290','Zum Download der Standard-Demo',NULL,NULL,NULL,NULL,'center','vd','','mtb',NULL,NULL,NULL,NULL,NULL,NULL,NULL,NULL,NULL,NULL,NULL,NULL,NULL,NULL,NULL,NULL,NULL,NULL,NULL,NULL,NULL,'',NULL,NULL,NULL,NULL,NULL,NULL,NULL,NULL,NULL,NULL,NULL,NULL,NULL,NULL,NULL,NULL,NULL,NULL,NULL,'2020-02-22 00:29:11','admin','2020-02-22 00:29:11','admin'),
  (10,2,1,1,9,0,3,1,'Was zeigt diese Demo?','Komponenten der Community-Demo',NULL,NULL,NULL,NULL,NULL,NULL,NULL,NULL,NULL,NULL,NULL,NULL,NULL,NULL,NULL,NULL,NULL,NULL,'smartphone.jpg',NULL,NULL,NULL,NULL,NULL,NULL,NULL,NULL,NULL,NULL,NULL,NULL,NULL,NULL,NULL,NULL,NULL,NULL,NULL,NULL,NULL,NULL,NULL,NULL,NULL,NULL,NULL,NULL,NULL,NULL,NULL,NULL,NULL,NULL,NULL,NULL,NULL,NULL,NULL,'2020-02-22 00:29:45','admin','2020-02-22 00:29:45','admin'),
  (11,2,1,1,3,0,4,1,'','h2','Folgende Funktionen sind in der Demo enthalten:\r\n\r\n## Registrierung\r\n\r\n- User können sich registrieren  (Double-Opt-In)\r\n- User können Gruppen zugewiesen werden. Diese Gruppen dienen zur Steuerung der Zugriffsrechte bei Kategorien. Auch bei künftigen Community-Erweiterungen wie z.B. einem Newsletter kommen diese Gruppen zum Einsatz\r\n- Passwort vergessen-Funktion\r\n\r\n## Loginbereich\r\n\r\n- Authentifizierung mit Loginname oder E-Mail und verschlüsseltem Passwort\r\n- Rechte für Seiten und Kategorien können (auch rekursiv vererbend) definiert werden\r\n- Jeder User kann seine Profildaten verändern\r\n- einfache Beispiele für die Anzeige der neuesten User',NULL,NULL,NULL,NULL,NULL,NULL,'','',NULL,NULL,NULL,NULL,'','vd','','mt',NULL,NULL,NULL,NULL,NULL,NULL,NULL,NULL,NULL,NULL,NULL,NULL,NULL,NULL,NULL,NULL,NULL,NULL,NULL,NULL,NULL,'',NULL,NULL,NULL,NULL,NULL,NULL,NULL,NULL,NULL,NULL,NULL,NULL,NULL,NULL,NULL,NULL,NULL,NULL,NULL,'2020-02-22 00:30:23','admin','2020-02-22 16:33:44','admin'),
  (13,2,1,1,9,0,5,1,'Ein paar Hinweise','zum Erkunden der Demo',NULL,NULL,NULL,NULL,NULL,NULL,NULL,NULL,NULL,NULL,NULL,NULL,NULL,NULL,NULL,NULL,NULL,NULL,'boot.jpg',NULL,NULL,NULL,NULL,NULL,NULL,NULL,NULL,NULL,NULL,NULL,NULL,NULL,NULL,NULL,NULL,NULL,NULL,NULL,NULL,NULL,NULL,NULL,NULL,NULL,NULL,NULL,NULL,NULL,NULL,NULL,NULL,NULL,NULL,NULL,NULL,NULL,NULL,NULL,'2020-02-22 00:31:47','admin','2020-02-22 00:31:47','admin'),
  (14,2,1,1,6,0,6,1,'Struktur','Templates','Metadaten','Module','Community',NULL,NULL,NULL,NULL,NULL,'## Struktur\r\n\r\nEs gibt natürlich viele verschiedene Möglichkeiten, Login-Bereiche zu strukturieren. In dieser Demo existieren drei wichtige Kategorien:\r\n\r\n1. Die Kategorie **Loginbereich** (ID 3) enthält die geschützten Seiten, für die der Loginbereich überhaupt angelegt wurde. Die Rechte-Verwaltung für diese Seiten – also welcher User welche Seiten aufrufen darf – kann man über Usergruppen steuern, die das Comunity-AddOn automatisch anlegt. Der Redakteur kann für jeden Artikel definieren, welche Usergruppe diesen Artikel aufrufen darf.  \r\n***Hinweis*** Damit die Navigation die Gruppenrechte berücksichtigt, muss die Navigation erweitert werden. Dazu kann entweder die rex_navigation mit ```addCallback(\'rex_ycom_auth::articleIsPermitted\')``` erweitert werden. Bei eigenen Navigationen kann man mit ```rex_ycom_auth::getUser()```prüfen, ob die Rechte für die jeweiligen Artikel bestehen. Beispiel für beide Varianten finden sich in dieser Demo und in der Dokumentation des YCom-AddOns.\r\n\r\n2. In der Kategorie **Mein Profil** (ID 4) findet jeder User seine individuelle Verwaltung: Er kann dort seine Profildaten ändern, ein Profilfoto hochladen sowie sein Passwort ändern.\r\n\r\n3. Die Kategorie **Login** (ID 5) schließlich dient dazu, den User erstmal anzulegen: Dort kann er sich zu Beginn registrieren oder sein Passwort zurücksetzen.\r\n\r\n\r\nMeist ergibt sich die Struktur des Login-Bereichs aus der gewünschten Navigation und der zugrunde liegenden Logik, wann der User welche Navigationspunkte sehen darf und wie er im Login geleitet werden soll.\r\nWie gesagt: Die Struktur dieser Demo ist nur ein möglicher Weg von vielen.','## Templates\r\n\r\nVier verschiedene Templates kommen zum Einsatz:\r\n- **einspaltig**  \r\nDas Standard-Template. Die Inhalte gehen über die volle Contentbreite\r\n- **zweispaltig**  \r\nDieses Template kommt im Loginbereich zum Einsatz. In der Seitenspalte gibt es eine Subnavigation, die die zweite Ebene anzeigt.\r\n- **einspaltig mit Fullscreen-Hintergrundbild**  \r\nDie Login-Seite wurde mit diesem Template realisiert, Es eignet sich nur bei wenig Inhalten.\r\n- **zweispaltig mit Fullscreen-Hintergrundbild**  \r\nDas Template kommt bei einigen der Registrierungsseiten zum Einsatz. Die zweite Spalte bietet Platz für Erklärungen.','## Metadaten\r\n\r\nWie in der Basis-Demo dienen die Artikel-Metadaten dazu, seitenspezifische Einstellungen zu speichern, wie etwa das Headerfoto. Über ein weiteres Metafeld kann man ein Icon in die Navigation integrieren.','## Module\r\n\r\nWie in der Standard-Demo gibt es auch in dieser Demo wieder zwei Handvoll Standard-Module: Text, Bild, Galerie, Teaser-Kästen, Tabs, etc.\r\n\r\nIm Gegensatz zur Standard-Demo sind die Module aber etwas einfacher gehalten, denn sie sollen nicht demonstrieren, wie man Module aufbauen könnte, sondern lediglich die Erläuterungen zur Community optisch ansprechend darstellen. So ist z.B. auch das Tabs-Modul, dessen Inhalte Du gerade liest, sehr viel einfacher und weniger flexibel angelegt als das der Standard-Demo.\r\n\r\n### Markdown\r\n\r\nWährend in der Standard-Demo als Editor Redactor und Markitup mit Textile verwendet wird, kommt hier nun bewusst die dritte Variante - Markitup mit Markdown - zum Einsatz, um alle drei Möglichkeiten zu zeigen.\r\n\r\nDie Syntax zu Markdown kannst Du hier nachlesen:\r\n[https://daringfireball.net/projects/markdown/syntax](https://daringfireball.net/projects/markdown/syntax)  \r\n[http://markdown.de/](http://markdown.de/)\r\n\r\nSelbstverständlich könntest Du in dieser Demo auch auch Textile oder den Redactor verwenden.\r\n\r\n---\r\n\r\nEs gibt jedoch auch ein paar Community-spezifische Module:\r\n- Zentraler Baustein ist natürlich der **YForm Formbuilder**, der für die Erstellung fast aller Community-Komponenten benötigt wird.\r\n- Außerdem gibt es einfache Beispiele zum Anzeigen der neuesten erfolgreich registrierten User.','## Community\r\n\r\nDie Community-Funktionen sind der zentrale Bestandteil dieser Demo. Dank des YForm-Moduls und seinen zahlreichen Values, Validates und Actions kann man auch Communities, die einer anderen Logik als dieser Demo folgen, relativ schnell und flexibel aufbauen.\r\n\r\nErgänzende Hinweise findest Du auf der [YForm](redaxo://7)- und [YCom-Seite](redaxo://8) sowie auf den ganzen Registrierungs- und Login-Seiten ... sofern Du eingeloggt bist. Denn einige der Hinweise erscheinen nur, wenn man in REDAXO eingeloggt ist. Zum einen, um zu zeigen, wie man ein Modul abhängig vom REDAXO-Login-Status anzeigen kann. Zum anderen, damit man die Login-Seiten in nicht zu überladener Optik testen kann.\r\n\r\n***Hinweis***  \r\nIn REDAXO findest Du auf der Einstellungs-Seite des YCom-AddOns hilfreiche Anleitungen und Beispiele.',NULL,NULL,'h','5',NULL,NULL,NULL,NULL,NULL,NULL,NULL,NULL,NULL,NULL,NULL,NULL,NULL,NULL,NULL,NULL,NULL,NULL,NULL,NULL,NULL,NULL,NULL,NULL,NULL,NULL,NULL,NULL,NULL,NULL,NULL,NULL,NULL,NULL,NULL,NULL,NULL,NULL,NULL,NULL,NULL,'2020-02-22 00:34:22','admin','2020-02-22 16:40:46','admin'),
  (15,7,1,1,2,0,1,1,'YForm','Formular-Framework und Tabellenverwaltung','h1','','','c','indent',NULL,NULL,NULL,NULL,NULL,NULL,NULL,NULL,NULL,NULL,NULL,NULL,NULL,NULL,NULL,NULL,NULL,NULL,NULL,NULL,NULL,NULL,NULL,NULL,NULL,NULL,NULL,NULL,NULL,NULL,NULL,NULL,NULL,NULL,NULL,NULL,NULL,NULL,NULL,NULL,NULL,NULL,NULL,NULL,NULL,NULL,NULL,NULL,NULL,NULL,NULL,NULL,NULL,'2020-02-22 09:20:40','admin','2020-02-22 09:47:15','admin'),
  (16,7,1,1,3,0,2,1,'','h2','Das Community-AddOn **YCom** setzt das Formular-AddOn **YForm** voraus, denn es baut auf dessen  Funktionen auf und erweitert diese. Man sollte also zunächst das Prinzip von **YForm** verstanden haben, um mit **YCom** sinnvoll zu arbeiten.\r\n\r\n---',NULL,NULL,NULL,NULL,NULL,NULL,'','',NULL,NULL,NULL,NULL,'','','','',NULL,NULL,NULL,NULL,NULL,NULL,NULL,NULL,NULL,NULL,NULL,NULL,NULL,NULL,NULL,NULL,NULL,NULL,NULL,NULL,NULL,'',NULL,NULL,NULL,NULL,NULL,NULL,NULL,NULL,NULL,NULL,NULL,NULL,NULL,NULL,NULL,NULL,NULL,NULL,NULL,'2020-02-22 09:21:06','admin','2020-02-22 09:21:06','admin'),
  (17,7,1,1,2,0,3,1,'Einsatzmöglichkeiten von YForm','','h2','','','','',NULL,NULL,NULL,NULL,NULL,NULL,NULL,NULL,NULL,NULL,NULL,NULL,NULL,NULL,NULL,NULL,NULL,NULL,NULL,NULL,NULL,NULL,NULL,NULL,NULL,NULL,NULL,NULL,NULL,NULL,NULL,NULL,NULL,NULL,NULL,NULL,NULL,NULL,NULL,NULL,NULL,NULL,NULL,NULL,NULL,NULL,NULL,NULL,NULL,NULL,NULL,NULL,NULL,'2020-02-22 09:21:32','admin','2020-02-22 09:21:32','admin'),
  (18,7,1,1,4,0,4,1,'','','YForm dient vor allem zur Generierung von Formularen. Formulare sind komplex und ziehen oft umfangreiche Nacharbeit mit sich. YForm versucht, durch flexible Verzahnung der Komponenten möglichst viele dieser Aufgaben zu übernehmen.\r\n\r\nYForm bringt nicht nur alle gängigen Feldtypen mit, sondern stellt auch vielfältige Validierungen bereit, Funktionen zum Versand von E-Mails sowie Aktionen, die zum Beispiel Daten in eine Datenbank schreiben oder Weiterleitungen ausführen.','','blue','','','YForm kann aber nicht nur Formulare für das Frontend generieren sowie Formulareingaben per E-Mail versenden oder in eine Datenbank speichern.\r\n\r\nDer Admin kann mit Hilfe des Table Managers auch Datenbank-Tabellen \"zusammenklicken\" und diese - ergänzt z.B. durch Validierungen - im Backend samt Eingabemaske zur Verfügung stellen. Diese automatisch erzeugten Daten-Verwaltungen können dann wiederum den Code für ein dazu passendes Frontend-Formular generieren.','','green','','','','','',NULL,'',NULL,'2',NULL,NULL,NULL,NULL,NULL,NULL,NULL,NULL,NULL,NULL,NULL,NULL,NULL,NULL,NULL,NULL,NULL,NULL,NULL,NULL,NULL,'','','',NULL,NULL,NULL,NULL,NULL,NULL,NULL,NULL,NULL,NULL,NULL,NULL,NULL,NULL,NULL,NULL,NULL,'2020-02-22 09:23:04','admin','2020-02-22 09:49:48','admin'),
  (19,7,1,1,9,0,5,1,'Die Struktur von YForm','Ordnerstruktur und Komponenten',NULL,NULL,NULL,NULL,NULL,NULL,NULL,NULL,NULL,NULL,NULL,NULL,NULL,NULL,NULL,NULL,NULL,NULL,'gipfel.jpg',NULL,NULL,NULL,NULL,NULL,NULL,NULL,NULL,NULL,NULL,NULL,NULL,NULL,NULL,NULL,NULL,NULL,NULL,NULL,NULL,NULL,NULL,NULL,NULL,NULL,NULL,NULL,NULL,NULL,NULL,NULL,NULL,NULL,NULL,NULL,NULL,NULL,NULL,NULL,'2020-02-22 09:23:47','admin','2020-02-22 09:23:47','admin'),
  (20,7,1,1,3,0,6,1,'','h2','Sehen wir uns zunächst die Verzeichnisstruktur des AddOns an. Die wichtigsten Ordner sind:\r\n\r\n```\r\nlib\r\n   yform\r\n      action\r\n      validate\r\n      value\r\n...\r\nytemplates\r\n   bootstrap\r\n   classic\r\n```',NULL,NULL,NULL,NULL,NULL,NULL,'','',NULL,NULL,NULL,NULL,'','','','mt',NULL,NULL,NULL,NULL,NULL,NULL,NULL,NULL,NULL,NULL,NULL,NULL,NULL,NULL,NULL,NULL,NULL,NULL,NULL,NULL,NULL,'',NULL,NULL,NULL,NULL,NULL,NULL,NULL,NULL,NULL,NULL,NULL,NULL,NULL,NULL,NULL,NULL,NULL,NULL,NULL,'2020-02-22 09:24:11','admin','2020-02-22 09:24:11','admin'),
  (21,7,1,1,4,0,7,1,'Felder definieren','Values','Im Verzeichnis values sind die PHP-Klassen für die einzelnen Feldtypen abgelegt, z.B. Textarea, Selectfeld, etc. Wenn Du ein ganz individuelles Feld benötigst, kannst Du eine Datei mit der ähnlichsten Felddefinition kopieren und diese Klasse nach Umbenennung für ein eigenes Feld nutzen.','shadow','brown','Felder überprüfen','Validates','Das Verzeichnis validate enthält – wie der Name schon sagt – Klassen zur Überprüfung von Feldeingaben. Zum Beispiel: Ein Feld darf nicht leer sein, die Mailadresse ist nicht valide, die PLZ muss fünf Ziffern haben, ein eingebener Name ist schon der Datenbank vorhanden, etc.','shadow','green','Aktionen nach dem Versand','Actions','Die im Verzeichnis actions versammelten Dateien können verschiedenste Aktionen nach dem Abschicken des Formulars ausführen: einen Bestätigungstext anzeigen, Datenbanken anlegen, Daten speichern, SQL-Befehle ausführen, E-Mails versenden, Werte verschlüsseln u.v.m.','shadow','yellow',NULL,'',NULL,'3',NULL,NULL,NULL,NULL,NULL,NULL,NULL,NULL,NULL,NULL,NULL,NULL,NULL,NULL,NULL,NULL,NULL,NULL,NULL,NULL,NULL,'','','',NULL,NULL,NULL,NULL,NULL,NULL,NULL,NULL,NULL,NULL,NULL,NULL,NULL,NULL,NULL,NULL,NULL,'2020-02-22 09:26:00','admin','2020-02-22 09:26:00','admin'),
  (22,7,1,1,2,0,8,1,'Objparams','Formular-Templates und andere Parameter','h2','','','c','',NULL,NULL,NULL,NULL,NULL,NULL,NULL,NULL,NULL,NULL,NULL,NULL,NULL,NULL,NULL,NULL,NULL,NULL,NULL,NULL,NULL,NULL,NULL,NULL,NULL,NULL,NULL,NULL,NULL,NULL,NULL,NULL,NULL,NULL,NULL,NULL,NULL,NULL,NULL,NULL,NULL,NULL,NULL,NULL,NULL,NULL,NULL,NULL,NULL,NULL,NULL,NULL,NULL,'2020-02-22 09:26:37','admin','2020-02-22 09:26:37','admin'),
  (23,7,1,1,4,0,9,1,'form_skin','Templates','Zu fast jeder Value-Datei existiert eine korrespondierende Template-Datei, die das HTML-Markup für das Formularfeld enthält. Durch diese Trennung von Verarbeitungslogik und HTML-Output kann man \"Themes\" für YForm nutzen und auch eigene erstellen.\r\n\r\nYForm kommt mit einem Default-Skin und einem Bootstrap-Skin, wobei letzteres gleich das von Bootstrap benötige Markup ausliefert. Möchte man das Bootstrap-Skin für ein Formular nutzen, kann man dieses so zuweisen:\r\n````\r\nobjparams|form_skin|bootstrap\r\n\r\n```\r\n\r\nWenn man sich die Ordnerstruktur ansieht, so erkennt man, dass man Yform flexibel selbst erweitern kann: Man legt einen eigenen Theme-Ordner an und erstellt für die gewünschten Felder eigene Template-Dateien an. Bei allen Feldern, die keine eigene Template-Datei bekommen, wird das Template des Default-Themes (classic) verwendet.','','purple','form_id, form_wrap_class','Klassen, IDs und mehr','Außer der Möglichkeit, einem Formular ein Theme zuzuweisen, kann man mit den **objparams** noch viele weitere, das ganze Formular betreffende Einstellungen vornehmen. Sie alle folgen dem Schema:\r\n\r\n**objparams|key|newvalue**\r\n\r\nEinige Beispiele:\r\n\r\n```\r\nsubmit_btn_show | default=1 / mit “0” wird der Standard-Submitbutton versteckt, wenn man z.B. eigene Buttons definiert hat\r\n\r\nform_method | default=post, kann auf “get” gesetzt werden\r\n\r\nform_anchor | default=\"\" / man kann einen Anker in der Formular-Aktion definieren, damit der Browser nach dem Abschicken zur Position des Formulars springt\r\n\r\nform_show | default=1 / Formular anzeigen oder nicht\r\n\r\nreal_field_names | default = 0. Mit dem Wert auf 1 werden exakt die Feldnamen der Formulardefinition im Formular gesetzt\r\n```','shadow','blue','','','','','',NULL,'top',NULL,'2',NULL,NULL,NULL,NULL,NULL,NULL,NULL,NULL,NULL,NULL,NULL,NULL,NULL,NULL,NULL,NULL,NULL,NULL,NULL,NULL,NULL,'','','',NULL,NULL,NULL,NULL,NULL,NULL,NULL,NULL,NULL,NULL,NULL,NULL,NULL,NULL,NULL,NULL,NULL,'2020-02-22 09:28:10','admin','2020-02-22 09:28:10','admin'),
  (24,7,1,1,4,0,10,1,'Eine vollständige Übersicht','Objparams-Referenz','Eine Übersicht der zur Verfügung stehenden Objparams findest Du hier:  \r\n[Wiki des Xform-Repos auf Github](https://github.com/yakamara/redaxo_xform/wiki/10-Formularparameter-(objparams))','shadow','orange','','','','','','','','','','',NULL,'',NULL,'1',NULL,NULL,NULL,NULL,NULL,NULL,NULL,NULL,NULL,NULL,NULL,NULL,NULL,NULL,NULL,NULL,NULL,NULL,NULL,NULL,NULL,'','','',NULL,NULL,NULL,NULL,NULL,NULL,NULL,NULL,NULL,NULL,NULL,NULL,NULL,NULL,NULL,NULL,NULL,'2020-02-22 09:28:54','admin','2020-02-22 09:28:54','admin'),
  (25,7,1,1,9,0,11,1,'Feld-Optionen','Grundlegende Syntax',NULL,NULL,NULL,NULL,NULL,NULL,NULL,NULL,NULL,NULL,NULL,NULL,NULL,NULL,NULL,NULL,NULL,NULL,'nebelwald.jpg',NULL,NULL,NULL,NULL,NULL,NULL,NULL,NULL,NULL,NULL,NULL,NULL,NULL,NULL,NULL,NULL,NULL,NULL,NULL,NULL,NULL,NULL,NULL,NULL,NULL,NULL,NULL,NULL,NULL,NULL,NULL,NULL,NULL,NULL,NULL,NULL,NULL,NULL,NULL,'2020-02-22 09:43:19','admin','2020-02-22 09:43:19','admin'),
  (26,7,1,1,3,0,12,1,'','h2','Nach der Installation von YForm kann man im AddOn mit einem Mausklick ein YForm-Modul anlegen, in das man lediglich die Values, Validierungen und Aktionen tippen muss. Die genaue Syntax findest Du im Modul.\r\n\r\nSo könnte man ein Textfeld anlegen, in der Zeile darunter wird ein Selectfeld definiert, danach folgt eine Aktion, um die Daten in die Datenbank \"adressen\" zu speichern:\r\n\r\n````\r\ntext|name|Nachname\r\nselect|anrede|Anrede|Anrede=,Frau=w,Herr=m\r\n\r\naction|db|adressen|\r\n```\r\n\r\nMan sieht, dass die einzelnen Optionen jeweils durch ein Pipe-Symbol (vertikaler Strich) abgetrennt sind. Die vollständigen Optionen für jedes Feld kann man direkt im YForm-Modul ersehen. Beim Textfeld findet man beispielsweise folgende Optionen:\r\n````\r\ntext|name|label|defaultwert|[no_db]|cssclassname\r\n```\r\n\r\n- **text:** Dies definiert den Feldtyp\r\n- **name:** der interne Feld-Name\r\n- **label:** das vor dem Feld sichtbare Label (Feldbeschriftung)\r\n- **defaultwert:** Damit kann man einen Standardwert in das Feld setzen\r\n- **no_db:** Speichert eine Aktion die Felddaten in die Datenbank, so gibt es hin und wieder Felder, die man nicht gespeichert haben will, z.B. den Wert eines Submit-Buttons\r\n- **cssclassname:** Damit kann man dem Feld eine individuelle CSS-Klasse zuweisen\r\n\r\n---\r\n\r\n###  Verschiedene Schreibweisen\r\n\r\nMan muss nicht das YForm-Modul verwenden, sondern kann auch die PHP-Schreibweise verwenden:\r\n\r\n```\r\naction|db|adressen|\r\n$yform = new rex_yform();\r\n$yform->setValueField(\'text\', array(\"name\",\"Nachname\"));\r\n$yform->setValueField(\'select\', array(\"anrede\",\"Anrede\",\"Anrede=,Frau=w,Herr=m\"));\r\n$yform->setActionField(\'db\', array(\'adressen\'));\r\necho $yform->getForm();\r\n```\r\n\r\n**Tipp:** Bei einer mit dem Table Manager angelegten Tabelle kann man sich den Formular-Code in den Versionen ***PHP*** (hilfreich bei eigenen Anpassungen), ***Pipe*** (im YForm-Modul verwendet) und ***E-Mail*** (für den Versand mit Email-Templates) generieren lassen.\r\n\r\n---\r\n\r\nDer zweite der folgenden Screenshots zeigt Beispieleingaben für ein Formular.',NULL,NULL,NULL,NULL,NULL,NULL,'','',NULL,NULL,NULL,NULL,'','vd','','mtb',NULL,NULL,NULL,NULL,NULL,NULL,NULL,NULL,NULL,NULL,NULL,NULL,NULL,NULL,NULL,NULL,NULL,NULL,NULL,NULL,NULL,'',NULL,NULL,NULL,NULL,NULL,NULL,NULL,NULL,NULL,NULL,NULL,NULL,NULL,NULL,NULL,NULL,NULL,NULL,NULL,'2020-02-22 09:44:04','admin','2020-02-22 09:44:04','admin'),
  (27,7,1,1,8,0,13,1,'2',NULL,NULL,NULL,NULL,NULL,NULL,NULL,NULL,NULL,NULL,NULL,NULL,NULL,NULL,NULL,NULL,NULL,NULL,NULL,NULL,NULL,NULL,NULL,NULL,NULL,NULL,NULL,NULL,NULL,'yform_struktur.jpg,yform_beispiel.jpg,yform_values.jpg,yform_actions.jpg',NULL,NULL,NULL,NULL,NULL,NULL,NULL,NULL,NULL,NULL,NULL,NULL,NULL,NULL,NULL,NULL,NULL,NULL,NULL,NULL,NULL,NULL,NULL,NULL,NULL,NULL,NULL,NULL,NULL,'2020-02-22 09:44:55','admin','2020-02-22 09:44:55','admin'),
  (28,7,1,1,2,0,14,1,'Ein Beispielformular mit YForm','','h2','','top','','',NULL,NULL,NULL,NULL,NULL,NULL,NULL,NULL,NULL,NULL,NULL,NULL,NULL,NULL,NULL,NULL,NULL,NULL,NULL,NULL,NULL,NULL,NULL,NULL,NULL,NULL,NULL,NULL,NULL,NULL,NULL,NULL,NULL,NULL,NULL,NULL,NULL,NULL,NULL,NULL,NULL,NULL,NULL,NULL,NULL,NULL,NULL,NULL,NULL,NULL,NULL,NULL,NULL,'2020-02-22 09:45:39','admin','2020-02-22 09:45:39','admin'),
  (29,7,1,1,1,0,15,1,'','','objparams|real_field_names|1\r\n\r\ntext|demo_text|Textfeld\r\n\r\ntextarea|demo_textarea|Textarea\r\n\r\nselect|demo_select|Selectfeld|Anrede=,Frau=w,Herr=m\r\n\r\nhtml||<hr>\r\n\r\nfieldset|fieldset_checkbox|Checkbox\r\ncheckbox|demo_checkbox_ok|Einverstanden?||1\r\ncheckbox|demo_checkbox_laune|Gut gelaunt heute?\r\n\r\nhtml||<hr>\r\n\r\nfieldset|fieldset_radio|Radio-Button\r\nradio|demo_radio_anrede|Anrede|Frau=w,Herr=m\r\n\r\nhtml||<hr>\r\n\r\nfieldset|fieldset_more|Weitere Felder\r\n\r\ndate|demo_date|Datum wählen|2016|+10|DD/MM/YYYY|1\r\ndatetime|demo_abfahrt|Abfahrt|2010|2020|00,15,30,45|DD/MM/YYYY - HH:ii Uhr|1|no_db\r\n\r\ncaptcha|Spamschutz|Bitte korrektes Rechenergebnis eingeben\r\n\r\nhtml||<p>User dynamisch als Checkboxen darstellen</p>\r\n\r\ncheckbox_sql|user|User|select id, concat(name,\', \',firstname) as name from rex_ycom_user order by name\r\n\r\nsubmit|demo_submit|Abschicken!','','','','0','',NULL,NULL,NULL,'',NULL,NULL,NULL,NULL,NULL,NULL,NULL,NULL,NULL,NULL,NULL,NULL,NULL,NULL,NULL,NULL,NULL,NULL,NULL,NULL,NULL,NULL,NULL,NULL,NULL,NULL,NULL,NULL,NULL,NULL,NULL,NULL,NULL,NULL,NULL,NULL,NULL,NULL,NULL,NULL,NULL,NULL,NULL,NULL,NULL,NULL,NULL,NULL,'2020-02-22 09:46:02','admin','2020-02-22 09:46:02','admin'),
  (30,8,1,1,2,0,1,1,'YCom','Geschützter Login und Community-Funktionen','h1','','','','',NULL,NULL,NULL,NULL,NULL,NULL,NULL,NULL,NULL,NULL,NULL,NULL,NULL,NULL,NULL,NULL,NULL,NULL,NULL,NULL,NULL,NULL,NULL,NULL,NULL,NULL,NULL,NULL,NULL,NULL,NULL,NULL,NULL,NULL,NULL,NULL,NULL,NULL,NULL,NULL,NULL,NULL,NULL,NULL,NULL,NULL,NULL,NULL,NULL,NULL,NULL,NULL,NULL,'2020-02-22 11:46:41','admin','2020-02-22 11:46:41','admin'),
  (31,8,1,1,3,0,2,1,'','h2','Das AddOn YCom bringt derzeit zwei Plugins mit: **group** zur Verwaltung von Usergruppen und **auth** zur Authentifizierung bei Login-Vorgängen oder anderen Anmeldeaktionen. Weitere Plugins wie z.B. Kommentarfunktion oder Newsletter werden folgen.',NULL,NULL,NULL,NULL,NULL,NULL,'','',NULL,NULL,NULL,NULL,'','vd','bottom','',NULL,NULL,NULL,NULL,NULL,NULL,NULL,NULL,NULL,NULL,NULL,NULL,NULL,NULL,NULL,NULL,NULL,NULL,NULL,NULL,NULL,'',NULL,NULL,NULL,NULL,NULL,NULL,NULL,NULL,NULL,NULL,NULL,NULL,NULL,NULL,NULL,NULL,NULL,NULL,NULL,'2020-02-22 11:47:11','admin','2020-02-22 11:47:11','admin'),
  (32,8,1,1,2,0,3,1,'Prinzip der Authentifizierung','','h1','','','','',NULL,NULL,NULL,NULL,NULL,NULL,NULL,NULL,NULL,NULL,NULL,NULL,NULL,NULL,NULL,NULL,NULL,NULL,NULL,NULL,NULL,NULL,NULL,NULL,NULL,NULL,NULL,NULL,NULL,NULL,NULL,NULL,NULL,NULL,NULL,NULL,NULL,NULL,NULL,NULL,NULL,NULL,NULL,NULL,NULL,NULL,NULL,NULL,NULL,NULL,NULL,NULL,NULL,'2020-02-22 11:47:30','admin','2020-02-22 11:47:30','admin'),
  (33,8,1,1,3,0,4,1,'','h2','Um die im auth-Plugin eingebaute Authentifizierung bei einem eigenen Projekt nutzen zu können, musst Du zunächst ein paar Einstellungen vornehmen.\r\n\r\nAls Erstes muss natürlich ein Häkchen bei **Authentifizierung aktiviert** gesetzt werden.\r\nAußerdem musst Du DIch entscheiden, welches Feld der User-Tabelle als Loginname genutzt wird. Es steht jedes Feld zur Auswahl, aber man wird im Normalfall das Feld ***Login*** oder – wie hier in der Demo – ***E-Mail*** wählen. Da dieser Loginname natürlich nicht doppelt vorkommen darf, sollte bei der Registrierung durch die Validierungsfunktion **validate|unique** überprüft werden, ob der Loginname schon vorhanden ist.\r\n\r\n---\r\n\r\nWeiterhin muss am Anfang des Templates diese Zeile stehen:\r\n```\r\n$ycom_user = rex_ycom_auth::getUser();\r\n```\r\n\r\nSodann kann man prüfen, ob ein User angelegt ist, und könnte – als simples Beispiel – im positiven Fall seinen Namen anzeigen:\r\n```\r\n\r\nif ($ycom_user) {\r\n\r\n	// Benutzter besitzt die nötige Berechtigung\r\n	echo \'Hallo, \'.rex_ycom_auth::getUser()->getValue(\'name\');\r\n\r\n} else {\r\n\r\n	// Benutzter besitzt die nötige Berechtigung nicht\r\n	echo \'Bitte erst einloggen\';\r\n\r\n}\r\n>\r\n```',NULL,NULL,NULL,NULL,NULL,NULL,'','',NULL,NULL,NULL,NULL,'','vd','','mb',NULL,NULL,NULL,NULL,NULL,NULL,NULL,NULL,NULL,NULL,NULL,NULL,NULL,NULL,NULL,NULL,NULL,NULL,NULL,NULL,NULL,'',NULL,NULL,NULL,NULL,NULL,NULL,NULL,NULL,NULL,NULL,NULL,NULL,NULL,NULL,NULL,NULL,NULL,NULL,NULL,'2020-02-22 11:48:00','admin','2020-02-22 11:48:00','admin'),
  (34,8,1,1,9,0,5,1,'Gruppen','Basis der Rechteverwaltung',NULL,NULL,NULL,NULL,NULL,NULL,NULL,NULL,NULL,NULL,NULL,NULL,NULL,NULL,NULL,NULL,NULL,NULL,'gruppe_fluss.jpg',NULL,NULL,NULL,NULL,NULL,NULL,NULL,NULL,NULL,NULL,NULL,NULL,NULL,NULL,NULL,NULL,NULL,NULL,NULL,NULL,NULL,NULL,NULL,NULL,NULL,NULL,NULL,NULL,NULL,NULL,NULL,NULL,NULL,NULL,NULL,NULL,NULL,NULL,NULL,'2020-02-22 11:48:35','admin','2020-02-22 11:48:35','admin'),
  (35,8,1,1,3,0,6,1,'','h2','Das Group-Plugin ermöglicht es, Gruppen anzulegen und die User diesen Gruppen zuzuordnen. Bei der Installation fügt das Plugin werden den Artikeln drei Metafelder hinzu. Mit diesen Feldern kannst Du für jeden Artikel einstellen, welche Gruppen die Berechtigung dafür haben. Bei der Rechte-Zuweisung kann man auch für mehrere Kategorien rekursiv ihre Rechte definieren und bei mehreren Gruppen mit und/oder-Logik verknüpfen.\r\n\r\nWenn ein User einen Artikel aufruft, für den er keine Rechte hat, wird er zu einer anderen Seite weitergeleitet. Welche das ist, kann man in den Einstellungen des auth-Plugins – das für die Authentifizierung zuständig ist – definieren, siehe unten.',NULL,NULL,NULL,NULL,NULL,NULL,'','',NULL,NULL,NULL,NULL,'','vd','','mt',NULL,NULL,NULL,NULL,NULL,NULL,NULL,NULL,NULL,NULL,NULL,NULL,NULL,NULL,NULL,NULL,NULL,NULL,NULL,NULL,NULL,'',NULL,NULL,NULL,NULL,NULL,NULL,NULL,NULL,NULL,NULL,NULL,NULL,NULL,NULL,NULL,NULL,NULL,NULL,NULL,'2020-02-22 11:49:03','admin','2020-02-22 11:49:03','admin'),
  (36,8,1,1,2,0,7,1,'Weiterleitungen','','h1','bottom','','','indent',NULL,NULL,NULL,NULL,NULL,NULL,NULL,NULL,NULL,NULL,NULL,NULL,NULL,NULL,NULL,NULL,NULL,NULL,NULL,NULL,NULL,NULL,NULL,NULL,NULL,NULL,NULL,NULL,NULL,NULL,NULL,NULL,NULL,NULL,NULL,NULL,NULL,NULL,NULL,NULL,NULL,NULL,NULL,NULL,NULL,NULL,NULL,NULL,NULL,NULL,NULL,NULL,NULL,'2020-02-22 11:49:29','admin','2020-02-22 11:49:39','admin'),
  (37,8,1,1,3,0,8,1,'','h2','In vielen anderen CMS ist die Struktur eines Loginbereichs fest vorgegeben. Das erleichtert natürlich zunächst die Arbeit für den Admin, macht den Loginbereich aber bis zu einem gewissen Grad unflexibel. Im YCom-AddOn muss man dagegen zentrale Seiten des Login-Vorgangs zunächst manuell \"verdrahten\", was dem Admin aber die Freiheit gibt, einen geschützten Bereich nahezu so aufzubauen, wie er sich das vorstellt oder das Projekt es erfordert.\r\n\r\nFolgende Weiterleitungen gilt es zu definieren:\r\n\r\n- ***wenn erfolgreich eingeloggt:***  \r\nDiese Seite sollte den User in seinem Loginbereich empfangen. Für die Demo wurde dazu der Startartikel **Loginbereich** gewählt\r\n- ***wenn nicht erfolgreich eingeloggt:***  \r\nZu dieser Seite gelangt man, wenn der Loginversuch nicht gelingt. Im Normalfall möchte man, dass die Seite **Login** einfach erneut angezeigt wird.\r\n- ***nach dem Ausloggen:***  \r\nIn der Demo gibt es eine eigens erstellte Seite **Logged Out**, zu der man beim Logout geleitet wird. Dort kann man den User verabschieden und ihm einen Link zum erneuten Login anbieten.\r\n- ***wenn auf einen gesperrten Artikel zugriffen wird:***  \r\nWenn der User eine URL aufruft, die er nur eingeloggt sehen darf, so wird er zu der Seite **Loginbereich** geleitet, um sich einloggen zu können.\r\nSofern er bereits eingeloggt ist und eine Seite aufruft, für die die ihm zugewiesene Gruppe keine Rechte besitzt, so erfolgt eine erneute Weiterleitung zu der Seite, die man bei **wenn erfolgreich eingeloggt:** definiert hat.',NULL,NULL,NULL,NULL,NULL,NULL,'','',NULL,NULL,NULL,NULL,'','vd','','mb',NULL,NULL,NULL,NULL,NULL,NULL,NULL,NULL,NULL,NULL,NULL,NULL,NULL,NULL,NULL,NULL,NULL,NULL,NULL,NULL,NULL,'',NULL,NULL,NULL,NULL,NULL,NULL,NULL,NULL,NULL,NULL,NULL,NULL,NULL,NULL,NULL,NULL,NULL,NULL,NULL,'2020-02-22 11:50:04','admin','2020-02-22 11:50:04','admin'),
  (38,8,1,1,9,0,9,1,'E-Mailversand','Flexibel durch E-Mail-Templates',NULL,NULL,NULL,NULL,NULL,NULL,NULL,NULL,NULL,NULL,NULL,NULL,NULL,NULL,NULL,NULL,NULL,NULL,'mailbox.jpg',NULL,NULL,NULL,NULL,NULL,NULL,NULL,NULL,NULL,NULL,NULL,NULL,NULL,NULL,NULL,NULL,NULL,NULL,NULL,NULL,NULL,NULL,NULL,NULL,NULL,NULL,NULL,NULL,NULL,NULL,NULL,NULL,NULL,NULL,NULL,NULL,NULL,NULL,NULL,'2020-02-22 11:50:38','admin','2020-02-22 11:50:38','admin'),
  (39,8,1,1,3,0,10,1,'','h2','Soll ein YForm-Formular nach dem Abschicken eine E-Mail verschicken, so liegt es nahe, die vordefinierte Aktion zu verwenden, die man am Ende des Moduls findet. Mehr Optionen bieten allerdings die YForm-Email-Templates. Dazu kann man mit der Aktion **tpl2email** ein E-Mail-Template aufrufen (Der Name des E-Mail-Templates muss beim Anlegen des Templates genau so als Key definiert werden):\r\n```\r\naction|tpl2email|name_des_email_templates|email_adresse_im_formular|\r\n```\r\nAuch ein Labeltext ist möglich, der (samt Zeilenumbruch) nur angezeigt wird, wenn das Feld auch ausgefüllt wurde:\r\n```\r\nREX_YFORM_DATA[field=\"name\" prefix=\"\\nMein Name:\" suffix=\"\"]\r\n```\r\n\r\nDie in den Formularfeldern eingegebenen Daten kann man so in den E-Mail-Text integrieren:\r\n```\r\nREX_YFORM_DATA[field=\"vorname\"]\r\n```\r\n\r\n---\r\n\r\nBei E-Mail-Templates kannst Du außerdem:\r\n- eine HTML- und eine Text-Version hinterlegen\r\n- Dateien aus dem Medienpool anhängen\r\n- PHP nutzen und so Konditionen für die Einbindung bestimmter Felder definieren',NULL,NULL,NULL,NULL,NULL,NULL,'','',NULL,NULL,NULL,NULL,'','','','mt',NULL,NULL,NULL,NULL,NULL,NULL,NULL,NULL,NULL,NULL,NULL,NULL,NULL,NULL,NULL,NULL,NULL,NULL,NULL,NULL,NULL,'',NULL,NULL,NULL,NULL,NULL,NULL,NULL,NULL,NULL,NULL,NULL,NULL,NULL,NULL,NULL,NULL,NULL,NULL,NULL,'2020-02-22 11:51:04','admin','2020-02-22 11:51:04','admin'),
  (40,6,1,1,11,0,1,1,'',NULL,NULL,NULL,NULL,NULL,NULL,NULL,NULL,NULL,NULL,NULL,NULL,NULL,NULL,NULL,NULL,NULL,NULL,NULL,NULL,NULL,NULL,NULL,NULL,NULL,NULL,NULL,NULL,NULL,NULL,NULL,NULL,NULL,NULL,NULL,NULL,NULL,NULL,NULL,NULL,NULL,NULL,NULL,NULL,NULL,NULL,NULL,NULL,NULL,'2,5,20',NULL,NULL,NULL,NULL,NULL,NULL,NULL,NULL,NULL,'2020-02-22 11:52:52','admin','2020-02-22 11:54:02','admin'),
  (41,20,1,1,3,0,1,1,'','h2','**Demo:**  \r\nPeter Bickel ([Polarpixel](http://polarpixel.de))\r\n\r\nDie Demo darf frei für eigene Projekte verwendet werden.\r\n\r\n**Bugs zur Demo**  \r\nbitte direkt in Github melden:  \r\nhttps://github.com/FriendsOfREDAXO/demo_community\r\n\r\n**Vielen Dank an:**  \r\nJan Kristinus, Thomas Blum, Gregor Harlan, Markus Staab, Oliver Kreischer, Thomas Kaegi, Dirk Schürjohan\r\n\r\n**Fotos:**  \r\n[Unsplash](https://unsplash.com/)',NULL,NULL,NULL,NULL,NULL,NULL,'','',NULL,NULL,NULL,NULL,'','vd','bottom','mb',NULL,NULL,NULL,NULL,NULL,NULL,NULL,NULL,NULL,NULL,NULL,NULL,NULL,NULL,NULL,NULL,NULL,NULL,NULL,NULL,NULL,'',NULL,NULL,NULL,NULL,NULL,NULL,NULL,NULL,NULL,NULL,NULL,NULL,NULL,NULL,NULL,NULL,NULL,NULL,NULL,'2020-02-22 11:55:06','admin','2020-02-22 11:55:06','admin'),
  (42,5,1,1,3,0,2,1,'','h2','---\r\n\r\n**Noch nicht registriert?**  \r\n[Hier kannst Du Dich registrieren](redaxo://15)\r\n\r\n**Passwort vergessen?**  \r\n[Du kannst Dein Passwort zurücksetzen](redaxo://17)',NULL,NULL,NULL,NULL,NULL,NULL,'','',NULL,NULL,NULL,NULL,'','','','',NULL,NULL,NULL,NULL,NULL,NULL,NULL,NULL,NULL,NULL,NULL,NULL,NULL,NULL,NULL,NULL,NULL,NULL,NULL,NULL,NULL,'',NULL,NULL,NULL,NULL,NULL,NULL,NULL,NULL,NULL,NULL,NULL,NULL,NULL,NULL,NULL,NULL,NULL,NULL,NULL,'2020-02-22 12:34:03','admin','2020-02-22 17:18:33','admin'),
  (43,5,1,1,7,0,3,1,'Admin-Hinweis','Ycom-Authentifizierung','#### Für das Login-Formular sind nur drei Felder nötig.\r\n\r\nFolgende YCom-Validierung regelt die Authentifizierung:\r\n```\r\nvalidate|ycom_auth|email|passwort||Bitte korrektes Passwort eintragen.|Der Login war nicht erfolgreich.\r\n```\r\nDie letzten beiden Optionen sind Meldungen, die bei einem fehlerhaften Passwort, bzw. generell bei einem nicht erfolgreichen Login erscheinen. Außerdem müssen die Felder angegeben werden, die zur Authentifizierung verwendet werden, z.B. Username oder E-Mail und Passwort.\r\n\r\n```\r\nycom_auth_returnto|returnTo|\r\n```\r\nDiese Zeile regelt die die Weiterleitung je nach erfolgreichem oder nicht erfolgreichem Login und muss einfach genau so ins Formular übernommen werden.\r\n\r\nEbenso ist es möglich mit einer Checkbox \"eingeloggt bleiben\" ein Cookie zu setzen, das sich den Login-Status merken kann. Dieses Feld muss dann bei der Validierung genannt werden:\r\n```\r\nvalidate|ycom_auth|email|passwort|checkbox_fuer_eingeloggt_bleiben|Bitte korrektes Passwort eintragen.|Der Login war nicht erfolgreich.\r\n```\r\n',NULL,NULL,NULL,NULL,NULL,NULL,NULL,NULL,NULL,NULL,NULL,NULL,NULL,NULL,'1',NULL,NULL,NULL,NULL,NULL,NULL,NULL,NULL,NULL,NULL,NULL,NULL,NULL,NULL,NULL,NULL,NULL,NULL,NULL,NULL,NULL,NULL,NULL,NULL,NULL,NULL,NULL,NULL,NULL,NULL,NULL,NULL,NULL,NULL,NULL,NULL,NULL,NULL,NULL,NULL,NULL,NULL,'2020-02-22 12:34:36','admin','2020-02-22 17:49:06','admin'),
  (44,16,1,1,3,0,1,1,'Hinweis','h3','Wenn alles geklappt hat, wurde der Status nun auf ***1*** (bestätigt und aktiv). Außerdem wurde der User direkt eingeloggt – erkennbar an dem zusätzlichen Menüpunkt mit dem Profilbild. Will man dies nicht und der User soll sich erst aktiv einloggen, so kann man direkt eine Ausloggen-Aktion ausführen mit:\r\n````\r\nycom_auth_form_logout|label|\r\n```',NULL,NULL,NULL,NULL,NULL,NULL,'','',NULL,NULL,NULL,NULL,'','','','',NULL,NULL,NULL,NULL,NULL,NULL,NULL,NULL,NULL,NULL,NULL,NULL,NULL,NULL,NULL,NULL,NULL,NULL,NULL,NULL,NULL,'',NULL,NULL,NULL,NULL,NULL,NULL,NULL,NULL,NULL,NULL,NULL,NULL,NULL,NULL,NULL,NULL,NULL,NULL,NULL,'2020-02-22 13:47:59','admin','2020-02-22 18:29:55','admin'),
  (45,16,1,1,7,0,2,1,'Weitere Admin-Infos','So ist das Formular aufgebaut','```mit-Buton \r\nhidden|status|1\r\n````\r\nDer Status wird mit einem Hidden Field auf 1 gesetzt.\r\n\r\n```\r\nobjparams|submit_btn_show|0\r\n````\r\nDer normalerweise immer automatisch vorhandene Submit-Button wird nicht gezeigt.\r\n\r\n```\r\nobjparams|send|1\r\n````\r\nDa kein Submit-Button vorhanden ist, und das Formular bereits beim Laden der Seite abgeschickt werden soll, wird der Parameter **send** auf 1 (verschicken) gesetzt.\r\n\r\n```\r\nvalidate|ycom_auth_login|activation_key=rex_ycom_activation_key,email=rex_ycom_id|status=0|Die Registrierung konnte nicht bestätigt werden. Wurde sie vielleicht schon bestätigt?|status\r\n\r\n````\r\nMit der Validierung **ycom_auth_login** wird geprüft, ob es einen Datensatz gibt, dessen Activation-Key und E-Mail mit den Parametern in der URL übereinstimmt und dessen Status **0** ist. Danach kann man eine Fehlermeldung definieren, wenn diese Bedingung nicht zutrifft. Zuletzt kann man die Felder definieren, die im Falle einer Übereinstimmung geladen werden sollen, um sie ggf. weiter zu verarbeiten (hier nur der Status).\r\n\r\n```\r\naction|ycom_auth_db|update\r\n```\r\nDer aktuell ausgewählte Datensatz in der Usertabelle wird mittels einer Aktion aktualisiert.\r\n\r\n```\r\naction|html|<div class=\"alert alert-success alert-dismissible\" role=\"alert\"><h2>Vielen Dank!</h2><p>Deine E-Mail wurde bestätigt. Du bist direkt eingeloggt.</p></div>\r\n````\r\nAls letzte Aktion wird eine Erfolgsmeldung in HTML angezeigt.',NULL,NULL,NULL,NULL,NULL,NULL,NULL,NULL,NULL,NULL,NULL,NULL,NULL,NULL,'1',NULL,NULL,NULL,NULL,NULL,NULL,NULL,NULL,NULL,NULL,NULL,NULL,NULL,NULL,NULL,NULL,NULL,NULL,NULL,NULL,NULL,NULL,NULL,NULL,NULL,NULL,NULL,NULL,NULL,NULL,NULL,NULL,NULL,NULL,NULL,NULL,NULL,NULL,NULL,NULL,NULL,NULL,'2020-02-22 13:48:40','admin','2020-02-22 18:28:51','admin'),
  (46,16,1,2,1,0,1,1,'','','hidden|status|1\r\nobjparams|submit_btn_show|0\r\nobjparams|send|1\r\nobjparams|csrf_protection|0\r\n\r\nvalidate|ycom_auth_login|activation_key=rex_ycom_activation_key,email=rex_ycom_id|status=0|Die Registrierung konnte nicht bestätigt werden. Wurde sie vielleicht schon bestätigt?|status\r\n\r\naction|ycom_auth_db|update\r\n\r\naction|html|<div class=\"alert alert-success alert-dismissible\" role=\"alert\"><h2>Vielen Dank!</h2><p>Deine E-Mail wurde bestätigt. Du bist direkt eingeloggt.</p></div>','','','','1','',NULL,NULL,NULL,'',NULL,NULL,NULL,NULL,NULL,NULL,NULL,NULL,NULL,NULL,NULL,NULL,NULL,NULL,NULL,NULL,NULL,NULL,NULL,NULL,NULL,NULL,NULL,NULL,NULL,NULL,NULL,NULL,NULL,NULL,NULL,NULL,NULL,NULL,NULL,NULL,NULL,NULL,NULL,NULL,NULL,NULL,NULL,NULL,NULL,NULL,NULL,NULL,'2020-02-22 13:51:20','admin','2020-02-22 18:16:51','admin'),
  (47,19,1,1,2,0,1,1,'Ausgeloggt.','Du wurdest erfolgreich ausgeloggt.','h1','','','','',NULL,NULL,NULL,NULL,NULL,NULL,NULL,NULL,NULL,NULL,NULL,NULL,NULL,NULL,NULL,NULL,NULL,NULL,NULL,NULL,NULL,NULL,NULL,NULL,NULL,NULL,NULL,NULL,NULL,NULL,NULL,NULL,NULL,NULL,NULL,NULL,NULL,NULL,NULL,NULL,NULL,NULL,NULL,NULL,NULL,NULL,NULL,NULL,NULL,NULL,NULL,NULL,NULL,'2020-02-22 13:52:13','admin','2020-02-22 13:52:13','admin'),
  (48,19,1,1,12,0,2,1,'shadow',NULL,NULL,NULL,NULL,NULL,NULL,NULL,NULL,NULL,NULL,NULL,NULL,NULL,NULL,NULL,NULL,NULL,NULL,NULL,'kuss.jpg',NULL,NULL,NULL,NULL,NULL,NULL,NULL,NULL,NULL,NULL,NULL,NULL,NULL,NULL,NULL,NULL,NULL,NULL,NULL,NULL,NULL,NULL,NULL,NULL,NULL,NULL,NULL,NULL,NULL,NULL,NULL,NULL,NULL,NULL,NULL,NULL,NULL,NULL,NULL,'2020-02-22 13:52:36','admin','2020-02-22 13:52:36','admin'),
  (49,19,1,1,3,0,3,1,'','h2','Schön, dass Du da warst.\r\nKomm bald wieder!',NULL,NULL,NULL,NULL,NULL,NULL,'','',NULL,NULL,NULL,NULL,'','','bottom','',NULL,NULL,NULL,NULL,NULL,NULL,NULL,NULL,NULL,NULL,NULL,NULL,NULL,NULL,NULL,NULL,NULL,NULL,NULL,NULL,NULL,'',NULL,NULL,NULL,NULL,NULL,NULL,NULL,NULL,NULL,NULL,NULL,NULL,NULL,NULL,NULL,NULL,NULL,NULL,NULL,'2020-02-22 13:53:02','admin','2020-02-22 13:53:02','admin'),
  (50,19,1,1,4,0,4,1,'Admin-Hinweis','Weiterleitungsseite nach dem Ausloggen','Zu dieser Seite wird weitergeleitet, wenn man erfolgreich ausgeloggt wurde.\r\nSo könnte man dem User ergänzende Hinweise geben, z.B. [wo er sich wieder einloggen kann.](redaxo://5)\r\n\r\nDieser Artikel befindet sich in der Kategorie **Login**, kann aber überall in der Seitenatruktur liegen.\r\nDie Rechte wurden definiert als **Zugriff für alle nicht eingeloggten User**, denn für einen eingeloggten User ist diese Seite sinnlos.','','orange','','','','','','','','','','',NULL,'','1','1',NULL,NULL,NULL,NULL,NULL,NULL,NULL,NULL,NULL,NULL,NULL,NULL,NULL,NULL,NULL,NULL,NULL,NULL,NULL,NULL,NULL,'','','',NULL,NULL,NULL,NULL,NULL,NULL,NULL,NULL,NULL,NULL,NULL,NULL,NULL,NULL,NULL,NULL,NULL,'2020-02-22 13:54:05','admin','2020-02-22 13:54:05','admin'),
  (51,19,1,2,4,0,1,1,'Goodbye ...','und Danke ...','... für Deinen Besuch des Loginbereichs!','','brown','','','','','','','','','','',NULL,'',NULL,'1',NULL,NULL,NULL,NULL,NULL,NULL,NULL,NULL,NULL,NULL,NULL,NULL,NULL,NULL,NULL,NULL,NULL,NULL,NULL,NULL,NULL,'','','',NULL,NULL,NULL,NULL,NULL,NULL,NULL,NULL,NULL,NULL,NULL,NULL,NULL,NULL,NULL,NULL,NULL,'2020-02-22 13:55:49','admin','2020-02-22 13:55:49','admin'),
  (52,14,1,1,1,0,1,1,'','','ycom_auth_logout|label|','','','','0','',NULL,NULL,NULL,'',NULL,NULL,NULL,NULL,NULL,NULL,NULL,NULL,NULL,NULL,NULL,NULL,NULL,NULL,NULL,NULL,NULL,NULL,NULL,NULL,NULL,NULL,NULL,NULL,NULL,NULL,NULL,NULL,NULL,NULL,NULL,NULL,NULL,NULL,NULL,NULL,NULL,NULL,NULL,NULL,NULL,NULL,NULL,NULL,NULL,NULL,NULL,NULL,'2020-02-22 14:19:07','admin','2020-02-22 14:19:48','admin'),
  (53,17,1,2,1,0,1,1,'','','generate_key|activation_key\r\n\r\ntext|email|E-Mail:|\r\n\r\ncaptcha|Bitte Sicherheitscode eingeben|Du hast den Sicherheitscode falsch eingegeben.\r\n\r\nvalidate|email|email|Bitte gib Deine gültige E-Mail ein.\r\nvalidate|empty|email|Bitte gib Deine E-Mail ein.\r\nvalidate|in_table|email|rex_ycom_user|email|Für die angegebene E-Mail-Adresse existiert kein Nutzer.|\r\n\r\naction|db_query|update rex_ycom_user set activation_key = ? where email = ?|activation_key,email\r\naction|tpl2email|resetpassword_de|email|','','','<div class=\"alert alert-success alert-with-icon\" data-notify=\"container\">\r\n            <div class=\"container\">\r\n                <div class=\"alert-wrapper\">\r\n                    <i class=\"alert-icon ti-check\"></i>\r\n                    <div class=\"message\">Alles klar: Du erhältst nun eine E-Mail, mit der Du das Passwort zurücksetzen kannst.</div>\r\n                </div>\r\n            </div>\r\n        </div>','0','',NULL,NULL,'1','',NULL,NULL,NULL,NULL,NULL,NULL,NULL,NULL,NULL,NULL,NULL,NULL,NULL,NULL,NULL,NULL,NULL,NULL,NULL,NULL,NULL,NULL,NULL,NULL,NULL,NULL,NULL,NULL,NULL,NULL,NULL,NULL,NULL,NULL,NULL,NULL,NULL,NULL,NULL,NULL,NULL,NULL,NULL,NULL,NULL,NULL,NULL,NULL,'2020-02-22 14:29:16','admin','2020-02-22 17:25:13','admin'),
  (54,17,1,1,3,0,1,1,'Passwort zurücksetzen','h2','Um das Passwort zurückzusetzen, wird nach Eingabe der Mailadresse ein Activation Key generiert und eine Mail verschickt mit einem Link.\r\n\r\nDieser Link authentifiziert den User aufgrund der Kombination Mailadresse und Activation Key und loggt den User direkt ein, so dass er selbst in seinem Profil ein anderes Passwort vergeben kann.',NULL,NULL,NULL,NULL,NULL,NULL,'','',NULL,NULL,NULL,NULL,'','','','',NULL,NULL,NULL,NULL,NULL,NULL,NULL,NULL,NULL,NULL,NULL,NULL,NULL,NULL,NULL,NULL,NULL,NULL,NULL,NULL,NULL,'',NULL,NULL,NULL,NULL,NULL,NULL,NULL,NULL,NULL,NULL,NULL,NULL,NULL,NULL,NULL,NULL,NULL,NULL,NULL,'2020-02-22 14:31:11','admin','2020-02-22 18:51:36','admin'),
  (55,18,1,1,1,0,1,1,'','','objparams|submit_btn_show|0\r\nobjparams|send|1\r\nobjparams|csrf_protection|0\r\n\r\nvalidate|ycom_auth_login|activation_key=rex_ycom_activation_key,email=rex_ycom_id|status=1|Das Zurücksetzen des Passworts war nicht erfolgreich.|status\r\n\r\naction|ycom_auth_db|update\r\naction|html|<h2>Hat geklappt!</h2><p>Du bist jetzt eingeloggt und kannst Dein Passwort im Profilbereich ändern.</p>','','','','0','',NULL,NULL,NULL,'',NULL,NULL,NULL,NULL,NULL,NULL,NULL,NULL,NULL,NULL,NULL,NULL,NULL,NULL,NULL,NULL,NULL,NULL,NULL,NULL,NULL,NULL,NULL,NULL,NULL,NULL,NULL,NULL,NULL,NULL,NULL,NULL,NULL,NULL,NULL,NULL,NULL,NULL,NULL,NULL,NULL,NULL,NULL,NULL,NULL,NULL,NULL,NULL,'2020-02-22 14:33:07','admin','2020-02-22 17:35:37','admin'),
  (56,12,1,1,2,0,1,1,'Profil ändern','','h1','','','','',NULL,NULL,NULL,NULL,NULL,NULL,NULL,NULL,NULL,NULL,NULL,NULL,NULL,NULL,NULL,NULL,NULL,NULL,NULL,NULL,NULL,NULL,NULL,NULL,NULL,NULL,NULL,NULL,NULL,NULL,NULL,NULL,NULL,NULL,NULL,NULL,NULL,NULL,NULL,NULL,NULL,NULL,NULL,NULL,NULL,NULL,NULL,NULL,NULL,NULL,NULL,NULL,NULL,'2020-02-22 14:35:31','admin','2020-02-22 14:35:31','admin'),
  (57,12,1,1,1,0,2,1,'','','ycom_auth_load_user|userinfo|email,firstname,name,slogan,ycom_groups,pic\r\nobjparams|form_showformafterupdate|1\r\nshowvalue|email|E-Mail / Login:\r\n\r\ntext|firstname|Vorname:\r\nvalidate|empty|firstname|Bitte geben gib Deinen Vornamen ein.\r\n\r\ntext|name|Nachname:\r\nvalidate|empty|name|Bitte gib Deinen Nachnamen ein.\r\n\r\nhtml||<hr>\r\n\r\ntextarea|slogan|Motto:\r\nvalidate|empty|slogan|Bitte gib Dein Motto ein.\r\n\r\nhtml||<hr>\r\n\r\nhtml|required|<p class=\"form-required\">Bitte Gruppe wählen:</p>\r\ncheckbox_sql|ycom_groups|Gruppe|select id, name from rex_ycom_group order by prio|\r\n\r\nhtml||<hr>\r\n\r\nmediafile|pic|Profilfoto|1000|.jpg,.png||min_err,max_err,type_err,empty_err||3|\r\n\r\naction|showtext|<div class=\"alert alert-success\">Die Profildaten wurden aktualisiert. (Anzeige mit action \"showtext\")</div>|||1\r\naction|ycom_auth_db\r\n','','','<div class=\"alert alert-success alert-with-icon\" data-notify=\"container\">\r\n            <div class=\"container\">\r\n                <div class=\"alert-wrapper\">\r\n                    <button type=\"button\" class=\"close\" data-dismiss=\"alert\" aria-label=\"Schließen\">\r\n                      <span aria-hidden=\"true\">×</span>\r\n                    </button>\r\n                    <i class=\"alert-icon ti-check\"></i>\r\n                    <div class=\"message\">Die Profildaten wurden gespeichert. (Anzeige mit dem Meldungsfeld)</div>\r\n                </div>\r\n            </div>\r\n        </div>','0','',NULL,NULL,'1','',NULL,NULL,NULL,NULL,NULL,NULL,NULL,NULL,NULL,NULL,NULL,NULL,NULL,NULL,NULL,NULL,NULL,NULL,NULL,NULL,NULL,NULL,NULL,NULL,NULL,NULL,NULL,NULL,NULL,NULL,NULL,NULL,NULL,NULL,NULL,NULL,NULL,NULL,NULL,NULL,NULL,NULL,NULL,NULL,NULL,NULL,NULL,NULL,'2020-02-22 14:38:50','admin','2020-02-22 16:32:09','admin'),
  (58,3,1,1,2,0,1,1,'Loginbereich','Erläuterungen zur Struktur','h1','','','','',NULL,NULL,NULL,NULL,NULL,NULL,NULL,NULL,NULL,NULL,NULL,NULL,NULL,NULL,NULL,NULL,NULL,NULL,NULL,NULL,NULL,NULL,NULL,NULL,NULL,NULL,NULL,NULL,NULL,NULL,NULL,NULL,NULL,NULL,NULL,NULL,NULL,NULL,NULL,NULL,NULL,NULL,NULL,NULL,NULL,NULL,NULL,NULL,NULL,NULL,NULL,NULL,NULL,'2020-02-22 14:58:33','admin','2020-02-22 14:58:33','admin'),
  (59,3,1,1,3,0,2,1,'','h2','In dieser Demo liegen alle geschützten Seiten in der Kategorie \"Loginbereich\" – in der Du Dich jetzt gerade befindest. Das muss aber nicht so sein. Denn das YCom-AddOn ist so flexibel angelegt, dass man beliebige einzelne Artikel und Kategorien schützen, ebenso aber auch die User-Rechte rekursiv für ganze Kategoriebäume definieren kann.',NULL,NULL,NULL,NULL,NULL,NULL,'','',NULL,NULL,NULL,NULL,'','','','',NULL,NULL,NULL,NULL,NULL,NULL,NULL,NULL,NULL,NULL,NULL,NULL,NULL,NULL,NULL,NULL,NULL,NULL,NULL,NULL,NULL,'',NULL,NULL,NULL,NULL,NULL,NULL,NULL,NULL,NULL,NULL,NULL,NULL,NULL,NULL,NULL,NULL,NULL,NULL,NULL,'2020-02-22 14:58:51','admin','2020-02-22 14:58:51','admin'),
  (60,3,1,1,4,0,3,1,'Hinweis','Navigationen mit der rex_ycom_navigation::factory()','Natürlich muss auch die Navigation die Userberechtigungen berücksichtigten, damit keine Seiten in der Navigation auftauchen, für die man kein Rechte besitzt.\r\n\r\nHierfür muss die Klasse **rex_navigation::factory** mittels **addCallback(\'rex_ycom_auth::articleIsPermitted\')** erweitert werden. Die Navigation der Seitenspalte in dieser Demo wurde so realisiert.\r\n\r\nAlternativ kann man bei selbst programmierten Navigationen die Rechtedefinition jedes Artikels prüfen mit **$ycom_user = rex_ycom_auth::getUser()**. Dieser Weg wurde in der Demo gewählt für die Hauptnavigation:\r\n**if (rex_article::get($article_id)->isPermitted())**','','green','','','','','','','','','','',NULL,'',NULL,'1',NULL,NULL,NULL,NULL,NULL,NULL,NULL,NULL,NULL,NULL,NULL,NULL,NULL,NULL,NULL,NULL,NULL,NULL,NULL,NULL,NULL,'','','',NULL,NULL,NULL,NULL,NULL,NULL,NULL,NULL,NULL,NULL,NULL,NULL,NULL,NULL,NULL,NULL,NULL,'2020-02-22 14:59:28','admin','2020-02-22 16:57:22','admin'),
  (61,3,1,1,3,0,4,1,'','h2','### Zugriffsberechtigung\r\n\r\nDie folgenden Screenshots zeigen die Artikel-basierte Rechteverwaltung. Bei der Installation von ycom werden drei Artikel-Metafelder angelegt, die im Prinzip selbsterklärend sind:\r\n\r\n---\r\n\r\n***Zugriffsrechte***\r\n- aus übergeordneter Kategorie übernehmen, ansonsten Zugriff für alle User\r\n- Zugriff für eingeloggte User\r\n- Zugriff für alle nicht eingeloggten User\r\n- Zugriff für alle User\r\n\r\n---\r\n\r\n***Gruppenrechte***\r\n- Für alle, egal welche Gruppe\r\n- Muss in jeder Gruppe sein\r\n- Muss in einer Gruppe sein\r\n- Hat keine Gruppen\r\n\r\n---\r\n\r\n***Gruppen***\r\n- Gruppe A\r\n- Gruppe B',NULL,NULL,NULL,NULL,NULL,NULL,'','',NULL,NULL,NULL,NULL,'','','','',NULL,NULL,NULL,NULL,NULL,NULL,NULL,NULL,NULL,NULL,NULL,NULL,NULL,NULL,NULL,NULL,NULL,NULL,NULL,NULL,NULL,'',NULL,NULL,NULL,NULL,NULL,NULL,NULL,NULL,NULL,NULL,NULL,NULL,NULL,NULL,NULL,NULL,NULL,NULL,NULL,'2020-02-22 14:59:49','admin','2020-02-22 14:59:49','admin'),
  (62,3,1,1,8,0,5,1,'3',NULL,NULL,NULL,NULL,NULL,NULL,NULL,NULL,NULL,NULL,NULL,NULL,NULL,NULL,NULL,NULL,NULL,NULL,NULL,NULL,NULL,NULL,NULL,NULL,NULL,NULL,NULL,NULL,NULL,'rechte1.png,rechte2.png,rechte3.png',NULL,NULL,NULL,NULL,NULL,NULL,NULL,NULL,NULL,NULL,NULL,NULL,NULL,NULL,NULL,NULL,NULL,NULL,NULL,NULL,NULL,NULL,NULL,NULL,NULL,NULL,NULL,NULL,NULL,'2020-02-22 15:00:43','admin','2020-02-22 15:00:43','admin'),
  (63,9,1,1,2,0,1,1,'Zugriff für alle','eingeloggten User','h1','','','','',NULL,NULL,NULL,NULL,NULL,NULL,NULL,NULL,NULL,NULL,NULL,NULL,NULL,NULL,NULL,NULL,NULL,NULL,NULL,NULL,NULL,NULL,NULL,NULL,NULL,NULL,NULL,NULL,NULL,NULL,NULL,NULL,NULL,NULL,NULL,NULL,NULL,NULL,NULL,NULL,NULL,NULL,NULL,NULL,NULL,NULL,NULL,NULL,NULL,NULL,NULL,NULL,NULL,'2020-02-22 16:15:51','admin','2020-02-22 16:15:51','admin'),
  (64,9,1,1,3,0,2,1,'','h2','Bei einem Zugriff für alle Gruppen werden die Rechte so eingestellt:\r\n\r\n- Zugriff für eingeloggte User\r\n- Für alle, egal welche Gruppe\r\n- Keine Gruppe wird angewählt\r\n',NULL,NULL,NULL,NULL,NULL,NULL,'','',NULL,NULL,NULL,NULL,'','','','mb',NULL,NULL,NULL,NULL,NULL,NULL,NULL,NULL,NULL,NULL,NULL,NULL,NULL,NULL,NULL,NULL,NULL,NULL,NULL,NULL,NULL,'',NULL,NULL,NULL,NULL,NULL,NULL,NULL,NULL,NULL,NULL,NULL,NULL,NULL,NULL,NULL,NULL,NULL,NULL,NULL,'2020-02-22 16:16:18','admin','2020-02-22 16:16:18','admin'),
  (65,9,1,1,12,0,3,1,'big-shadow',NULL,NULL,NULL,NULL,NULL,NULL,NULL,NULL,NULL,NULL,NULL,NULL,NULL,NULL,NULL,NULL,NULL,NULL,NULL,'screen_alle.png',NULL,NULL,NULL,NULL,NULL,NULL,NULL,NULL,NULL,NULL,NULL,NULL,NULL,NULL,NULL,NULL,NULL,NULL,NULL,NULL,NULL,NULL,NULL,NULL,NULL,NULL,NULL,NULL,NULL,NULL,NULL,NULL,NULL,NULL,NULL,NULL,NULL,NULL,NULL,'2020-02-22 16:16:45','admin','2020-02-22 16:16:45','admin'),
  (66,10,1,1,2,0,1,1,'Zugriff für','Gruppe A','h1','','','','',NULL,NULL,NULL,NULL,NULL,NULL,NULL,NULL,NULL,NULL,NULL,NULL,NULL,NULL,NULL,NULL,NULL,NULL,NULL,NULL,NULL,NULL,NULL,NULL,NULL,NULL,NULL,NULL,NULL,NULL,NULL,NULL,NULL,NULL,NULL,NULL,NULL,NULL,NULL,NULL,NULL,NULL,NULL,NULL,NULL,NULL,NULL,NULL,NULL,NULL,NULL,NULL,NULL,'2020-02-22 16:17:47','admin','2020-02-22 16:17:47','admin'),
  (67,10,1,1,3,0,2,1,'','h2','Bei einem Zugriff für Gruppe A werden die Rechte so eingestellt:\r\n\r\n- Zugriff für eingeloggte User\r\n- Muss in einer Gruppe sein\r\n- Gruppe A',NULL,NULL,NULL,NULL,NULL,NULL,'','',NULL,NULL,NULL,NULL,'','','','mb',NULL,NULL,NULL,NULL,NULL,NULL,NULL,NULL,NULL,NULL,NULL,NULL,NULL,NULL,NULL,NULL,NULL,NULL,NULL,NULL,NULL,'',NULL,NULL,NULL,NULL,NULL,NULL,NULL,NULL,NULL,NULL,NULL,NULL,NULL,NULL,NULL,NULL,NULL,NULL,NULL,'2020-02-22 16:18:15','admin','2020-02-22 16:18:15','admin'),
  (68,10,1,1,12,0,3,1,'big-shadow',NULL,NULL,NULL,NULL,NULL,NULL,NULL,NULL,NULL,NULL,NULL,NULL,NULL,NULL,NULL,NULL,NULL,NULL,NULL,'screen_gruppe_a.png',NULL,NULL,NULL,NULL,NULL,NULL,NULL,NULL,NULL,NULL,NULL,NULL,NULL,NULL,NULL,NULL,NULL,NULL,NULL,NULL,NULL,NULL,NULL,NULL,NULL,NULL,NULL,NULL,NULL,NULL,NULL,NULL,NULL,NULL,NULL,NULL,NULL,NULL,NULL,'2020-02-22 16:18:38','admin','2020-02-22 16:18:38','admin'),
  (69,11,1,1,2,0,1,1,'Zugriff für','Gruppe B','h1','','','','',NULL,NULL,NULL,NULL,NULL,NULL,NULL,NULL,NULL,NULL,NULL,NULL,NULL,NULL,NULL,NULL,NULL,NULL,NULL,NULL,NULL,NULL,NULL,NULL,NULL,NULL,NULL,NULL,NULL,NULL,NULL,NULL,NULL,NULL,NULL,NULL,NULL,NULL,NULL,NULL,NULL,NULL,NULL,NULL,NULL,NULL,NULL,NULL,NULL,NULL,NULL,NULL,NULL,'2020-02-22 16:19:53','admin','2020-02-22 16:19:53','admin'),
  (70,11,1,1,3,0,2,1,'','h2','Bei einem Zugriff für Gruppe B werden die Rechte so eingestellt:\r\n\r\n- Zugriff für eingeloggte User\r\n- Muss in einer Gruppe sein\r\n- Gruppe B',NULL,NULL,NULL,NULL,NULL,NULL,'','',NULL,NULL,NULL,NULL,'','','','mb',NULL,NULL,NULL,NULL,NULL,NULL,NULL,NULL,NULL,NULL,NULL,NULL,NULL,NULL,NULL,NULL,NULL,NULL,NULL,NULL,NULL,'',NULL,NULL,NULL,NULL,NULL,NULL,NULL,NULL,NULL,NULL,NULL,NULL,NULL,NULL,NULL,NULL,NULL,NULL,NULL,'2020-02-22 16:20:14','admin','2020-02-22 16:20:14','admin'),
  (71,11,1,1,12,0,3,1,'big-shadow',NULL,NULL,NULL,NULL,NULL,NULL,NULL,NULL,NULL,NULL,NULL,NULL,NULL,NULL,NULL,NULL,NULL,NULL,NULL,'screen_gruppe_b.png',NULL,NULL,NULL,NULL,NULL,NULL,NULL,NULL,NULL,NULL,NULL,NULL,NULL,NULL,NULL,NULL,NULL,NULL,NULL,NULL,NULL,NULL,NULL,NULL,NULL,NULL,NULL,NULL,NULL,NULL,NULL,NULL,NULL,NULL,NULL,NULL,NULL,NULL,NULL,'2020-02-22 16:20:28','admin','2020-02-22 16:20:28','admin'),
  (72,13,1,1,2,0,1,1,'Passwort ändern','','h1','','','','',NULL,NULL,NULL,NULL,NULL,NULL,NULL,NULL,NULL,NULL,NULL,NULL,NULL,NULL,NULL,NULL,NULL,NULL,NULL,NULL,NULL,NULL,NULL,NULL,NULL,NULL,NULL,NULL,NULL,NULL,NULL,NULL,NULL,NULL,NULL,NULL,NULL,NULL,NULL,NULL,NULL,NULL,NULL,NULL,NULL,NULL,NULL,NULL,NULL,NULL,NULL,NULL,NULL,'2020-02-22 16:28:20','admin','2020-02-22 16:28:20','admin'),
  (73,13,1,1,1,0,2,1,'','','objparams|form_class|hide-label\r\n\r\nycom_auth_password|password|#placeholder:Neues Passwort*|Neues Passwort*|\r\npassword|password_2|#placeholder:Passwort wiederholen*|Passwort wiederholen*||no_db\r\n\r\nvalidate|empty|password|Bitte gib ein Passwort ein.\r\nvalidate|compare|password|password_2|!=|Bitte gib zweimal das gleiche Passwort ein\r\n\r\naction|ycom_auth_db','','','<div class=\"alert alert-success alert-with-icon\" data-notify=\"container\">\r\n            <div class=\"container\">\r\n                <div class=\"alert-wrapper\">\r\n                    <button type=\"button\" class=\"close\" data-dismiss=\"alert\" aria-label=\"Schließen\">\r\n                      <span aria-hidden=\"true\">×</span>\r\n                    </button>\r\n                    <i class=\"alert-icon ti-check\"></i>\r\n                    <div class=\"message\">Dein Passwort wurde geändert.</div>\r\n                </div>\r\n            </div>\r\n        </div>','0','',NULL,NULL,'1','',NULL,NULL,NULL,NULL,NULL,NULL,NULL,NULL,NULL,NULL,NULL,NULL,NULL,NULL,NULL,NULL,NULL,NULL,NULL,NULL,NULL,NULL,NULL,NULL,NULL,NULL,NULL,NULL,NULL,NULL,NULL,NULL,NULL,NULL,NULL,NULL,NULL,NULL,NULL,NULL,NULL,NULL,NULL,NULL,NULL,NULL,NULL,NULL,'2020-02-22 16:29:14','admin','2020-02-22 16:29:14','admin');
/*!40000 ALTER TABLE `rex_article_slice` ENABLE KEYS */;
UNLOCK TABLES;

DROP TABLE IF EXISTS `rex_clang`;
CREATE TABLE `rex_clang` (
  `id` int(10) unsigned NOT NULL AUTO_INCREMENT,
  `code` varchar(255) NOT NULL,
  `name` varchar(255) NOT NULL,
  `priority` int(10) unsigned NOT NULL,
  `status` tinyint(1) NOT NULL,
  `revision` int(10) unsigned NOT NULL,
  PRIMARY KEY (`id`)
) ENGINE=InnoDB AUTO_INCREMENT=2 DEFAULT CHARSET=utf8;

LOCK TABLES `rex_clang` WRITE;
/*!40000 ALTER TABLE `rex_clang` DISABLE KEYS */;
INSERT INTO `rex_clang` VALUES 
  (1,'de','deutsch',1,1,0);
/*!40000 ALTER TABLE `rex_clang` ENABLE KEYS */;
UNLOCK TABLES;

DROP TABLE IF EXISTS `rex_config`;
CREATE TABLE `rex_config` (
  `namespace` varchar(75) NOT NULL,
  `key` varchar(255) NOT NULL,
  `value` text NOT NULL,
  PRIMARY KEY (`namespace`,`key`)
) ENGINE=InnoDB DEFAULT CHARSET=utf8;

LOCK TABLES `rex_config` WRITE;
/*!40000 ALTER TABLE `rex_config` DISABLE KEYS */;
INSERT INTO `rex_config` VALUES 
  ('core','package-config','{\"backup\":{\"install\":true,\"status\":true},\"be_style\":{\"install\":true,\"status\":true,\"plugins\":{\"customizer\":{\"install\":false,\"status\":false},\"redaxo\":{\"install\":true,\"status\":true}}},\"cronjob\":{\"install\":false,\"status\":false,\"plugins\":{\"article_status\":{\"install\":false,\"status\":false},\"optimize_tables\":{\"install\":false,\"status\":false}}},\"developer\":{\"install\":true,\"status\":true},\"install\":{\"install\":true,\"status\":true},\"markitup\":{\"install\":true,\"status\":true,\"plugins\":{\"documentation\":{\"install\":false,\"status\":false}}},\"media_manager\":{\"install\":true,\"status\":true},\"mediapool\":{\"install\":true,\"status\":true},\"metainfo\":{\"install\":true,\"status\":true},\"phpmailer\":{\"install\":true,\"status\":true},\"project\":{\"install\":true,\"status\":true},\"structure\":{\"install\":true,\"status\":true,\"plugins\":{\"content\":{\"install\":true,\"status\":true},\"history\":{\"install\":false,\"status\":false},\"version\":{\"install\":false,\"status\":false}}},\"users\":{\"install\":true,\"status\":true},\"ycom\":{\"install\":true,\"status\":true,\"plugins\":{\"auth\":{\"install\":true,\"status\":true},\"docs\":{\"install\":true,\"status\":true},\"group\":{\"install\":true,\"status\":true},\"media_auth\":{\"install\":false,\"status\":false}}},\"yform\":{\"install\":true,\"status\":true,\"plugins\":{\"docs\":{\"install\":true,\"status\":true},\"email\":{\"install\":true,\"status\":true},\"manager\":{\"install\":true,\"status\":true},\"rest\":{\"install\":false,\"status\":false},\"tools\":{\"install\":false,\"status\":false}}},\"yrewrite\":{\"install\":true,\"status\":true}}'),
  ('core','package-order','[\"be_style\",\"be_style\\/redaxo\",\"users\",\"backup\",\"developer\",\"install\",\"markitup\",\"media_manager\",\"mediapool\",\"phpmailer\",\"structure\",\"metainfo\",\"structure\\/content\",\"ycom\",\"ycom\\/auth\",\"ycom\\/docs\",\"ycom\\/group\",\"yform\",\"yform\\/docs\",\"yform\\/email\",\"yform\\/manager\",\"yrewrite\",\"project\"]'),
  ('core','utf8mb4','false'),
  ('core','version','\"5.10.0\"'),
  ('developer','actions','true'),
  ('developer','delete','true'),
  ('developer','dir_suffix','true'),
  ('developer','items','{\"templates\":{\"1\":1582302840,\"2\":1582376110,\"3\":1582321383,\"4\":1582321346,\"5\":1582322175,\"6\":1582303346,\"7\":1,\"8\":1582400011,\"9\":1582376969,\"10\":1},\"modules\":{\"1\":1582303508,\"2\":1,\"3\":1,\"4\":1,\"5\":1,\"6\":1,\"7\":1,\"8\":1,\"9\":1582311637,\"10\":1,\"11\":1,\"12\":1}}'),
  ('developer','modules','true'),
  ('developer','prefix','false'),
  ('developer','rename','true'),
  ('developer','sync_backend','true'),
  ('developer','sync_frontend','true'),
  ('developer','templates','true'),
  ('developer','umlauts','false'),
  ('media_manager','interlace','[\"jpg\"]'),
  ('media_manager','jpg_quality','85'),
  ('media_manager','png_compression','5'),
  ('media_manager','webp_quality','85'),
  ('phpmailer','archive','false'),
  ('phpmailer','bcc','\"\"'),
  ('phpmailer','charset','\"utf-8\"'),
  ('phpmailer','confirmto','\"\"'),
  ('phpmailer','encoding','\"8bit\"'),
  ('phpmailer','errormail','0'),
  ('phpmailer','from','\"noreplay@redaxo.org\"'),
  ('phpmailer','fromname','\"REDAXO Community\"'),
  ('phpmailer','host','\"\"'),
  ('phpmailer','logging','0'),
  ('phpmailer','mailer','\"mail\"'),
  ('phpmailer','password','\"\"'),
  ('phpmailer','port','0'),
  ('phpmailer','priority','0'),
  ('phpmailer','security_mode','false'),
  ('phpmailer','smtpauth','true'),
  ('phpmailer','smtpsecure','\"ssl\"'),
  ('phpmailer','smtp_debug','0'),
  ('phpmailer','test_address','\"\"'),
  ('phpmailer','username','\"\"'),
  ('phpmailer','wordwrap','120'),
  ('structure','notfound_article_id','21'),
  ('structure','start_article_id','1'),
  ('structure/content','default_template_id','1'),
  ('ycom','auth_cookie_ttl','\"14\"'),
  ('ycom','auth_request_ref','\"returnTo\"'),
  ('ycom','login_field','\"email\"'),
  ('ycom/auth','article_id_jump_denied','5'),
  ('ycom/auth','article_id_jump_logout','19'),
  ('ycom/auth','article_id_jump_not_ok','0'),
  ('ycom/auth','article_id_jump_ok','3'),
  ('ycom/auth','article_id_jump_password','13'),
  ('ycom/auth','article_id_jump_termsofuse','0'),
  ('ycom/auth','article_id_login','5'),
  ('ycom/auth','article_id_logout','14'),
  ('ycom/auth','article_id_password','17'),
  ('ycom/auth','article_id_register','15'),
  ('ycom/auth','auth_rule','\"login_try_5_pause\"'),
  ('ycom/auth','login_field','\"email\"'),
  ('yrewrite','yrewrite_hide_url_block','false');
/*!40000 ALTER TABLE `rex_config` ENABLE KEYS */;
UNLOCK TABLES;

DROP TABLE IF EXISTS `rex_markitup_profiles`;
CREATE TABLE `rex_markitup_profiles` (
  `id` int(10) unsigned NOT NULL AUTO_INCREMENT,
  `name` varchar(30) NOT NULL,
  `description` varchar(255) NOT NULL,
  `urltype` varchar(50) NOT NULL,
  `minheight` smallint(5) unsigned NOT NULL,
  `maxheight` smallint(5) unsigned NOT NULL,
  `type` varchar(50) NOT NULL,
  `markitup_buttons` text NOT NULL,
  PRIMARY KEY (`id`)
) ENGINE=InnoDB AUTO_INCREMENT=3 DEFAULT CHARSET=utf8;

LOCK TABLES `rex_markitup_profiles` WRITE;
/*!40000 ALTER TABLE `rex_markitup_profiles` DISABLE KEYS */;
INSERT INTO `rex_markitup_profiles` VALUES 
  (1,'textile_full','Standard MarkItUp-Konfiguration','relative',300,800,'textile','bold,code,clips[Snippetname1=Snippettext1|Snippetname2=Snippettext2],deleted,emaillink,externallink,groupheading[1|2|3|4|5|6],grouplink[file|internal|external|mailto],heading1,heading2,heading3,heading4,heading5,heading6,internallink,italic,media,medialink,orderedlist,paragraph,quote,sub,sup,table,underline,unorderedlist'),
  (2,'markdown_full','Standard MarkItUp-Konfiguration','relative',300,800,'markdown','heading1,heading2,heading3,bold,italic,code,orderedlist,unorderedlist,grouplink[internal|external|mailto]');
/*!40000 ALTER TABLE `rex_markitup_profiles` ENABLE KEYS */;
UNLOCK TABLES;

DROP TABLE IF EXISTS `rex_markitup_snippets`;
CREATE TABLE `rex_markitup_snippets` (
  `id` int(10) unsigned NOT NULL AUTO_INCREMENT,
  `name` varchar(30) NOT NULL,
  `lang` varchar(30) NOT NULL,
  `description` text NOT NULL,
  `content` text NOT NULL,
  PRIMARY KEY (`id`)
) ENGINE=InnoDB DEFAULT CHARSET=utf8;
DROP TABLE IF EXISTS `rex_media`;
CREATE TABLE `rex_media` (
  `id` int(10) unsigned NOT NULL AUTO_INCREMENT,
  `category_id` int(10) unsigned NOT NULL,
  `attributes` text,
  `filetype` varchar(255) DEFAULT NULL,
  `filename` varchar(255) DEFAULT NULL,
  `originalname` varchar(255) DEFAULT NULL,
  `filesize` varchar(255) DEFAULT NULL,
  `width` int(10) unsigned DEFAULT NULL,
  `height` int(10) unsigned DEFAULT NULL,
  `title` varchar(255) DEFAULT NULL,
  `createdate` datetime NOT NULL,
  `revision` int(10) unsigned NOT NULL,
  `createuser` varchar(255) NOT NULL,
  `updatedate` datetime NOT NULL,
  `updateuser` varchar(255) NOT NULL,
  `med_description` text,
  PRIMARY KEY (`id`),
  UNIQUE KEY `filename` (`filename`),
  KEY `category_id` (`category_id`)
) ENGINE=InnoDB AUTO_INCREMENT=31 DEFAULT CHARSET=utf8;

LOCK TABLES `rex_media` WRITE;
/*!40000 ALTER TABLE `rex_media` DISABLE KEYS */;
INSERT INTO `rex_media` VALUES 
  (1,1,NULL,'image/jpeg','welle.jpg','welle.jpg','180881',1520,855,'Welle','2020-02-21 20:04:48',0,'admin','2020-02-21 20:04:48','admin',NULL),
  (2,1,NULL,'image/jpeg','geweih.jpg','geweih.jpg','90297',1272,855,'Geweih','2020-02-21 20:05:06',0,'admin','2020-02-21 20:05:06','admin',NULL),
  (3,1,NULL,'image/jpeg','nebelwald.jpg','nebelwald.jpg','78510',1452,855,'Nebelwald','2020-02-21 20:05:25',0,'admin','2020-02-21 20:05:25','admin',NULL),
  (4,1,NULL,'image/jpeg','steg.jpg','steg.jpg','132743',1291,855,'Steg','2020-02-21 20:05:38',0,'admin','2020-02-21 20:05:38','admin',NULL),
  (5,1,NULL,'image/jpeg','surfen.jpg','surfen.jpg','175656',1140,855,'Surfen','2020-02-21 20:05:54',0,'admin','2020-02-21 20:05:54','admin',NULL),
  (6,1,NULL,'image/jpeg','code.jpg','code.jpg','84207',1283,855,'Code','2020-02-21 20:06:10',0,'admin','2020-02-21 20:06:10','admin',NULL),
  (7,1,NULL,'image/jpeg','himmel.jpg','himmel.jpg','256704',1283,855,'Himmel','2020-02-21 20:06:24',0,'admin','2020-02-21 20:06:24','admin',NULL),
  (8,1,NULL,'image/jpeg','gipfel.jpg','gipfel.jpg','62961',1285,855,'Gipfel','2020-02-21 20:06:38',0,'admin','2020-02-21 20:06:38','admin',NULL),
  (9,1,NULL,'image/jpeg','smartphone.jpg','smartphone.jpg','23090',1600,1067,'Smartphone','2020-02-21 20:06:52',0,'admin','2020-02-21 20:06:52','admin',NULL),
  (10,1,NULL,'image/jpeg','kuss.jpg','kuss.jpg','181133',1700,855,'Kuss','2020-02-21 20:07:15',0,'admin','2020-02-21 20:07:15','admin',NULL),
  (11,1,NULL,'image/jpeg','boot.jpg','boot.jpg','47284',1600,768,'Boot','2020-02-21 20:07:32',0,'admin','2020-02-21 20:07:32','admin',NULL),
  (12,1,NULL,'image/jpeg','haende.jpg','haende.jpg','43052',1600,1066,'Hände','2020-02-21 20:07:46',0,'admin','2020-02-21 20:07:46','admin',NULL),
  (13,1,NULL,'image/jpeg','gruppe_fluss.jpg','gruppe_fluss.jpg','44807',1600,681,'Gruppe am Fluss','2020-02-21 20:08:01',0,'admin','2020-02-21 20:08:01','admin',NULL),
  (14,1,NULL,'image/jpeg','hipster.jpg','hipster.jpg','217308',1600,1067,'Hipster','2020-02-21 20:08:17',0,'admin','2020-02-21 20:08:17','admin',NULL),
  (15,1,NULL,'image/jpeg','mailbox.jpg','mailbox.jpg','86156',1600,1012,'Mailbox','2020-02-21 20:08:33',0,'admin','2020-02-21 20:08:33','admin',NULL),
  (16,2,NULL,'image/png','screen_alle.png','screen_alle.png','32425',840,354,'Alle Gruppen','2020-02-21 20:09:02',0,'admin','2020-02-21 20:09:02','admin',NULL),
  (17,2,NULL,'image/png','screen_gruppe_a.png','screen_gruppe_a.png','31828',827,352,'Gruppe A','2020-02-21 20:09:18',0,'admin','2020-02-21 20:09:18','admin',NULL),
  (18,2,NULL,'image/png','screen_gruppe_b.png','screen_gruppe_b.png','31777',826,353,'Gruppe B','2020-02-21 20:09:32',0,'admin','2020-02-21 20:09:32','admin',NULL),
  (19,2,NULL,'image/jpeg','yform_struktur.jpg','yform_struktur.jpg','184803',1283,883,'Yform Struktur','2020-02-21 20:10:18',0,'admin','2020-02-21 20:10:18','admin',NULL),
  (20,2,NULL,'image/jpeg','yform_beispiel.jpg','yform_beispiel.jpg','89595',760,918,'Yform Beispiel','2020-02-21 20:16:29',0,'admin','2020-02-21 20:16:29','admin',NULL),
  (21,2,NULL,'image/jpeg','yform_values.jpg','yform_values.jpg','131998',758,1012,'Yform Values','2020-02-21 20:16:48',0,'admin','2020-02-21 20:16:48','admin',NULL),
  (22,2,NULL,'image/png','rechte1.png','rechte1.png','32382',836,352,'Rechte Screen 1','2020-02-21 20:17:13',0,'admin','2020-02-21 20:17:13','admin',NULL),
  (23,2,NULL,'image/png','rechte2.png','rechte2.png','53813',836,356,'Rechte Screen 2','2020-02-21 20:17:28',0,'admin','2020-02-21 20:17:28','admin',NULL),
  (24,2,NULL,'image/png','rechte3.png','rechte3.png','45855',834,352,'Rechte Screen 3','2020-02-21 20:17:40',0,'admin','2020-02-21 20:17:40','admin',NULL),
  (25,2,NULL,'image/jpeg','yform_actions.jpg','yform_actions.jpg','151877',866,995,'Yform Actions','2020-02-21 20:18:00',0,'admin','2020-02-21 20:18:00','admin',NULL),
  (26,3,NULL,'image/png','profile_default.png','profile_default.png','2260',80,80,'Default Profilbild','2020-02-22 14:40:54',0,'admin','2020-02-22 14:41:04','admin',''),
  (27,3,NULL,'image/jpeg','peter_bickel.jpg','peter_bickel.jpg','15238',NULL,NULL,NULL,'2020-02-22 16:59:22',0,'yform::mediafile','2020-02-22 16:59:22','yform::mediafile',NULL),
  (28,3,NULL,'image/jpeg','profile_pic1.jpg','profile_pic1.jpg','14058',NULL,NULL,NULL,'2020-02-22 18:57:29',0,'yform::mediafile','2020-02-22 18:57:29','yform::mediafile',NULL),
  (29,3,NULL,'image/jpeg','profile_pic2.jpg','profile_pic2.jpg','10368',NULL,NULL,NULL,'2020-02-22 19:01:56',0,'yform::mediafile','2020-02-22 19:01:56','yform::mediafile',NULL),
  (30,3,NULL,'image/jpeg','profile_pic3.jpg','profile_pic3.jpg','30939',NULL,NULL,NULL,'2020-02-22 19:07:22',0,'yform::mediafile','2020-02-22 19:07:22','yform::mediafile',NULL);
/*!40000 ALTER TABLE `rex_media` ENABLE KEYS */;
UNLOCK TABLES;

DROP TABLE IF EXISTS `rex_media_category`;
CREATE TABLE `rex_media_category` (
  `id` int(10) unsigned NOT NULL AUTO_INCREMENT,
  `name` varchar(255) NOT NULL,
  `parent_id` int(10) unsigned NOT NULL,
  `path` varchar(255) NOT NULL,
  `createdate` datetime NOT NULL,
  `attributes` text,
  `revision` int(10) unsigned NOT NULL,
  `createuser` varchar(255) NOT NULL,
  `updatedate` datetime NOT NULL,
  `updateuser` varchar(255) NOT NULL,
  PRIMARY KEY (`id`),
  KEY `parent_id` (`parent_id`)
) ENGINE=InnoDB AUTO_INCREMENT=4 DEFAULT CHARSET=utf8;

LOCK TABLES `rex_media_category` WRITE;
/*!40000 ALTER TABLE `rex_media_category` DISABLE KEYS */;
INSERT INTO `rex_media_category` VALUES 
  (1,'Header',0,'|','2020-02-21 20:03:11',NULL,0,'admin','2020-02-21 20:03:11','admin'),
  (2,'Screenshots',0,'|','2020-02-21 20:03:16',NULL,0,'admin','2020-02-21 20:03:16','admin'),
  (3,'Profilbilder',0,'|','2020-02-21 20:03:22',NULL,0,'admin','2020-02-21 20:03:22','admin');
/*!40000 ALTER TABLE `rex_media_category` ENABLE KEYS */;
UNLOCK TABLES;

DROP TABLE IF EXISTS `rex_media_manager_type`;
CREATE TABLE `rex_media_manager_type` (
  `id` int(10) unsigned NOT NULL AUTO_INCREMENT,
  `status` int(10) unsigned NOT NULL,
  `name` varchar(255) NOT NULL,
  `description` varchar(255) NOT NULL,
  `createdate` datetime NOT NULL,
  `createuser` varchar(255) NOT NULL,
  `updatedate` datetime NOT NULL,
  `updateuser` varchar(255) NOT NULL,
  PRIMARY KEY (`id`),
  UNIQUE KEY `name` (`name`)
) ENGINE=InnoDB AUTO_INCREMENT=12 DEFAULT CHARSET=utf8;

LOCK TABLES `rex_media_manager_type` WRITE;
/*!40000 ALTER TABLE `rex_media_manager_type` DISABLE KEYS */;
INSERT INTO `rex_media_manager_type` VALUES 
  (1,1,'rex_mediapool_detail','Zur Darstellung von Bildern in der Detailansicht im Medienpool','2020-03-18 22:30:12','admin','2020-03-18 22:30:12','admin'),
  (2,1,'rex_mediapool_maximized','Zur Darstellung von Bildern im Medienpool wenn maximiert','2020-03-18 22:30:12','admin','2020-03-18 22:30:12','admin'),
  (3,1,'rex_mediapool_preview','Zur Darstellung der Vorschaubilder im Medienpool','2020-03-18 22:30:12','admin','2020-03-18 22:30:12','admin'),
  (4,1,'rex_mediabutton_preview','Zur Darstellung der Vorschaubilder in REX_MEDIA_BUTTON[]s','2020-03-18 22:30:12','admin','2020-03-18 22:30:12','admin'),
  (5,1,'rex_medialistbutton_preview','Zur Darstellung der Vorschaubilder in REX_MEDIALIST_BUTTON[]s','2020-03-18 22:30:12','admin','2020-03-18 22:30:12','admin'),
  (6,0,'thumb','720 * 540','2020-02-22 09:51:26','admin','2020-02-22 11:39:41','admin'),
  (7,0,'seperator','2000 * 550','2020-02-22 11:38:01','admin','2020-02-22 11:39:27','admin'),
  (8,0,'profile','40 * 40','2020-02-22 11:41:21','admin','2020-02-22 11:42:02','admin'),
  (9,0,'header','1050 * 855','2020-02-22 11:42:21','admin','2020-02-22 11:43:19','admin'),
  (10,0,'blur','750 * 428','2020-02-22 11:43:48','admin','2020-02-22 11:45:05','admin'),
  (11,0,'big','max. 1000 * 800','2020-02-22 11:45:35','admin','2020-02-22 11:45:53','admin');
/*!40000 ALTER TABLE `rex_media_manager_type` ENABLE KEYS */;
UNLOCK TABLES;

DROP TABLE IF EXISTS `rex_media_manager_type_effect`;
CREATE TABLE `rex_media_manager_type_effect` (
  `id` int(10) unsigned NOT NULL AUTO_INCREMENT,
  `type_id` int(10) unsigned NOT NULL,
  `effect` varchar(255) NOT NULL,
  `parameters` text NOT NULL,
  `priority` int(10) unsigned NOT NULL,
  `createdate` datetime NOT NULL,
  `createuser` varchar(255) NOT NULL,
  `updatedate` datetime NOT NULL,
  `updateuser` varchar(255) NOT NULL,
  PRIMARY KEY (`id`)
) ENGINE=InnoDB AUTO_INCREMENT=23 DEFAULT CHARSET=utf8;

LOCK TABLES `rex_media_manager_type_effect` WRITE;
/*!40000 ALTER TABLE `rex_media_manager_type_effect` DISABLE KEYS */;
INSERT INTO `rex_media_manager_type_effect` VALUES 
  (1,1,'resize','{\"rex_effect_crop\":{\"rex_effect_crop_width\":\"\",\"rex_effect_crop_height\":\"\",\"rex_effect_crop_offset_width\":\"\",\"rex_effect_crop_offset_height\":\"\",\"rex_effect_crop_hpos\":\"center\",\"rex_effect_crop_vpos\":\"middle\"},\"rex_effect_filter_blur\":{\"rex_effect_filter_blur_amount\":\"80\",\"rex_effect_filter_blur_radius\":\"8\",\"rex_effect_filter_blur_threshold\":\"3\"},\"rex_effect_filter_sharpen\":{\"rex_effect_filter_sharpen_amount\":\"80\",\"rex_effect_filter_sharpen_radius\":\"0.5\",\"rex_effect_filter_sharpen_threshold\":\"3\"},\"rex_effect_flip\":{\"rex_effect_flip_flip\":\"X\"},\"rex_effect_header\":{\"rex_effect_header_download\":\"open_media\",\"rex_effect_header_cache\":\"no_cache\"},\"rex_effect_insert_image\":{\"rex_effect_insert_image_brandimage\":\"\",\"rex_effect_insert_image_hpos\":\"left\",\"rex_effect_insert_image_vpos\":\"top\",\"rex_effect_insert_image_padding_x\":\"-10\",\"rex_effect_insert_image_padding_y\":\"-10\"},\"rex_effect_mediapath\":{\"rex_effect_mediapath_mediapath\":\"\"},\"rex_effect_mirror\":{\"rex_effect_mirror_height\":\"\",\"rex_effect_mirror_set_transparent\":\"colored\",\"rex_effect_mirror_bg_r\":\"\",\"rex_effect_mirror_bg_g\":\"\",\"rex_effect_mirror_bg_b\":\"\"},\"rex_effect_resize\":{\"rex_effect_resize_width\":\"200\",\"rex_effect_resize_height\":\"200\",\"rex_effect_resize_style\":\"maximum\",\"rex_effect_resize_allow_enlarge\":\"not_enlarge\"},\"rex_effect_workspace\":{\"rex_effect_workspace_width\":\"\",\"rex_effect_workspace_height\":\"\",\"rex_effect_workspace_hpos\":\"left\",\"rex_effect_workspace_vpos\":\"top\",\"rex_effect_workspace_set_transparent\":\"colored\",\"rex_effect_workspace_bg_r\":\"\",\"rex_effect_workspace_bg_g\":\"\",\"rex_effect_workspace_bg_b\":\"\"}}',1,'2020-03-18 22:30:12','admin','2020-03-18 22:30:12','admin'),
  (2,2,'resize','{\"rex_effect_crop\":{\"rex_effect_crop_width\":\"\",\"rex_effect_crop_height\":\"\",\"rex_effect_crop_offset_width\":\"\",\"rex_effect_crop_offset_height\":\"\",\"rex_effect_crop_hpos\":\"center\",\"rex_effect_crop_vpos\":\"middle\"},\"rex_effect_filter_blur\":{\"rex_effect_filter_blur_amount\":\"80\",\"rex_effect_filter_blur_radius\":\"8\",\"rex_effect_filter_blur_threshold\":\"3\"},\"rex_effect_filter_sharpen\":{\"rex_effect_filter_sharpen_amount\":\"80\",\"rex_effect_filter_sharpen_radius\":\"0.5\",\"rex_effect_filter_sharpen_threshold\":\"3\"},\"rex_effect_flip\":{\"rex_effect_flip_flip\":\"X\"},\"rex_effect_header\":{\"rex_effect_header_download\":\"open_media\",\"rex_effect_header_cache\":\"no_cache\"},\"rex_effect_insert_image\":{\"rex_effect_insert_image_brandimage\":\"\",\"rex_effect_insert_image_hpos\":\"left\",\"rex_effect_insert_image_vpos\":\"top\",\"rex_effect_insert_image_padding_x\":\"-10\",\"rex_effect_insert_image_padding_y\":\"-10\"},\"rex_effect_mediapath\":{\"rex_effect_mediapath_mediapath\":\"\"},\"rex_effect_mirror\":{\"rex_effect_mirror_height\":\"\",\"rex_effect_mirror_set_transparent\":\"colored\",\"rex_effect_mirror_bg_r\":\"\",\"rex_effect_mirror_bg_g\":\"\",\"rex_effect_mirror_bg_b\":\"\"},\"rex_effect_resize\":{\"rex_effect_resize_width\":\"600\",\"rex_effect_resize_height\":\"600\",\"rex_effect_resize_style\":\"maximum\",\"rex_effect_resize_allow_enlarge\":\"not_enlarge\"},\"rex_effect_workspace\":{\"rex_effect_workspace_width\":\"\",\"rex_effect_workspace_height\":\"\",\"rex_effect_workspace_hpos\":\"left\",\"rex_effect_workspace_vpos\":\"top\",\"rex_effect_workspace_set_transparent\":\"colored\",\"rex_effect_workspace_bg_r\":\"\",\"rex_effect_workspace_bg_g\":\"\",\"rex_effect_workspace_bg_b\":\"\"}}',1,'2020-03-18 22:30:12','admin','2020-03-18 22:30:12','admin'),
  (3,3,'resize','{\"rex_effect_crop\":{\"rex_effect_crop_width\":\"\",\"rex_effect_crop_height\":\"\",\"rex_effect_crop_offset_width\":\"\",\"rex_effect_crop_offset_height\":\"\",\"rex_effect_crop_hpos\":\"center\",\"rex_effect_crop_vpos\":\"middle\"},\"rex_effect_filter_blur\":{\"rex_effect_filter_blur_amount\":\"80\",\"rex_effect_filter_blur_radius\":\"8\",\"rex_effect_filter_blur_threshold\":\"3\"},\"rex_effect_filter_sharpen\":{\"rex_effect_filter_sharpen_amount\":\"80\",\"rex_effect_filter_sharpen_radius\":\"0.5\",\"rex_effect_filter_sharpen_threshold\":\"3\"},\"rex_effect_flip\":{\"rex_effect_flip_flip\":\"X\"},\"rex_effect_header\":{\"rex_effect_header_download\":\"open_media\",\"rex_effect_header_cache\":\"no_cache\"},\"rex_effect_insert_image\":{\"rex_effect_insert_image_brandimage\":\"\",\"rex_effect_insert_image_hpos\":\"left\",\"rex_effect_insert_image_vpos\":\"top\",\"rex_effect_insert_image_padding_x\":\"-10\",\"rex_effect_insert_image_padding_y\":\"-10\"},\"rex_effect_mediapath\":{\"rex_effect_mediapath_mediapath\":\"\"},\"rex_effect_mirror\":{\"rex_effect_mirror_height\":\"\",\"rex_effect_mirror_set_transparent\":\"colored\",\"rex_effect_mirror_bg_r\":\"\",\"rex_effect_mirror_bg_g\":\"\",\"rex_effect_mirror_bg_b\":\"\"},\"rex_effect_resize\":{\"rex_effect_resize_width\":\"80\",\"rex_effect_resize_height\":\"80\",\"rex_effect_resize_style\":\"maximum\",\"rex_effect_resize_allow_enlarge\":\"not_enlarge\"},\"rex_effect_workspace\":{\"rex_effect_workspace_width\":\"\",\"rex_effect_workspace_height\":\"\",\"rex_effect_workspace_hpos\":\"left\",\"rex_effect_workspace_vpos\":\"top\",\"rex_effect_workspace_set_transparent\":\"colored\",\"rex_effect_workspace_bg_r\":\"\",\"rex_effect_workspace_bg_g\":\"\",\"rex_effect_workspace_bg_b\":\"\"}}',1,'2020-03-18 22:30:12','admin','2020-03-18 22:30:12','admin'),
  (4,4,'resize','{\"rex_effect_crop\":{\"rex_effect_crop_width\":\"\",\"rex_effect_crop_height\":\"\",\"rex_effect_crop_offset_width\":\"\",\"rex_effect_crop_offset_height\":\"\",\"rex_effect_crop_hpos\":\"center\",\"rex_effect_crop_vpos\":\"middle\"},\"rex_effect_filter_blur\":{\"rex_effect_filter_blur_amount\":\"80\",\"rex_effect_filter_blur_radius\":\"8\",\"rex_effect_filter_blur_threshold\":\"3\"},\"rex_effect_filter_sharpen\":{\"rex_effect_filter_sharpen_amount\":\"80\",\"rex_effect_filter_sharpen_radius\":\"0.5\",\"rex_effect_filter_sharpen_threshold\":\"3\"},\"rex_effect_flip\":{\"rex_effect_flip_flip\":\"X\"},\"rex_effect_header\":{\"rex_effect_header_download\":\"open_media\",\"rex_effect_header_cache\":\"no_cache\"},\"rex_effect_insert_image\":{\"rex_effect_insert_image_brandimage\":\"\",\"rex_effect_insert_image_hpos\":\"left\",\"rex_effect_insert_image_vpos\":\"top\",\"rex_effect_insert_image_padding_x\":\"-10\",\"rex_effect_insert_image_padding_y\":\"-10\"},\"rex_effect_mediapath\":{\"rex_effect_mediapath_mediapath\":\"\"},\"rex_effect_mirror\":{\"rex_effect_mirror_height\":\"\",\"rex_effect_mirror_set_transparent\":\"colored\",\"rex_effect_mirror_bg_r\":\"\",\"rex_effect_mirror_bg_g\":\"\",\"rex_effect_mirror_bg_b\":\"\"},\"rex_effect_resize\":{\"rex_effect_resize_width\":\"246\",\"rex_effect_resize_height\":\"246\",\"rex_effect_resize_style\":\"maximum\",\"rex_effect_resize_allow_enlarge\":\"not_enlarge\"},\"rex_effect_workspace\":{\"rex_effect_workspace_width\":\"\",\"rex_effect_workspace_height\":\"\",\"rex_effect_workspace_hpos\":\"left\",\"rex_effect_workspace_vpos\":\"top\",\"rex_effect_workspace_set_transparent\":\"colored\",\"rex_effect_workspace_bg_r\":\"\",\"rex_effect_workspace_bg_g\":\"\",\"rex_effect_workspace_bg_b\":\"\"}}',1,'2020-03-18 22:30:12','admin','2020-03-18 22:30:12','admin'),
  (5,5,'resize','{\"rex_effect_crop\":{\"rex_effect_crop_width\":\"\",\"rex_effect_crop_height\":\"\",\"rex_effect_crop_offset_width\":\"\",\"rex_effect_crop_offset_height\":\"\",\"rex_effect_crop_hpos\":\"center\",\"rex_effect_crop_vpos\":\"middle\"},\"rex_effect_filter_blur\":{\"rex_effect_filter_blur_amount\":\"80\",\"rex_effect_filter_blur_radius\":\"8\",\"rex_effect_filter_blur_threshold\":\"3\"},\"rex_effect_filter_sharpen\":{\"rex_effect_filter_sharpen_amount\":\"80\",\"rex_effect_filter_sharpen_radius\":\"0.5\",\"rex_effect_filter_sharpen_threshold\":\"3\"},\"rex_effect_flip\":{\"rex_effect_flip_flip\":\"X\"},\"rex_effect_header\":{\"rex_effect_header_download\":\"open_media\",\"rex_effect_header_cache\":\"no_cache\"},\"rex_effect_insert_image\":{\"rex_effect_insert_image_brandimage\":\"\",\"rex_effect_insert_image_hpos\":\"left\",\"rex_effect_insert_image_vpos\":\"top\",\"rex_effect_insert_image_padding_x\":\"-10\",\"rex_effect_insert_image_padding_y\":\"-10\"},\"rex_effect_mediapath\":{\"rex_effect_mediapath_mediapath\":\"\"},\"rex_effect_mirror\":{\"rex_effect_mirror_height\":\"\",\"rex_effect_mirror_set_transparent\":\"colored\",\"rex_effect_mirror_bg_r\":\"\",\"rex_effect_mirror_bg_g\":\"\",\"rex_effect_mirror_bg_b\":\"\"},\"rex_effect_resize\":{\"rex_effect_resize_width\":\"246\",\"rex_effect_resize_height\":\"246\",\"rex_effect_resize_style\":\"maximum\",\"rex_effect_resize_allow_enlarge\":\"not_enlarge\"},\"rex_effect_workspace\":{\"rex_effect_workspace_width\":\"\",\"rex_effect_workspace_height\":\"\",\"rex_effect_workspace_hpos\":\"left\",\"rex_effect_workspace_vpos\":\"top\",\"rex_effect_workspace_set_transparent\":\"colored\",\"rex_effect_workspace_bg_r\":\"\",\"rex_effect_workspace_bg_g\":\"\",\"rex_effect_workspace_bg_b\":\"\"}}',1,'2020-03-18 22:30:12','admin','2020-03-18 22:30:12','admin'),
  (6,6,'resize','{\"rex_effect_rounded_corners\":{\"rex_effect_rounded_corners_topleft\":\"\",\"rex_effect_rounded_corners_topright\":\"\",\"rex_effect_rounded_corners_bottomleft\":\"\",\"rex_effect_rounded_corners_bottomright\":\"\"},\"rex_effect_workspace\":{\"rex_effect_workspace_width\":\"\",\"rex_effect_workspace_height\":\"\",\"rex_effect_workspace_hpos\":\"left\",\"rex_effect_workspace_vpos\":\"top\",\"rex_effect_workspace_set_transparent\":\"colored\",\"rex_effect_workspace_bg_r\":\"\",\"rex_effect_workspace_bg_g\":\"\",\"rex_effect_workspace_bg_b\":\"\"},\"rex_effect_crop\":{\"rex_effect_crop_width\":\"\",\"rex_effect_crop_height\":\"\",\"rex_effect_crop_offset_width\":\"\",\"rex_effect_crop_offset_height\":\"\",\"rex_effect_crop_hpos\":\"center\",\"rex_effect_crop_vpos\":\"middle\"},\"rex_effect_insert_image\":{\"rex_effect_insert_image_brandimage\":\"\",\"rex_effect_insert_image_hpos\":\"left\",\"rex_effect_insert_image_vpos\":\"top\",\"rex_effect_insert_image_padding_x\":\"-10\",\"rex_effect_insert_image_padding_y\":\"-10\"},\"rex_effect_rotate\":{\"rex_effect_rotate_rotate\":\"0\"},\"rex_effect_filter_colorize\":{\"rex_effect_filter_colorize_filter_r\":\"\",\"rex_effect_filter_colorize_filter_g\":\"\",\"rex_effect_filter_colorize_filter_b\":\"\"},\"rex_effect_image_properties\":{\"rex_effect_image_properties_jpg_quality\":\"\",\"rex_effect_image_properties_png_compression\":\"\",\"rex_effect_image_properties_webp_quality\":\"\",\"rex_effect_image_properties_interlace\":null},\"rex_effect_filter_brightness\":{\"rex_effect_filter_brightness_brightness\":\"\"},\"rex_effect_flip\":{\"rex_effect_flip_flip\":\"X\"},\"rex_effect_filter_contrast\":{\"rex_effect_filter_contrast_contrast\":\"\"},\"rex_effect_filter_sharpen\":{\"rex_effect_filter_sharpen_amount\":\"80\",\"rex_effect_filter_sharpen_radius\":\"0.5\",\"rex_effect_filter_sharpen_threshold\":\"3\"},\"rex_effect_resize\":{\"rex_effect_resize_width\":\"720\",\"rex_effect_resize_height\":\"540\",\"rex_effect_resize_style\":\"minimum\",\"rex_effect_resize_allow_enlarge\":\"enlarge\"},\"rex_effect_filter_blur\":{\"rex_effect_filter_blur_repeats\":\"10\",\"rex_effect_filter_blur_type\":\"gaussian\",\"rex_effect_filter_blur_smoothit\":\"\"},\"rex_effect_mirror\":{\"rex_effect_mirror_height\":\"\",\"rex_effect_mirror_set_transparent\":\"colored\",\"rex_effect_mirror_bg_r\":\"\",\"rex_effect_mirror_bg_g\":\"\",\"rex_effect_mirror_bg_b\":\"\"},\"rex_effect_header\":{\"rex_effect_header_download\":\"open_media\",\"rex_effect_header_cache\":\"no_cache\",\"rex_effect_header_filename\":\"filename\"},\"rex_effect_convert2img\":{\"rex_effect_convert2img_convert_to\":\"jpg\",\"rex_effect_convert2img_density\":\"150\"},\"rex_effect_mediapath\":{\"rex_effect_mediapath_mediapath\":\"\"}}',1,'2020-02-22 11:26:58','admin','2020-02-22 11:39:41','admin'),
  (7,6,'crop','{\"rex_effect_rounded_corners\":{\"rex_effect_rounded_corners_topleft\":\"\",\"rex_effect_rounded_corners_topright\":\"\",\"rex_effect_rounded_corners_bottomleft\":\"\",\"rex_effect_rounded_corners_bottomright\":\"\"},\"rex_effect_workspace\":{\"rex_effect_workspace_width\":\"\",\"rex_effect_workspace_height\":\"\",\"rex_effect_workspace_hpos\":\"left\",\"rex_effect_workspace_vpos\":\"top\",\"rex_effect_workspace_set_transparent\":\"colored\",\"rex_effect_workspace_bg_r\":\"\",\"rex_effect_workspace_bg_g\":\"\",\"rex_effect_workspace_bg_b\":\"\"},\"rex_effect_crop\":{\"rex_effect_crop_width\":\"720\",\"rex_effect_crop_height\":\"540\",\"rex_effect_crop_offset_width\":\"\",\"rex_effect_crop_offset_height\":\"\",\"rex_effect_crop_hpos\":\"center\",\"rex_effect_crop_vpos\":\"middle\"},\"rex_effect_insert_image\":{\"rex_effect_insert_image_brandimage\":\"\",\"rex_effect_insert_image_hpos\":\"left\",\"rex_effect_insert_image_vpos\":\"top\",\"rex_effect_insert_image_padding_x\":\"-10\",\"rex_effect_insert_image_padding_y\":\"-10\"},\"rex_effect_rotate\":{\"rex_effect_rotate_rotate\":\"0\"},\"rex_effect_filter_colorize\":{\"rex_effect_filter_colorize_filter_r\":\"\",\"rex_effect_filter_colorize_filter_g\":\"\",\"rex_effect_filter_colorize_filter_b\":\"\"},\"rex_effect_image_properties\":{\"rex_effect_image_properties_jpg_quality\":\"\",\"rex_effect_image_properties_png_compression\":\"\",\"rex_effect_image_properties_webp_quality\":\"\",\"rex_effect_image_properties_interlace\":null},\"rex_effect_filter_brightness\":{\"rex_effect_filter_brightness_brightness\":\"\"},\"rex_effect_flip\":{\"rex_effect_flip_flip\":\"X\"},\"rex_effect_filter_contrast\":{\"rex_effect_filter_contrast_contrast\":\"\"},\"rex_effect_filter_sharpen\":{\"rex_effect_filter_sharpen_amount\":\"80\",\"rex_effect_filter_sharpen_radius\":\"0.5\",\"rex_effect_filter_sharpen_threshold\":\"3\"},\"rex_effect_resize\":{\"rex_effect_resize_width\":\"\",\"rex_effect_resize_height\":\"\",\"rex_effect_resize_style\":\"maximum\",\"rex_effect_resize_allow_enlarge\":\"enlarge\"},\"rex_effect_filter_blur\":{\"rex_effect_filter_blur_repeats\":\"10\",\"rex_effect_filter_blur_type\":\"gaussian\",\"rex_effect_filter_blur_smoothit\":\"\"},\"rex_effect_mirror\":{\"rex_effect_mirror_height\":\"\",\"rex_effect_mirror_set_transparent\":\"colored\",\"rex_effect_mirror_bg_r\":\"\",\"rex_effect_mirror_bg_g\":\"\",\"rex_effect_mirror_bg_b\":\"\"},\"rex_effect_header\":{\"rex_effect_header_download\":\"open_media\",\"rex_effect_header_cache\":\"no_cache\",\"rex_effect_header_filename\":\"filename\"},\"rex_effect_convert2img\":{\"rex_effect_convert2img_convert_to\":\"jpg\",\"rex_effect_convert2img_density\":\"150\"},\"rex_effect_mediapath\":{\"rex_effect_mediapath_mediapath\":\"\"}}',2,'2020-02-22 11:37:24','admin','2020-02-22 11:37:24','admin'),
  (8,6,'filter_sharpen','{\"rex_effect_rounded_corners\":{\"rex_effect_rounded_corners_topleft\":\"\",\"rex_effect_rounded_corners_topright\":\"\",\"rex_effect_rounded_corners_bottomleft\":\"\",\"rex_effect_rounded_corners_bottomright\":\"\"},\"rex_effect_workspace\":{\"rex_effect_workspace_width\":\"\",\"rex_effect_workspace_height\":\"\",\"rex_effect_workspace_hpos\":\"left\",\"rex_effect_workspace_vpos\":\"top\",\"rex_effect_workspace_set_transparent\":\"colored\",\"rex_effect_workspace_bg_r\":\"\",\"rex_effect_workspace_bg_g\":\"\",\"rex_effect_workspace_bg_b\":\"\"},\"rex_effect_crop\":{\"rex_effect_crop_width\":\"\",\"rex_effect_crop_height\":\"\",\"rex_effect_crop_offset_width\":\"\",\"rex_effect_crop_offset_height\":\"\",\"rex_effect_crop_hpos\":\"center\",\"rex_effect_crop_vpos\":\"middle\"},\"rex_effect_insert_image\":{\"rex_effect_insert_image_brandimage\":\"\",\"rex_effect_insert_image_hpos\":\"left\",\"rex_effect_insert_image_vpos\":\"top\",\"rex_effect_insert_image_padding_x\":\"-10\",\"rex_effect_insert_image_padding_y\":\"-10\"},\"rex_effect_rotate\":{\"rex_effect_rotate_rotate\":\"0\"},\"rex_effect_filter_colorize\":{\"rex_effect_filter_colorize_filter_r\":\"\",\"rex_effect_filter_colorize_filter_g\":\"\",\"rex_effect_filter_colorize_filter_b\":\"\"},\"rex_effect_image_properties\":{\"rex_effect_image_properties_jpg_quality\":\"\",\"rex_effect_image_properties_png_compression\":\"\",\"rex_effect_image_properties_webp_quality\":\"\",\"rex_effect_image_properties_interlace\":null},\"rex_effect_filter_brightness\":{\"rex_effect_filter_brightness_brightness\":\"\"},\"rex_effect_flip\":{\"rex_effect_flip_flip\":\"X\"},\"rex_effect_filter_contrast\":{\"rex_effect_filter_contrast_contrast\":\"\"},\"rex_effect_filter_sharpen\":{\"rex_effect_filter_sharpen_amount\":\"60\",\"rex_effect_filter_sharpen_radius\":\"0.5\",\"rex_effect_filter_sharpen_threshold\":\"3\"},\"rex_effect_resize\":{\"rex_effect_resize_width\":\"\",\"rex_effect_resize_height\":\"\",\"rex_effect_resize_style\":\"maximum\",\"rex_effect_resize_allow_enlarge\":\"enlarge\"},\"rex_effect_filter_blur\":{\"rex_effect_filter_blur_repeats\":\"10\",\"rex_effect_filter_blur_type\":\"gaussian\",\"rex_effect_filter_blur_smoothit\":\"\"},\"rex_effect_mirror\":{\"rex_effect_mirror_height\":\"\",\"rex_effect_mirror_set_transparent\":\"colored\",\"rex_effect_mirror_bg_r\":\"\",\"rex_effect_mirror_bg_g\":\"\",\"rex_effect_mirror_bg_b\":\"\"},\"rex_effect_header\":{\"rex_effect_header_download\":\"open_media\",\"rex_effect_header_cache\":\"no_cache\",\"rex_effect_header_filename\":\"filename\"},\"rex_effect_convert2img\":{\"rex_effect_convert2img_convert_to\":\"jpg\",\"rex_effect_convert2img_density\":\"150\"},\"rex_effect_mediapath\":{\"rex_effect_mediapath_mediapath\":\"\"}}',3,'2020-02-22 11:37:36','admin','2020-02-22 11:37:36','admin'),
  (9,7,'resize','{\"rex_effect_rounded_corners\":{\"rex_effect_rounded_corners_topleft\":\"\",\"rex_effect_rounded_corners_topright\":\"\",\"rex_effect_rounded_corners_bottomleft\":\"\",\"rex_effect_rounded_corners_bottomright\":\"\"},\"rex_effect_workspace\":{\"rex_effect_workspace_width\":\"\",\"rex_effect_workspace_height\":\"\",\"rex_effect_workspace_hpos\":\"left\",\"rex_effect_workspace_vpos\":\"top\",\"rex_effect_workspace_set_transparent\":\"colored\",\"rex_effect_workspace_bg_r\":\"\",\"rex_effect_workspace_bg_g\":\"\",\"rex_effect_workspace_bg_b\":\"\"},\"rex_effect_crop\":{\"rex_effect_crop_width\":\"\",\"rex_effect_crop_height\":\"\",\"rex_effect_crop_offset_width\":\"\",\"rex_effect_crop_offset_height\":\"\",\"rex_effect_crop_hpos\":\"center\",\"rex_effect_crop_vpos\":\"middle\"},\"rex_effect_insert_image\":{\"rex_effect_insert_image_brandimage\":\"\",\"rex_effect_insert_image_hpos\":\"left\",\"rex_effect_insert_image_vpos\":\"top\",\"rex_effect_insert_image_padding_x\":\"-10\",\"rex_effect_insert_image_padding_y\":\"-10\"},\"rex_effect_rotate\":{\"rex_effect_rotate_rotate\":\"0\"},\"rex_effect_filter_colorize\":{\"rex_effect_filter_colorize_filter_r\":\"\",\"rex_effect_filter_colorize_filter_g\":\"\",\"rex_effect_filter_colorize_filter_b\":\"\"},\"rex_effect_image_properties\":{\"rex_effect_image_properties_jpg_quality\":\"\",\"rex_effect_image_properties_png_compression\":\"\",\"rex_effect_image_properties_webp_quality\":\"\",\"rex_effect_image_properties_interlace\":null},\"rex_effect_filter_brightness\":{\"rex_effect_filter_brightness_brightness\":\"\"},\"rex_effect_flip\":{\"rex_effect_flip_flip\":\"X\"},\"rex_effect_filter_contrast\":{\"rex_effect_filter_contrast_contrast\":\"\"},\"rex_effect_filter_sharpen\":{\"rex_effect_filter_sharpen_amount\":\"80\",\"rex_effect_filter_sharpen_radius\":\"0.5\",\"rex_effect_filter_sharpen_threshold\":\"3\"},\"rex_effect_resize\":{\"rex_effect_resize_width\":\"2000\",\"rex_effect_resize_height\":\"550\",\"rex_effect_resize_style\":\"minimum\",\"rex_effect_resize_allow_enlarge\":\"enlarge\"},\"rex_effect_filter_blur\":{\"rex_effect_filter_blur_repeats\":\"10\",\"rex_effect_filter_blur_type\":\"gaussian\",\"rex_effect_filter_blur_smoothit\":\"\"},\"rex_effect_mirror\":{\"rex_effect_mirror_height\":\"\",\"rex_effect_mirror_set_transparent\":\"colored\",\"rex_effect_mirror_bg_r\":\"\",\"rex_effect_mirror_bg_g\":\"\",\"rex_effect_mirror_bg_b\":\"\"},\"rex_effect_header\":{\"rex_effect_header_download\":\"open_media\",\"rex_effect_header_cache\":\"no_cache\",\"rex_effect_header_filename\":\"filename\"},\"rex_effect_convert2img\":{\"rex_effect_convert2img_convert_to\":\"jpg\",\"rex_effect_convert2img_density\":\"150\"},\"rex_effect_mediapath\":{\"rex_effect_mediapath_mediapath\":\"\"}}',1,'2020-02-22 11:39:06','admin','2020-02-22 11:39:06','admin'),
  (10,7,'crop','{\"rex_effect_rounded_corners\":{\"rex_effect_rounded_corners_topleft\":\"\",\"rex_effect_rounded_corners_topright\":\"\",\"rex_effect_rounded_corners_bottomleft\":\"\",\"rex_effect_rounded_corners_bottomright\":\"\"},\"rex_effect_workspace\":{\"rex_effect_workspace_width\":\"\",\"rex_effect_workspace_height\":\"\",\"rex_effect_workspace_hpos\":\"left\",\"rex_effect_workspace_vpos\":\"top\",\"rex_effect_workspace_set_transparent\":\"colored\",\"rex_effect_workspace_bg_r\":\"\",\"rex_effect_workspace_bg_g\":\"\",\"rex_effect_workspace_bg_b\":\"\"},\"rex_effect_crop\":{\"rex_effect_crop_width\":\"2000\",\"rex_effect_crop_height\":\"550\",\"rex_effect_crop_offset_width\":\"\",\"rex_effect_crop_offset_height\":\"\",\"rex_effect_crop_hpos\":\"center\",\"rex_effect_crop_vpos\":\"middle\"},\"rex_effect_insert_image\":{\"rex_effect_insert_image_brandimage\":\"\",\"rex_effect_insert_image_hpos\":\"left\",\"rex_effect_insert_image_vpos\":\"top\",\"rex_effect_insert_image_padding_x\":\"-10\",\"rex_effect_insert_image_padding_y\":\"-10\"},\"rex_effect_rotate\":{\"rex_effect_rotate_rotate\":\"0\"},\"rex_effect_filter_colorize\":{\"rex_effect_filter_colorize_filter_r\":\"\",\"rex_effect_filter_colorize_filter_g\":\"\",\"rex_effect_filter_colorize_filter_b\":\"\"},\"rex_effect_image_properties\":{\"rex_effect_image_properties_jpg_quality\":\"\",\"rex_effect_image_properties_png_compression\":\"\",\"rex_effect_image_properties_webp_quality\":\"\",\"rex_effect_image_properties_interlace\":null},\"rex_effect_filter_brightness\":{\"rex_effect_filter_brightness_brightness\":\"\"},\"rex_effect_flip\":{\"rex_effect_flip_flip\":\"X\"},\"rex_effect_filter_contrast\":{\"rex_effect_filter_contrast_contrast\":\"\"},\"rex_effect_filter_sharpen\":{\"rex_effect_filter_sharpen_amount\":\"80\",\"rex_effect_filter_sharpen_radius\":\"0.5\",\"rex_effect_filter_sharpen_threshold\":\"3\"},\"rex_effect_resize\":{\"rex_effect_resize_width\":\"\",\"rex_effect_resize_height\":\"\",\"rex_effect_resize_style\":\"maximum\",\"rex_effect_resize_allow_enlarge\":\"enlarge\"},\"rex_effect_filter_blur\":{\"rex_effect_filter_blur_repeats\":\"10\",\"rex_effect_filter_blur_type\":\"gaussian\",\"rex_effect_filter_blur_smoothit\":\"\"},\"rex_effect_mirror\":{\"rex_effect_mirror_height\":\"\",\"rex_effect_mirror_set_transparent\":\"colored\",\"rex_effect_mirror_bg_r\":\"\",\"rex_effect_mirror_bg_g\":\"\",\"rex_effect_mirror_bg_b\":\"\"},\"rex_effect_header\":{\"rex_effect_header_download\":\"open_media\",\"rex_effect_header_cache\":\"no_cache\",\"rex_effect_header_filename\":\"filename\"},\"rex_effect_convert2img\":{\"rex_effect_convert2img_convert_to\":\"jpg\",\"rex_effect_convert2img_density\":\"150\"},\"rex_effect_mediapath\":{\"rex_effect_mediapath_mediapath\":\"\"}}',2,'2020-02-22 11:39:17','admin','2020-02-22 11:39:17','admin'),
  (11,7,'filter_sharpen','{\"rex_effect_rounded_corners\":{\"rex_effect_rounded_corners_topleft\":\"\",\"rex_effect_rounded_corners_topright\":\"\",\"rex_effect_rounded_corners_bottomleft\":\"\",\"rex_effect_rounded_corners_bottomright\":\"\"},\"rex_effect_workspace\":{\"rex_effect_workspace_width\":\"\",\"rex_effect_workspace_height\":\"\",\"rex_effect_workspace_hpos\":\"left\",\"rex_effect_workspace_vpos\":\"top\",\"rex_effect_workspace_set_transparent\":\"colored\",\"rex_effect_workspace_bg_r\":\"\",\"rex_effect_workspace_bg_g\":\"\",\"rex_effect_workspace_bg_b\":\"\"},\"rex_effect_crop\":{\"rex_effect_crop_width\":\"\",\"rex_effect_crop_height\":\"\",\"rex_effect_crop_offset_width\":\"\",\"rex_effect_crop_offset_height\":\"\",\"rex_effect_crop_hpos\":\"center\",\"rex_effect_crop_vpos\":\"middle\"},\"rex_effect_insert_image\":{\"rex_effect_insert_image_brandimage\":\"\",\"rex_effect_insert_image_hpos\":\"left\",\"rex_effect_insert_image_vpos\":\"top\",\"rex_effect_insert_image_padding_x\":\"-10\",\"rex_effect_insert_image_padding_y\":\"-10\"},\"rex_effect_rotate\":{\"rex_effect_rotate_rotate\":\"0\"},\"rex_effect_filter_colorize\":{\"rex_effect_filter_colorize_filter_r\":\"\",\"rex_effect_filter_colorize_filter_g\":\"\",\"rex_effect_filter_colorize_filter_b\":\"\"},\"rex_effect_image_properties\":{\"rex_effect_image_properties_jpg_quality\":\"\",\"rex_effect_image_properties_png_compression\":\"\",\"rex_effect_image_properties_webp_quality\":\"\",\"rex_effect_image_properties_interlace\":null},\"rex_effect_filter_brightness\":{\"rex_effect_filter_brightness_brightness\":\"\"},\"rex_effect_flip\":{\"rex_effect_flip_flip\":\"X\"},\"rex_effect_filter_contrast\":{\"rex_effect_filter_contrast_contrast\":\"\"},\"rex_effect_filter_sharpen\":{\"rex_effect_filter_sharpen_amount\":\"60\",\"rex_effect_filter_sharpen_radius\":\"0.5\",\"rex_effect_filter_sharpen_threshold\":\"3\"},\"rex_effect_resize\":{\"rex_effect_resize_width\":\"\",\"rex_effect_resize_height\":\"\",\"rex_effect_resize_style\":\"maximum\",\"rex_effect_resize_allow_enlarge\":\"enlarge\"},\"rex_effect_filter_blur\":{\"rex_effect_filter_blur_repeats\":\"10\",\"rex_effect_filter_blur_type\":\"gaussian\",\"rex_effect_filter_blur_smoothit\":\"\"},\"rex_effect_mirror\":{\"rex_effect_mirror_height\":\"\",\"rex_effect_mirror_set_transparent\":\"colored\",\"rex_effect_mirror_bg_r\":\"\",\"rex_effect_mirror_bg_g\":\"\",\"rex_effect_mirror_bg_b\":\"\"},\"rex_effect_header\":{\"rex_effect_header_download\":\"open_media\",\"rex_effect_header_cache\":\"no_cache\",\"rex_effect_header_filename\":\"filename\"},\"rex_effect_convert2img\":{\"rex_effect_convert2img_convert_to\":\"jpg\",\"rex_effect_convert2img_density\":\"150\"},\"rex_effect_mediapath\":{\"rex_effect_mediapath_mediapath\":\"\"}}',3,'2020-02-22 11:39:27','admin','2020-02-22 11:39:27','admin'),
  (12,8,'resize','{\"rex_effect_rounded_corners\":{\"rex_effect_rounded_corners_topleft\":\"\",\"rex_effect_rounded_corners_topright\":\"\",\"rex_effect_rounded_corners_bottomleft\":\"\",\"rex_effect_rounded_corners_bottomright\":\"\"},\"rex_effect_workspace\":{\"rex_effect_workspace_width\":\"\",\"rex_effect_workspace_height\":\"\",\"rex_effect_workspace_hpos\":\"left\",\"rex_effect_workspace_vpos\":\"top\",\"rex_effect_workspace_set_transparent\":\"colored\",\"rex_effect_workspace_bg_r\":\"\",\"rex_effect_workspace_bg_g\":\"\",\"rex_effect_workspace_bg_b\":\"\"},\"rex_effect_crop\":{\"rex_effect_crop_width\":\"\",\"rex_effect_crop_height\":\"\",\"rex_effect_crop_offset_width\":\"\",\"rex_effect_crop_offset_height\":\"\",\"rex_effect_crop_hpos\":\"center\",\"rex_effect_crop_vpos\":\"middle\"},\"rex_effect_insert_image\":{\"rex_effect_insert_image_brandimage\":\"\",\"rex_effect_insert_image_hpos\":\"left\",\"rex_effect_insert_image_vpos\":\"top\",\"rex_effect_insert_image_padding_x\":\"-10\",\"rex_effect_insert_image_padding_y\":\"-10\"},\"rex_effect_rotate\":{\"rex_effect_rotate_rotate\":\"0\"},\"rex_effect_filter_colorize\":{\"rex_effect_filter_colorize_filter_r\":\"\",\"rex_effect_filter_colorize_filter_g\":\"\",\"rex_effect_filter_colorize_filter_b\":\"\"},\"rex_effect_image_properties\":{\"rex_effect_image_properties_jpg_quality\":\"\",\"rex_effect_image_properties_png_compression\":\"\",\"rex_effect_image_properties_webp_quality\":\"\",\"rex_effect_image_properties_interlace\":null},\"rex_effect_filter_brightness\":{\"rex_effect_filter_brightness_brightness\":\"\"},\"rex_effect_flip\":{\"rex_effect_flip_flip\":\"X\"},\"rex_effect_filter_contrast\":{\"rex_effect_filter_contrast_contrast\":\"\"},\"rex_effect_filter_sharpen\":{\"rex_effect_filter_sharpen_amount\":\"80\",\"rex_effect_filter_sharpen_radius\":\"0.5\",\"rex_effect_filter_sharpen_threshold\":\"3\"},\"rex_effect_resize\":{\"rex_effect_resize_width\":\"40\",\"rex_effect_resize_height\":\"40\",\"rex_effect_resize_style\":\"minimum\",\"rex_effect_resize_allow_enlarge\":\"enlarge\"},\"rex_effect_filter_blur\":{\"rex_effect_filter_blur_repeats\":\"10\",\"rex_effect_filter_blur_type\":\"gaussian\",\"rex_effect_filter_blur_smoothit\":\"\"},\"rex_effect_mirror\":{\"rex_effect_mirror_height\":\"\",\"rex_effect_mirror_set_transparent\":\"colored\",\"rex_effect_mirror_bg_r\":\"\",\"rex_effect_mirror_bg_g\":\"\",\"rex_effect_mirror_bg_b\":\"\"},\"rex_effect_header\":{\"rex_effect_header_download\":\"open_media\",\"rex_effect_header_cache\":\"no_cache\",\"rex_effect_header_filename\":\"filename\"},\"rex_effect_convert2img\":{\"rex_effect_convert2img_convert_to\":\"jpg\",\"rex_effect_convert2img_density\":\"150\"},\"rex_effect_mediapath\":{\"rex_effect_mediapath_mediapath\":\"\"}}',1,'2020-02-22 11:41:39','admin','2020-02-22 11:41:39','admin'),
  (13,8,'crop','{\"rex_effect_rounded_corners\":{\"rex_effect_rounded_corners_topleft\":\"\",\"rex_effect_rounded_corners_topright\":\"\",\"rex_effect_rounded_corners_bottomleft\":\"\",\"rex_effect_rounded_corners_bottomright\":\"\"},\"rex_effect_workspace\":{\"rex_effect_workspace_width\":\"\",\"rex_effect_workspace_height\":\"\",\"rex_effect_workspace_hpos\":\"left\",\"rex_effect_workspace_vpos\":\"top\",\"rex_effect_workspace_set_transparent\":\"colored\",\"rex_effect_workspace_bg_r\":\"\",\"rex_effect_workspace_bg_g\":\"\",\"rex_effect_workspace_bg_b\":\"\"},\"rex_effect_crop\":{\"rex_effect_crop_width\":\"40\",\"rex_effect_crop_height\":\"40\",\"rex_effect_crop_offset_width\":\"\",\"rex_effect_crop_offset_height\":\"\",\"rex_effect_crop_hpos\":\"center\",\"rex_effect_crop_vpos\":\"middle\"},\"rex_effect_insert_image\":{\"rex_effect_insert_image_brandimage\":\"\",\"rex_effect_insert_image_hpos\":\"left\",\"rex_effect_insert_image_vpos\":\"top\",\"rex_effect_insert_image_padding_x\":\"-10\",\"rex_effect_insert_image_padding_y\":\"-10\"},\"rex_effect_rotate\":{\"rex_effect_rotate_rotate\":\"0\"},\"rex_effect_filter_colorize\":{\"rex_effect_filter_colorize_filter_r\":\"\",\"rex_effect_filter_colorize_filter_g\":\"\",\"rex_effect_filter_colorize_filter_b\":\"\"},\"rex_effect_image_properties\":{\"rex_effect_image_properties_jpg_quality\":\"\",\"rex_effect_image_properties_png_compression\":\"\",\"rex_effect_image_properties_webp_quality\":\"\",\"rex_effect_image_properties_interlace\":null},\"rex_effect_filter_brightness\":{\"rex_effect_filter_brightness_brightness\":\"\"},\"rex_effect_flip\":{\"rex_effect_flip_flip\":\"X\"},\"rex_effect_filter_contrast\":{\"rex_effect_filter_contrast_contrast\":\"\"},\"rex_effect_filter_sharpen\":{\"rex_effect_filter_sharpen_amount\":\"80\",\"rex_effect_filter_sharpen_radius\":\"0.5\",\"rex_effect_filter_sharpen_threshold\":\"3\"},\"rex_effect_resize\":{\"rex_effect_resize_width\":\"\",\"rex_effect_resize_height\":\"\",\"rex_effect_resize_style\":\"maximum\",\"rex_effect_resize_allow_enlarge\":\"enlarge\"},\"rex_effect_filter_blur\":{\"rex_effect_filter_blur_repeats\":\"10\",\"rex_effect_filter_blur_type\":\"gaussian\",\"rex_effect_filter_blur_smoothit\":\"\"},\"rex_effect_mirror\":{\"rex_effect_mirror_height\":\"\",\"rex_effect_mirror_set_transparent\":\"colored\",\"rex_effect_mirror_bg_r\":\"\",\"rex_effect_mirror_bg_g\":\"\",\"rex_effect_mirror_bg_b\":\"\"},\"rex_effect_header\":{\"rex_effect_header_download\":\"open_media\",\"rex_effect_header_cache\":\"no_cache\",\"rex_effect_header_filename\":\"filename\"},\"rex_effect_convert2img\":{\"rex_effect_convert2img_convert_to\":\"jpg\",\"rex_effect_convert2img_density\":\"150\"},\"rex_effect_mediapath\":{\"rex_effect_mediapath_mediapath\":\"\"}}',2,'2020-02-22 11:41:52','admin','2020-02-22 11:41:52','admin'),
  (14,8,'filter_sharpen','{\"rex_effect_rounded_corners\":{\"rex_effect_rounded_corners_topleft\":\"\",\"rex_effect_rounded_corners_topright\":\"\",\"rex_effect_rounded_corners_bottomleft\":\"\",\"rex_effect_rounded_corners_bottomright\":\"\"},\"rex_effect_workspace\":{\"rex_effect_workspace_width\":\"\",\"rex_effect_workspace_height\":\"\",\"rex_effect_workspace_hpos\":\"left\",\"rex_effect_workspace_vpos\":\"top\",\"rex_effect_workspace_set_transparent\":\"colored\",\"rex_effect_workspace_bg_r\":\"\",\"rex_effect_workspace_bg_g\":\"\",\"rex_effect_workspace_bg_b\":\"\"},\"rex_effect_crop\":{\"rex_effect_crop_width\":\"\",\"rex_effect_crop_height\":\"\",\"rex_effect_crop_offset_width\":\"\",\"rex_effect_crop_offset_height\":\"\",\"rex_effect_crop_hpos\":\"center\",\"rex_effect_crop_vpos\":\"middle\"},\"rex_effect_insert_image\":{\"rex_effect_insert_image_brandimage\":\"\",\"rex_effect_insert_image_hpos\":\"left\",\"rex_effect_insert_image_vpos\":\"top\",\"rex_effect_insert_image_padding_x\":\"-10\",\"rex_effect_insert_image_padding_y\":\"-10\"},\"rex_effect_rotate\":{\"rex_effect_rotate_rotate\":\"0\"},\"rex_effect_filter_colorize\":{\"rex_effect_filter_colorize_filter_r\":\"\",\"rex_effect_filter_colorize_filter_g\":\"\",\"rex_effect_filter_colorize_filter_b\":\"\"},\"rex_effect_image_properties\":{\"rex_effect_image_properties_jpg_quality\":\"\",\"rex_effect_image_properties_png_compression\":\"\",\"rex_effect_image_properties_webp_quality\":\"\",\"rex_effect_image_properties_interlace\":null},\"rex_effect_filter_brightness\":{\"rex_effect_filter_brightness_brightness\":\"\"},\"rex_effect_flip\":{\"rex_effect_flip_flip\":\"X\"},\"rex_effect_filter_contrast\":{\"rex_effect_filter_contrast_contrast\":\"\"},\"rex_effect_filter_sharpen\":{\"rex_effect_filter_sharpen_amount\":\"60\",\"rex_effect_filter_sharpen_radius\":\"0.5\",\"rex_effect_filter_sharpen_threshold\":\"3\"},\"rex_effect_resize\":{\"rex_effect_resize_width\":\"\",\"rex_effect_resize_height\":\"\",\"rex_effect_resize_style\":\"maximum\",\"rex_effect_resize_allow_enlarge\":\"enlarge\"},\"rex_effect_filter_blur\":{\"rex_effect_filter_blur_repeats\":\"10\",\"rex_effect_filter_blur_type\":\"gaussian\",\"rex_effect_filter_blur_smoothit\":\"\"},\"rex_effect_mirror\":{\"rex_effect_mirror_height\":\"\",\"rex_effect_mirror_set_transparent\":\"colored\",\"rex_effect_mirror_bg_r\":\"\",\"rex_effect_mirror_bg_g\":\"\",\"rex_effect_mirror_bg_b\":\"\"},\"rex_effect_header\":{\"rex_effect_header_download\":\"open_media\",\"rex_effect_header_cache\":\"no_cache\",\"rex_effect_header_filename\":\"filename\"},\"rex_effect_convert2img\":{\"rex_effect_convert2img_convert_to\":\"jpg\",\"rex_effect_convert2img_density\":\"150\"},\"rex_effect_mediapath\":{\"rex_effect_mediapath_mediapath\":\"\"}}',3,'2020-02-22 11:42:02','admin','2020-02-22 11:42:02','admin'),
  (15,9,'resize','{\"rex_effect_rounded_corners\":{\"rex_effect_rounded_corners_topleft\":\"\",\"rex_effect_rounded_corners_topright\":\"\",\"rex_effect_rounded_corners_bottomleft\":\"\",\"rex_effect_rounded_corners_bottomright\":\"\"},\"rex_effect_workspace\":{\"rex_effect_workspace_width\":\"\",\"rex_effect_workspace_height\":\"\",\"rex_effect_workspace_hpos\":\"left\",\"rex_effect_workspace_vpos\":\"top\",\"rex_effect_workspace_set_transparent\":\"colored\",\"rex_effect_workspace_bg_r\":\"\",\"rex_effect_workspace_bg_g\":\"\",\"rex_effect_workspace_bg_b\":\"\"},\"rex_effect_crop\":{\"rex_effect_crop_width\":\"\",\"rex_effect_crop_height\":\"\",\"rex_effect_crop_offset_width\":\"\",\"rex_effect_crop_offset_height\":\"\",\"rex_effect_crop_hpos\":\"center\",\"rex_effect_crop_vpos\":\"middle\"},\"rex_effect_insert_image\":{\"rex_effect_insert_image_brandimage\":\"\",\"rex_effect_insert_image_hpos\":\"left\",\"rex_effect_insert_image_vpos\":\"top\",\"rex_effect_insert_image_padding_x\":\"-10\",\"rex_effect_insert_image_padding_y\":\"-10\"},\"rex_effect_rotate\":{\"rex_effect_rotate_rotate\":\"0\"},\"rex_effect_filter_colorize\":{\"rex_effect_filter_colorize_filter_r\":\"\",\"rex_effect_filter_colorize_filter_g\":\"\",\"rex_effect_filter_colorize_filter_b\":\"\"},\"rex_effect_image_properties\":{\"rex_effect_image_properties_jpg_quality\":\"\",\"rex_effect_image_properties_png_compression\":\"\",\"rex_effect_image_properties_webp_quality\":\"\",\"rex_effect_image_properties_interlace\":null},\"rex_effect_filter_brightness\":{\"rex_effect_filter_brightness_brightness\":\"\"},\"rex_effect_flip\":{\"rex_effect_flip_flip\":\"X\"},\"rex_effect_filter_contrast\":{\"rex_effect_filter_contrast_contrast\":\"\"},\"rex_effect_filter_sharpen\":{\"rex_effect_filter_sharpen_amount\":\"80\",\"rex_effect_filter_sharpen_radius\":\"0.5\",\"rex_effect_filter_sharpen_threshold\":\"3\"},\"rex_effect_resize\":{\"rex_effect_resize_width\":\"1050\",\"rex_effect_resize_height\":\"855\",\"rex_effect_resize_style\":\"minimum\",\"rex_effect_resize_allow_enlarge\":\"enlarge\"},\"rex_effect_filter_blur\":{\"rex_effect_filter_blur_repeats\":\"10\",\"rex_effect_filter_blur_type\":\"gaussian\",\"rex_effect_filter_blur_smoothit\":\"\"},\"rex_effect_mirror\":{\"rex_effect_mirror_height\":\"\",\"rex_effect_mirror_set_transparent\":\"colored\",\"rex_effect_mirror_bg_r\":\"\",\"rex_effect_mirror_bg_g\":\"\",\"rex_effect_mirror_bg_b\":\"\"},\"rex_effect_header\":{\"rex_effect_header_download\":\"open_media\",\"rex_effect_header_cache\":\"no_cache\",\"rex_effect_header_filename\":\"filename\"},\"rex_effect_convert2img\":{\"rex_effect_convert2img_convert_to\":\"jpg\",\"rex_effect_convert2img_density\":\"150\"},\"rex_effect_mediapath\":{\"rex_effect_mediapath_mediapath\":\"\"}}',1,'2020-02-22 11:42:49','admin','2020-02-22 11:42:49','admin'),
  (16,9,'crop','{\"rex_effect_rounded_corners\":{\"rex_effect_rounded_corners_topleft\":\"\",\"rex_effect_rounded_corners_topright\":\"\",\"rex_effect_rounded_corners_bottomleft\":\"\",\"rex_effect_rounded_corners_bottomright\":\"\"},\"rex_effect_workspace\":{\"rex_effect_workspace_width\":\"\",\"rex_effect_workspace_height\":\"\",\"rex_effect_workspace_hpos\":\"left\",\"rex_effect_workspace_vpos\":\"top\",\"rex_effect_workspace_set_transparent\":\"colored\",\"rex_effect_workspace_bg_r\":\"\",\"rex_effect_workspace_bg_g\":\"\",\"rex_effect_workspace_bg_b\":\"\"},\"rex_effect_crop\":{\"rex_effect_crop_width\":\"1050\",\"rex_effect_crop_height\":\"855\",\"rex_effect_crop_offset_width\":\"\",\"rex_effect_crop_offset_height\":\"\",\"rex_effect_crop_hpos\":\"center\",\"rex_effect_crop_vpos\":\"middle\"},\"rex_effect_insert_image\":{\"rex_effect_insert_image_brandimage\":\"\",\"rex_effect_insert_image_hpos\":\"left\",\"rex_effect_insert_image_vpos\":\"top\",\"rex_effect_insert_image_padding_x\":\"-10\",\"rex_effect_insert_image_padding_y\":\"-10\"},\"rex_effect_rotate\":{\"rex_effect_rotate_rotate\":\"0\"},\"rex_effect_filter_colorize\":{\"rex_effect_filter_colorize_filter_r\":\"\",\"rex_effect_filter_colorize_filter_g\":\"\",\"rex_effect_filter_colorize_filter_b\":\"\"},\"rex_effect_image_properties\":{\"rex_effect_image_properties_jpg_quality\":\"\",\"rex_effect_image_properties_png_compression\":\"\",\"rex_effect_image_properties_webp_quality\":\"\",\"rex_effect_image_properties_interlace\":null},\"rex_effect_filter_brightness\":{\"rex_effect_filter_brightness_brightness\":\"\"},\"rex_effect_flip\":{\"rex_effect_flip_flip\":\"X\"},\"rex_effect_filter_contrast\":{\"rex_effect_filter_contrast_contrast\":\"\"},\"rex_effect_filter_sharpen\":{\"rex_effect_filter_sharpen_amount\":\"80\",\"rex_effect_filter_sharpen_radius\":\"0.5\",\"rex_effect_filter_sharpen_threshold\":\"3\"},\"rex_effect_resize\":{\"rex_effect_resize_width\":\"\",\"rex_effect_resize_height\":\"\",\"rex_effect_resize_style\":\"maximum\",\"rex_effect_resize_allow_enlarge\":\"enlarge\"},\"rex_effect_filter_blur\":{\"rex_effect_filter_blur_repeats\":\"10\",\"rex_effect_filter_blur_type\":\"gaussian\",\"rex_effect_filter_blur_smoothit\":\"\"},\"rex_effect_mirror\":{\"rex_effect_mirror_height\":\"\",\"rex_effect_mirror_set_transparent\":\"colored\",\"rex_effect_mirror_bg_r\":\"\",\"rex_effect_mirror_bg_g\":\"\",\"rex_effect_mirror_bg_b\":\"\"},\"rex_effect_header\":{\"rex_effect_header_download\":\"open_media\",\"rex_effect_header_cache\":\"no_cache\",\"rex_effect_header_filename\":\"filename\"},\"rex_effect_convert2img\":{\"rex_effect_convert2img_convert_to\":\"jpg\",\"rex_effect_convert2img_density\":\"150\"},\"rex_effect_mediapath\":{\"rex_effect_mediapath_mediapath\":\"\"}}',2,'2020-02-22 11:43:05','admin','2020-02-22 11:43:05','admin'),
  (17,9,'filter_sharpen','{\"rex_effect_rounded_corners\":{\"rex_effect_rounded_corners_topleft\":\"\",\"rex_effect_rounded_corners_topright\":\"\",\"rex_effect_rounded_corners_bottomleft\":\"\",\"rex_effect_rounded_corners_bottomright\":\"\"},\"rex_effect_workspace\":{\"rex_effect_workspace_width\":\"\",\"rex_effect_workspace_height\":\"\",\"rex_effect_workspace_hpos\":\"left\",\"rex_effect_workspace_vpos\":\"top\",\"rex_effect_workspace_set_transparent\":\"colored\",\"rex_effect_workspace_bg_r\":\"\",\"rex_effect_workspace_bg_g\":\"\",\"rex_effect_workspace_bg_b\":\"\"},\"rex_effect_crop\":{\"rex_effect_crop_width\":\"\",\"rex_effect_crop_height\":\"\",\"rex_effect_crop_offset_width\":\"\",\"rex_effect_crop_offset_height\":\"\",\"rex_effect_crop_hpos\":\"center\",\"rex_effect_crop_vpos\":\"middle\"},\"rex_effect_insert_image\":{\"rex_effect_insert_image_brandimage\":\"\",\"rex_effect_insert_image_hpos\":\"left\",\"rex_effect_insert_image_vpos\":\"top\",\"rex_effect_insert_image_padding_x\":\"-10\",\"rex_effect_insert_image_padding_y\":\"-10\"},\"rex_effect_rotate\":{\"rex_effect_rotate_rotate\":\"0\"},\"rex_effect_filter_colorize\":{\"rex_effect_filter_colorize_filter_r\":\"\",\"rex_effect_filter_colorize_filter_g\":\"\",\"rex_effect_filter_colorize_filter_b\":\"\"},\"rex_effect_image_properties\":{\"rex_effect_image_properties_jpg_quality\":\"\",\"rex_effect_image_properties_png_compression\":\"\",\"rex_effect_image_properties_webp_quality\":\"\",\"rex_effect_image_properties_interlace\":null},\"rex_effect_filter_brightness\":{\"rex_effect_filter_brightness_brightness\":\"\"},\"rex_effect_flip\":{\"rex_effect_flip_flip\":\"X\"},\"rex_effect_filter_contrast\":{\"rex_effect_filter_contrast_contrast\":\"\"},\"rex_effect_filter_sharpen\":{\"rex_effect_filter_sharpen_amount\":\"60\",\"rex_effect_filter_sharpen_radius\":\"0.5\",\"rex_effect_filter_sharpen_threshold\":\"3\"},\"rex_effect_resize\":{\"rex_effect_resize_width\":\"\",\"rex_effect_resize_height\":\"\",\"rex_effect_resize_style\":\"maximum\",\"rex_effect_resize_allow_enlarge\":\"enlarge\"},\"rex_effect_filter_blur\":{\"rex_effect_filter_blur_repeats\":\"10\",\"rex_effect_filter_blur_type\":\"gaussian\",\"rex_effect_filter_blur_smoothit\":\"\"},\"rex_effect_mirror\":{\"rex_effect_mirror_height\":\"\",\"rex_effect_mirror_set_transparent\":\"colored\",\"rex_effect_mirror_bg_r\":\"\",\"rex_effect_mirror_bg_g\":\"\",\"rex_effect_mirror_bg_b\":\"\"},\"rex_effect_header\":{\"rex_effect_header_download\":\"open_media\",\"rex_effect_header_cache\":\"no_cache\",\"rex_effect_header_filename\":\"filename\"},\"rex_effect_convert2img\":{\"rex_effect_convert2img_convert_to\":\"jpg\",\"rex_effect_convert2img_density\":\"150\"},\"rex_effect_mediapath\":{\"rex_effect_mediapath_mediapath\":\"\"}}',3,'2020-02-22 11:43:19','admin','2020-02-22 11:43:19','admin'),
  (18,10,'resize','{\"rex_effect_rounded_corners\":{\"rex_effect_rounded_corners_topleft\":\"\",\"rex_effect_rounded_corners_topright\":\"\",\"rex_effect_rounded_corners_bottomleft\":\"\",\"rex_effect_rounded_corners_bottomright\":\"\"},\"rex_effect_workspace\":{\"rex_effect_workspace_width\":\"\",\"rex_effect_workspace_height\":\"\",\"rex_effect_workspace_hpos\":\"left\",\"rex_effect_workspace_vpos\":\"top\",\"rex_effect_workspace_set_transparent\":\"colored\",\"rex_effect_workspace_bg_r\":\"\",\"rex_effect_workspace_bg_g\":\"\",\"rex_effect_workspace_bg_b\":\"\"},\"rex_effect_crop\":{\"rex_effect_crop_width\":\"\",\"rex_effect_crop_height\":\"\",\"rex_effect_crop_offset_width\":\"\",\"rex_effect_crop_offset_height\":\"\",\"rex_effect_crop_hpos\":\"center\",\"rex_effect_crop_vpos\":\"middle\"},\"rex_effect_insert_image\":{\"rex_effect_insert_image_brandimage\":\"\",\"rex_effect_insert_image_hpos\":\"left\",\"rex_effect_insert_image_vpos\":\"top\",\"rex_effect_insert_image_padding_x\":\"-10\",\"rex_effect_insert_image_padding_y\":\"-10\"},\"rex_effect_rotate\":{\"rex_effect_rotate_rotate\":\"0\"},\"rex_effect_filter_colorize\":{\"rex_effect_filter_colorize_filter_r\":\"\",\"rex_effect_filter_colorize_filter_g\":\"\",\"rex_effect_filter_colorize_filter_b\":\"\"},\"rex_effect_image_properties\":{\"rex_effect_image_properties_jpg_quality\":\"\",\"rex_effect_image_properties_png_compression\":\"\",\"rex_effect_image_properties_webp_quality\":\"\",\"rex_effect_image_properties_interlace\":null},\"rex_effect_filter_brightness\":{\"rex_effect_filter_brightness_brightness\":\"\"},\"rex_effect_flip\":{\"rex_effect_flip_flip\":\"X\"},\"rex_effect_filter_contrast\":{\"rex_effect_filter_contrast_contrast\":\"\"},\"rex_effect_filter_sharpen\":{\"rex_effect_filter_sharpen_amount\":\"80\",\"rex_effect_filter_sharpen_radius\":\"0.5\",\"rex_effect_filter_sharpen_threshold\":\"3\"},\"rex_effect_resize\":{\"rex_effect_resize_width\":\"750\",\"rex_effect_resize_height\":\"428\",\"rex_effect_resize_style\":\"minimum\",\"rex_effect_resize_allow_enlarge\":\"enlarge\"},\"rex_effect_filter_blur\":{\"rex_effect_filter_blur_repeats\":\"10\",\"rex_effect_filter_blur_type\":\"gaussian\",\"rex_effect_filter_blur_smoothit\":\"\"},\"rex_effect_mirror\":{\"rex_effect_mirror_height\":\"\",\"rex_effect_mirror_set_transparent\":\"colored\",\"rex_effect_mirror_bg_r\":\"\",\"rex_effect_mirror_bg_g\":\"\",\"rex_effect_mirror_bg_b\":\"\"},\"rex_effect_header\":{\"rex_effect_header_download\":\"open_media\",\"rex_effect_header_cache\":\"no_cache\",\"rex_effect_header_filename\":\"filename\"},\"rex_effect_convert2img\":{\"rex_effect_convert2img_convert_to\":\"jpg\",\"rex_effect_convert2img_density\":\"150\"},\"rex_effect_mediapath\":{\"rex_effect_mediapath_mediapath\":\"\"}}',1,'2020-02-22 11:44:13','admin','2020-02-22 11:44:13','admin'),
  (19,10,'crop','{\"rex_effect_rounded_corners\":{\"rex_effect_rounded_corners_topleft\":\"\",\"rex_effect_rounded_corners_topright\":\"\",\"rex_effect_rounded_corners_bottomleft\":\"\",\"rex_effect_rounded_corners_bottomright\":\"\"},\"rex_effect_workspace\":{\"rex_effect_workspace_width\":\"\",\"rex_effect_workspace_height\":\"\",\"rex_effect_workspace_hpos\":\"left\",\"rex_effect_workspace_vpos\":\"top\",\"rex_effect_workspace_set_transparent\":\"colored\",\"rex_effect_workspace_bg_r\":\"\",\"rex_effect_workspace_bg_g\":\"\",\"rex_effect_workspace_bg_b\":\"\"},\"rex_effect_crop\":{\"rex_effect_crop_width\":\"750\",\"rex_effect_crop_height\":\"428\",\"rex_effect_crop_offset_width\":\"\",\"rex_effect_crop_offset_height\":\"\",\"rex_effect_crop_hpos\":\"center\",\"rex_effect_crop_vpos\":\"middle\"},\"rex_effect_insert_image\":{\"rex_effect_insert_image_brandimage\":\"\",\"rex_effect_insert_image_hpos\":\"left\",\"rex_effect_insert_image_vpos\":\"top\",\"rex_effect_insert_image_padding_x\":\"-10\",\"rex_effect_insert_image_padding_y\":\"-10\"},\"rex_effect_rotate\":{\"rex_effect_rotate_rotate\":\"0\"},\"rex_effect_filter_colorize\":{\"rex_effect_filter_colorize_filter_r\":\"\",\"rex_effect_filter_colorize_filter_g\":\"\",\"rex_effect_filter_colorize_filter_b\":\"\"},\"rex_effect_image_properties\":{\"rex_effect_image_properties_jpg_quality\":\"\",\"rex_effect_image_properties_png_compression\":\"\",\"rex_effect_image_properties_webp_quality\":\"\",\"rex_effect_image_properties_interlace\":null},\"rex_effect_filter_brightness\":{\"rex_effect_filter_brightness_brightness\":\"\"},\"rex_effect_flip\":{\"rex_effect_flip_flip\":\"X\"},\"rex_effect_filter_contrast\":{\"rex_effect_filter_contrast_contrast\":\"\"},\"rex_effect_filter_sharpen\":{\"rex_effect_filter_sharpen_amount\":\"80\",\"rex_effect_filter_sharpen_radius\":\"0.5\",\"rex_effect_filter_sharpen_threshold\":\"3\"},\"rex_effect_resize\":{\"rex_effect_resize_width\":\"\",\"rex_effect_resize_height\":\"\",\"rex_effect_resize_style\":\"maximum\",\"rex_effect_resize_allow_enlarge\":\"enlarge\"},\"rex_effect_filter_blur\":{\"rex_effect_filter_blur_repeats\":\"10\",\"rex_effect_filter_blur_type\":\"gaussian\",\"rex_effect_filter_blur_smoothit\":\"\"},\"rex_effect_mirror\":{\"rex_effect_mirror_height\":\"\",\"rex_effect_mirror_set_transparent\":\"colored\",\"rex_effect_mirror_bg_r\":\"\",\"rex_effect_mirror_bg_g\":\"\",\"rex_effect_mirror_bg_b\":\"\"},\"rex_effect_header\":{\"rex_effect_header_download\":\"open_media\",\"rex_effect_header_cache\":\"no_cache\",\"rex_effect_header_filename\":\"filename\"},\"rex_effect_convert2img\":{\"rex_effect_convert2img_convert_to\":\"jpg\",\"rex_effect_convert2img_density\":\"150\"},\"rex_effect_mediapath\":{\"rex_effect_mediapath_mediapath\":\"\"}}',2,'2020-02-22 11:44:27','admin','2020-02-22 11:44:27','admin'),
  (20,10,'filter_greyscale','{\"rex_effect_rounded_corners\":{\"rex_effect_rounded_corners_topleft\":\"\",\"rex_effect_rounded_corners_topright\":\"\",\"rex_effect_rounded_corners_bottomleft\":\"\",\"rex_effect_rounded_corners_bottomright\":\"\"},\"rex_effect_workspace\":{\"rex_effect_workspace_width\":\"\",\"rex_effect_workspace_height\":\"\",\"rex_effect_workspace_hpos\":\"left\",\"rex_effect_workspace_vpos\":\"top\",\"rex_effect_workspace_set_transparent\":\"colored\",\"rex_effect_workspace_bg_r\":\"\",\"rex_effect_workspace_bg_g\":\"\",\"rex_effect_workspace_bg_b\":\"\"},\"rex_effect_crop\":{\"rex_effect_crop_width\":\"\",\"rex_effect_crop_height\":\"\",\"rex_effect_crop_offset_width\":\"\",\"rex_effect_crop_offset_height\":\"\",\"rex_effect_crop_hpos\":\"center\",\"rex_effect_crop_vpos\":\"middle\"},\"rex_effect_insert_image\":{\"rex_effect_insert_image_brandimage\":\"\",\"rex_effect_insert_image_hpos\":\"left\",\"rex_effect_insert_image_vpos\":\"top\",\"rex_effect_insert_image_padding_x\":\"-10\",\"rex_effect_insert_image_padding_y\":\"-10\"},\"rex_effect_rotate\":{\"rex_effect_rotate_rotate\":\"0\"},\"rex_effect_filter_colorize\":{\"rex_effect_filter_colorize_filter_r\":\"\",\"rex_effect_filter_colorize_filter_g\":\"\",\"rex_effect_filter_colorize_filter_b\":\"\"},\"rex_effect_image_properties\":{\"rex_effect_image_properties_jpg_quality\":\"\",\"rex_effect_image_properties_png_compression\":\"\",\"rex_effect_image_properties_webp_quality\":\"\",\"rex_effect_image_properties_interlace\":null},\"rex_effect_filter_brightness\":{\"rex_effect_filter_brightness_brightness\":\"\"},\"rex_effect_flip\":{\"rex_effect_flip_flip\":\"X\"},\"rex_effect_filter_contrast\":{\"rex_effect_filter_contrast_contrast\":\"\"},\"rex_effect_filter_sharpen\":{\"rex_effect_filter_sharpen_amount\":\"80\",\"rex_effect_filter_sharpen_radius\":\"0.5\",\"rex_effect_filter_sharpen_threshold\":\"3\"},\"rex_effect_resize\":{\"rex_effect_resize_width\":\"\",\"rex_effect_resize_height\":\"\",\"rex_effect_resize_style\":\"maximum\",\"rex_effect_resize_allow_enlarge\":\"enlarge\"},\"rex_effect_filter_blur\":{\"rex_effect_filter_blur_repeats\":\"10\",\"rex_effect_filter_blur_type\":\"gaussian\",\"rex_effect_filter_blur_smoothit\":\"\"},\"rex_effect_mirror\":{\"rex_effect_mirror_height\":\"\",\"rex_effect_mirror_set_transparent\":\"colored\",\"rex_effect_mirror_bg_r\":\"\",\"rex_effect_mirror_bg_g\":\"\",\"rex_effect_mirror_bg_b\":\"\"},\"rex_effect_header\":{\"rex_effect_header_download\":\"open_media\",\"rex_effect_header_cache\":\"no_cache\",\"rex_effect_header_filename\":\"filename\"},\"rex_effect_convert2img\":{\"rex_effect_convert2img_convert_to\":\"jpg\",\"rex_effect_convert2img_density\":\"150\"},\"rex_effect_mediapath\":{\"rex_effect_mediapath_mediapath\":\"\"}}',3,'2020-02-22 11:44:42','admin','2020-02-22 11:44:42','admin'),
  (21,10,'filter_blur','{\"rex_effect_rounded_corners\":{\"rex_effect_rounded_corners_topleft\":\"\",\"rex_effect_rounded_corners_topright\":\"\",\"rex_effect_rounded_corners_bottomleft\":\"\",\"rex_effect_rounded_corners_bottomright\":\"\"},\"rex_effect_workspace\":{\"rex_effect_workspace_width\":\"\",\"rex_effect_workspace_height\":\"\",\"rex_effect_workspace_hpos\":\"left\",\"rex_effect_workspace_vpos\":\"top\",\"rex_effect_workspace_set_transparent\":\"colored\",\"rex_effect_workspace_bg_r\":\"\",\"rex_effect_workspace_bg_g\":\"\",\"rex_effect_workspace_bg_b\":\"\"},\"rex_effect_crop\":{\"rex_effect_crop_width\":\"\",\"rex_effect_crop_height\":\"\",\"rex_effect_crop_offset_width\":\"\",\"rex_effect_crop_offset_height\":\"\",\"rex_effect_crop_hpos\":\"center\",\"rex_effect_crop_vpos\":\"middle\"},\"rex_effect_insert_image\":{\"rex_effect_insert_image_brandimage\":\"\",\"rex_effect_insert_image_hpos\":\"left\",\"rex_effect_insert_image_vpos\":\"top\",\"rex_effect_insert_image_padding_x\":\"-10\",\"rex_effect_insert_image_padding_y\":\"-10\"},\"rex_effect_rotate\":{\"rex_effect_rotate_rotate\":\"0\"},\"rex_effect_filter_colorize\":{\"rex_effect_filter_colorize_filter_r\":\"\",\"rex_effect_filter_colorize_filter_g\":\"\",\"rex_effect_filter_colorize_filter_b\":\"\"},\"rex_effect_image_properties\":{\"rex_effect_image_properties_jpg_quality\":\"\",\"rex_effect_image_properties_png_compression\":\"\",\"rex_effect_image_properties_webp_quality\":\"\",\"rex_effect_image_properties_interlace\":null},\"rex_effect_filter_brightness\":{\"rex_effect_filter_brightness_brightness\":\"\"},\"rex_effect_flip\":{\"rex_effect_flip_flip\":\"X\"},\"rex_effect_filter_contrast\":{\"rex_effect_filter_contrast_contrast\":\"\"},\"rex_effect_filter_sharpen\":{\"rex_effect_filter_sharpen_amount\":\"80\",\"rex_effect_filter_sharpen_radius\":\"0.5\",\"rex_effect_filter_sharpen_threshold\":\"3\"},\"rex_effect_resize\":{\"rex_effect_resize_width\":\"\",\"rex_effect_resize_height\":\"\",\"rex_effect_resize_style\":\"maximum\",\"rex_effect_resize_allow_enlarge\":\"enlarge\"},\"rex_effect_filter_blur\":{\"rex_effect_filter_blur_repeats\":\"30\",\"rex_effect_filter_blur_type\":\"gaussian\",\"rex_effect_filter_blur_smoothit\":\"10\"},\"rex_effect_mirror\":{\"rex_effect_mirror_height\":\"\",\"rex_effect_mirror_set_transparent\":\"colored\",\"rex_effect_mirror_bg_r\":\"\",\"rex_effect_mirror_bg_g\":\"\",\"rex_effect_mirror_bg_b\":\"\"},\"rex_effect_header\":{\"rex_effect_header_download\":\"open_media\",\"rex_effect_header_cache\":\"no_cache\",\"rex_effect_header_filename\":\"filename\"},\"rex_effect_convert2img\":{\"rex_effect_convert2img_convert_to\":\"jpg\",\"rex_effect_convert2img_density\":\"150\"},\"rex_effect_mediapath\":{\"rex_effect_mediapath_mediapath\":\"\"}}',4,'2020-02-22 11:45:05','admin','2020-02-22 11:45:05','admin'),
  (22,11,'resize','{\"rex_effect_rounded_corners\":{\"rex_effect_rounded_corners_topleft\":\"\",\"rex_effect_rounded_corners_topright\":\"\",\"rex_effect_rounded_corners_bottomleft\":\"\",\"rex_effect_rounded_corners_bottomright\":\"\"},\"rex_effect_workspace\":{\"rex_effect_workspace_width\":\"\",\"rex_effect_workspace_height\":\"\",\"rex_effect_workspace_hpos\":\"left\",\"rex_effect_workspace_vpos\":\"top\",\"rex_effect_workspace_set_transparent\":\"colored\",\"rex_effect_workspace_bg_r\":\"\",\"rex_effect_workspace_bg_g\":\"\",\"rex_effect_workspace_bg_b\":\"\"},\"rex_effect_crop\":{\"rex_effect_crop_width\":\"\",\"rex_effect_crop_height\":\"\",\"rex_effect_crop_offset_width\":\"\",\"rex_effect_crop_offset_height\":\"\",\"rex_effect_crop_hpos\":\"center\",\"rex_effect_crop_vpos\":\"middle\"},\"rex_effect_insert_image\":{\"rex_effect_insert_image_brandimage\":\"\",\"rex_effect_insert_image_hpos\":\"left\",\"rex_effect_insert_image_vpos\":\"top\",\"rex_effect_insert_image_padding_x\":\"-10\",\"rex_effect_insert_image_padding_y\":\"-10\"},\"rex_effect_rotate\":{\"rex_effect_rotate_rotate\":\"0\"},\"rex_effect_filter_colorize\":{\"rex_effect_filter_colorize_filter_r\":\"\",\"rex_effect_filter_colorize_filter_g\":\"\",\"rex_effect_filter_colorize_filter_b\":\"\"},\"rex_effect_image_properties\":{\"rex_effect_image_properties_jpg_quality\":\"\",\"rex_effect_image_properties_png_compression\":\"\",\"rex_effect_image_properties_webp_quality\":\"\",\"rex_effect_image_properties_interlace\":null},\"rex_effect_filter_brightness\":{\"rex_effect_filter_brightness_brightness\":\"\"},\"rex_effect_flip\":{\"rex_effect_flip_flip\":\"X\"},\"rex_effect_filter_contrast\":{\"rex_effect_filter_contrast_contrast\":\"\"},\"rex_effect_filter_sharpen\":{\"rex_effect_filter_sharpen_amount\":\"80\",\"rex_effect_filter_sharpen_radius\":\"0.5\",\"rex_effect_filter_sharpen_threshold\":\"3\"},\"rex_effect_resize\":{\"rex_effect_resize_width\":\"1000\",\"rex_effect_resize_height\":\"800\",\"rex_effect_resize_style\":\"maximum\",\"rex_effect_resize_allow_enlarge\":\"enlarge\"},\"rex_effect_filter_blur\":{\"rex_effect_filter_blur_repeats\":\"10\",\"rex_effect_filter_blur_type\":\"gaussian\",\"rex_effect_filter_blur_smoothit\":\"\"},\"rex_effect_mirror\":{\"rex_effect_mirror_height\":\"\",\"rex_effect_mirror_set_transparent\":\"colored\",\"rex_effect_mirror_bg_r\":\"\",\"rex_effect_mirror_bg_g\":\"\",\"rex_effect_mirror_bg_b\":\"\"},\"rex_effect_header\":{\"rex_effect_header_download\":\"open_media\",\"rex_effect_header_cache\":\"no_cache\",\"rex_effect_header_filename\":\"filename\"},\"rex_effect_convert2img\":{\"rex_effect_convert2img_convert_to\":\"jpg\",\"rex_effect_convert2img_density\":\"150\"},\"rex_effect_mediapath\":{\"rex_effect_mediapath_mediapath\":\"\"}}',1,'2020-02-22 11:45:53','admin','2020-02-22 11:45:53','admin');
/*!40000 ALTER TABLE `rex_media_manager_type_effect` ENABLE KEYS */;
UNLOCK TABLES;

DROP TABLE IF EXISTS `rex_metainfo_field`;
CREATE TABLE `rex_metainfo_field` (
  `id` int(10) unsigned NOT NULL AUTO_INCREMENT,
  `title` varchar(255) DEFAULT NULL,
  `name` varchar(255) DEFAULT NULL,
  `priority` int(10) unsigned NOT NULL,
  `attributes` text NOT NULL,
  `type_id` int(10) unsigned DEFAULT NULL,
  `default` varchar(255) NOT NULL,
  `params` text,
  `validate` text,
  `callback` text,
  `restrictions` text,
  `templates` text,
  `createdate` datetime NOT NULL,
  `createuser` varchar(255) NOT NULL,
  `updatedate` datetime NOT NULL,
  `updateuser` varchar(255) NOT NULL,
  PRIMARY KEY (`id`),
  UNIQUE KEY `name` (`name`)
) ENGINE=InnoDB AUTO_INCREMENT=7 DEFAULT CHARSET=utf8;

LOCK TABLES `rex_metainfo_field` WRITE;
/*!40000 ALTER TABLE `rex_metainfo_field` DISABLE KEYS */;
INSERT INTO `rex_metainfo_field` VALUES 
  (1,'Beschreibung','med_description',1,'',1,'','',NULL,'',NULL,NULL,'2020-02-21 20:19:00','admin','2020-02-21 20:19:00','admin'),
  (2,'Untertitel (Headerfoto)','art_subtitle',1,'',1,'','',NULL,'',NULL,NULL,'2020-02-21 20:19:36','admin','2020-02-21 20:19:36','admin'),
  (3,'Individueller Title-Tag','art_title',2,'',1,'','',NULL,'',NULL,NULL,'2020-02-21 22:28:15','admin','2020-02-21 22:28:15','admin'),
  (4,'Headerbild','art_file',3,'',6,'','',NULL,'',NULL,NULL,'2020-02-21 22:29:02','admin','2020-02-21 22:29:02','admin'),
  (5,'Für die zweite Menü-Ebene stehen folgende Icons stehen zur Verfügung: https://themify.me/themify-icons','art_legend_icon',4,'',12,'','',NULL,'',NULL,NULL,'2020-02-21 22:29:34','admin','2020-02-22 16:45:28','admin'),
  (6,'Navi-Icon, EIngabe z.B. ti-star','art_nav_icon',5,'',1,'','',NULL,'',NULL,NULL,'2020-02-21 22:29:58','admin','2020-02-21 22:29:58','admin');
/*!40000 ALTER TABLE `rex_metainfo_field` ENABLE KEYS */;
UNLOCK TABLES;

DROP TABLE IF EXISTS `rex_metainfo_type`;
CREATE TABLE `rex_metainfo_type` (
  `id` int(10) unsigned NOT NULL AUTO_INCREMENT,
  `label` varchar(255) DEFAULT NULL,
  `dbtype` varchar(255) NOT NULL,
  `dblength` int(11) NOT NULL,
  PRIMARY KEY (`id`)
) ENGINE=InnoDB AUTO_INCREMENT=14 DEFAULT CHARSET=utf8;

LOCK TABLES `rex_metainfo_type` WRITE;
/*!40000 ALTER TABLE `rex_metainfo_type` DISABLE KEYS */;
INSERT INTO `rex_metainfo_type` VALUES 
  (1,'text','text',0),
  (2,'textarea','text',0),
  (3,'select','varchar',255),
  (4,'radio','varchar',255),
  (5,'checkbox','varchar',255),
  (6,'REX_MEDIA_WIDGET','varchar',255),
  (7,'REX_MEDIALIST_WIDGET','text',0),
  (8,'REX_LINK_WIDGET','varchar',255),
  (9,'REX_LINKLIST_WIDGET','text',0),
  (10,'date','text',0),
  (11,'datetime','text',0),
  (12,'legend','text',0),
  (13,'time','text',0);
/*!40000 ALTER TABLE `rex_metainfo_type` ENABLE KEYS */;
UNLOCK TABLES;

DROP TABLE IF EXISTS `rex_module`;
CREATE TABLE `rex_module` (
  `id` int(10) unsigned NOT NULL AUTO_INCREMENT,
  `key` varchar(191) DEFAULT NULL,
  `name` varchar(255) NOT NULL,
  `output` mediumtext NOT NULL,
  `input` mediumtext NOT NULL,
  `createdate` datetime NOT NULL,
  `createuser` varchar(255) NOT NULL,
  `updatedate` datetime NOT NULL,
  `updateuser` varchar(255) NOT NULL,
  `attributes` text,
  `revision` int(10) unsigned NOT NULL,
  PRIMARY KEY (`id`),
  UNIQUE KEY `key` (`key`)
) ENGINE=InnoDB AUTO_INCREMENT=13 DEFAULT CHARSET=utf8;

LOCK TABLES `rex_module` WRITE;
/*!40000 ALTER TABLE `rex_module` DISABLE KEYS */;
INSERT INTO `rex_module` VALUES 
  (1,NULL,'01 . YForm Formbuilder','<?php\r\n\r\n/**\r\n * yform.\r\n *\r\n * @author jan.kristinus[at]redaxo[dot]org Jan Kristinus\r\n * @author <a href=\"http://www.yakamara.de\">www.yakamara.de</a>\r\n */\r\n\r\n// module:yform_basic_output\r\n// v1.1\r\n//--------------------------------------------------------------------------------\r\n\r\n$yform = new rex_yform();\r\nif (\'REX_VALUE[7]\' == 1) {\r\n    $yform->setDebug(true);\r\n}\r\n$form_data = \'REX_VALUE[id=3 output=html]\';\r\n$form_data = trim(rex_yform::unhtmlentities($form_data));\r\n$yform->setObjectparams(\'form_action\', rex_getUrl(REX_ARTICLE_ID, REX_CLANG_ID));\r\n$yform->setFormData($form_data);\r\n\r\n// action - showtext\r\nif (\'REX_VALUE[id=6]\' != \'\') {\r\n    $html = \'0\'; // plaintext\r\n    if (\'REX_VALUE[11]\' == 1) {\r\n        $html = \'1\'; // html\r\n    }\r\n\r\n    $e3 = \'\';\r\n    $e4 = \'\';\r\n    if ($html == \'0\') {\r\n        $e3 = \'<div class=\"alert alert-success\">\';\r\n        $e4 = \'</div>\';\r\n    }\r\n\r\n    $t = str_replace(\'<br />\', \'\', rex_yform::unhtmlentities(\'REX_VALUE[6]\'));\r\n    $yform->setActionField(\'showtext\', [$t, $e3, $e4, $html]);\r\n}\r\n\r\n$form_type = \'REX_VALUE[1]\';\r\n\r\n// action - email\r\nif ($form_type == \'1\' || $form_type == \'2\') {\r\n    $mail_from = (\'REX_VALUE[2]\' != \'\') ? \'REX_VALUE[2]\' : rex::getErrorEmail();\r\n    $mail_to = (\'REX_VALUE[12]\' != \'\') ? \'REX_VALUE[12]\' : rex::getErrorEmail();\r\n    $mail_subject = \'REX_VALUE[4]\';\r\n    $mail_body = str_replace(\'<br />\', \'\', rex_yform::unhtmlentities(\'REX_VALUE[5]\'));\r\n    $yform->setActionField(\'email\', [$mail_from, $mail_to, $mail_subject, $mail_body]);\r\n}\r\n\r\n// action - db\r\nif ($form_type == \'0\' || $form_type == \'2\') {\r\n    $yform->setObjectparams(\'main_table\', \'REX_VALUE[8]\');\r\n\r\n    if (\'REX_VALUE[10]\' != \'\') {\r\n        $yform->setObjectparams(\'getdata\', true);\r\n    }\r\n\r\n    $yform->setActionField(\'db\', [\'REX_VALUE[8]\', $yform->objparams[\'main_where\']]);\r\n}\r\n\r\necho $yform->getForm();\r\n','<?php\r\n\r\n/**\r\n * yform\r\n * @author jan.kristinus[at]redaxo[dot]org Jan Kristinus\r\n * @author <a href=\"http://www.yakamara.de\">www.yakamara.de</a>\r\n */\r\n\r\n// module:yform_basic_input\r\n// v1.1\r\n// --------------------------------------------------------------------------------\r\n\r\n// DEBUG SELECT\r\n////////////////////////////////////////////////////////////////////////////////\r\n$dbg_sel = new rex_select();\r\n$dbg_sel->setName(\'REX_INPUT_VALUE[7]\');\r\n$dbg_sel->setAttribute(\'class\', \'form-control\');\r\n$dbg_sel->addOption(\'inaktiv\',\'0\');\r\n$dbg_sel->addOption(\'aktiv\',\'1\');\r\n$dbg_sel->setSelected(\'REX_VALUE[7]\');\r\n$dbg_sel = $dbg_sel->get();\r\n\r\n\r\n// TABLE SELECT\r\n////////////////////////////////////////////////////////////////////////////////\r\n$gc = rex_sql::factory();\r\n$gc->setQuery(\'SHOW TABLES\');\r\n$tables = $gc->getArray();\r\n$tbl_sel = new rex_select();\r\n$tbl_sel->setName(\'REX_INPUT_VALUE[8]\');\r\n$tbl_sel->setAttribute(\'class\', \'form-control\');\r\n$tbl_sel->addOption(\'Keine Tabelle ausgewählt\', \'\');\r\nforeach ($tables as $key => $value) {\r\n  $tbl_sel->addOption(current($value), current($value));\r\n}\r\n$tbl_sel->setSelected(\'REX_VALUE[8]\');\r\n$tbl_sel = $tbl_sel->get();\r\n\r\n\r\n// PLACEHOLDERS\r\n////////////////////////////////////////////////////////////////////////////////\r\n$yform = new rex_yform;\r\n$form_data = \'REX_VALUE[3]\';\r\n$form_data = trim(str_replace(\'<br />\',\'\',rex_yform::unhtmlentities($form_data)));\r\n$yform->setFormData($form_data);\r\n$yform->setRedaxoVars(REX_ARTICLE_ID,REX_CLANG_ID);\r\n$placeholders = \'\';\r\nif(\'REX_VALUE[3]\'!=\'\') {\r\n  $ignores = array(\'html\',\'validate\',\'action\');\r\n  $placeholders .= \'\r\n        <div id=\"yform-js-formbuilder-placeholders\">\r\n            <h3>Platzhalter: <span>[<a href=\"#\" id=\"yform-js-formbuilder-placeholders-help-toggler\">?</a>]</span></h3>\'.PHP_EOL;\r\n  foreach($yform->objparams[\'form_elements\'] as $e) {\r\n    if(!in_array($e[0],$ignores) && isset($e[1])) {\r\n      $label = (isset($e[2]) && $e[2] != \'\') ? $e[2] . \': \' : \'\';\r\n      $placeholders .= \'<code>\' . $label . \'###\'.$e[1].\'###</code> \'.PHP_EOL;\r\n    }\r\n  }\r\n  $placeholders .= \'\r\n            <ul id=\"yform-js-formbuilder-placeholders-help\">\r\n                <li>Die Platzhalter ergeben sich aus den obenstehenden Felddefinitionen.</li>\r\n                <li>Per Klick können einzelne Platzhalter in den Mail-Body kopiert werden.</li>\r\n                <li>Aktualisierung der Platzhalter erfolgt über die Aktualisierung des Moduls.</li>\r\n            </ul>\r\n        </div>\'.PHP_EOL;\r\n}\r\n\r\n\r\n// OTHERS\r\n////////////////////////////////////////////////////////////////////////////////\r\n$row_pad = 1;\r\n\r\n$sel = \'REX_VALUE[1]\';\r\n$db_display   = ($sel==\'\' || $sel==1) ?\' style=\"display:none\"\':\'\';\r\n$mail_display = ($sel==\'\' || $sel==0) ?\' style=\"display:none\"\':\'\';\r\n\r\n?>\r\n\r\n<div id=\"yform-formbuilder\">\r\n  <fieldset class=\"form-horizontal\">\r\n    <legend>Formular</legend>\r\n    <div class=\"form-group\">\r\n      <label class=\"col-md-2 control-label text-left\">Debug Modus</label>\r\n      <div class=\"col-md-10\">\r\n        <div class=\"yform-select-style\">\r\n          <?= $dbg_sel; ?>\r\n        </div>\r\n      </div>\r\n    </div>\r\n    <div class=\"form-group\">\r\n      <label class=\"col-md-2 control-label\" for=\"yform-formbuilder-definition\">Felddefinitionen</label>\r\n      <div class=\"col-md-10\">\r\n        <textarea class=\"form-control\" style=\"font-family: monospace;\" id=\"yform-formbuilder-definition\" name=\"REX_INPUT_VALUE[3]\" rows=\"<?php echo (count(explode(\"\\r\",\'REX_VALUE[3]\'))+$row_pad);?>\">REX_VALUE[3]</textarea>\r\n      </div>\r\n    </div>\r\n    <div class=\"form-group\">\r\n      <label class=\"col-md-2 control-label\">Verfügbare Feldklassen</label>\r\n      <div class=\"col-md-10\">\r\n        <div id=\"yform-formbuilder-classes-showhelp\"><?= rex_yform::showHelp(); ?></div>\r\n      </div>\r\n    </div>\r\n    <div class=\"form-group\">\r\n      <label class=\"col-md-2 control-label\">Meldung bei erfolgreichen Versand</label>\r\n      <div class=\"col-md-10\">\r\n        <label class=\"radio-inline\">\r\n          <input type=\"radio\" name=\"REX_INPUT_VALUE[11]\" value=\"0\"<?php if(\"REX_VALUE[11]\" == \'0\') echo \' checked\'; ?> /> Plaintext\r\n        </label>\r\n        <label class=\"radio-inline\">\r\n          <input type=\"radio\" name=\"REX_INPUT_VALUE[11]\" value=\"1\"<?php if(\"REX_VALUE[11]\" == \'1\') echo \' checked\'; ?> /> HTML\r\n        </label>\r\n      </div>\r\n      <div class=\"col-md-offset-2 col-md-10\">\r\n        <textarea class=\"form-control\" name=\"REX_INPUT_VALUE[6]\" rows=\"<?php echo (count(explode(\"\\r\",\'REX_VALUE[6]\'))+$row_pad);?>\">REX_VALUE[6]</textarea>\r\n      </div>\r\n    </div>\r\n  </fieldset>\r\n\r\n  <fieldset class=\"form-horizontal\">\r\n    <legend>Vordefinierte Aktionen</legend>\r\n\r\n    <div class=\"form-group\">\r\n      <label class=\"col-md-2 control-label\">Bei Submit</label>\r\n      <div class=\"col-md-10\">\r\n        <div class=\"yform-select-style\">\r\n          <select class=\"form-control\" id=\"yform-js-formbuilder-action-select\" name=\"REX_INPUT_VALUE[1]\" size=\"1\">\r\n            <option value=\"\"<?php if(\"REX_VALUE[1]\" == \"\")  echo \" selected \"; ?>>Nichts machen (actions im Formular definieren)</option>\r\n            <option value=\"0\"<?php if(\"REX_VALUE[1]\" == \"0\") echo \" selected \"; ?>>Nur in Datenbank speichern</option>\r\n            <option value=\"1\"<?php if(\"REX_VALUE[1]\" == \"1\") echo \" selected \"; ?>>Nur E-Mail versenden</option>\r\n            <option value=\"2\"<?php if(\"REX_VALUE[1]\" == \"2\") echo \" selected \"; ?>>E-Mail versenden und in Datenbank speichern</option>\r\n          </select>\r\n        </div>\r\n      </div>\r\n    </div>\r\n  </fieldset>\r\n\r\n  <fieldset class=\"form-horizontal\" id=\"yform-js-formbuilder-mail-fieldset\"<?php echo $mail_display;?> >\r\n    <legend>E-Mail-Versand:</legend>\r\n\r\n    <div class=\"form-group\">\r\n      <label class=\"col-md-2 control-label\">Absender</label>\r\n      <div class=\"col-md-10\">\r\n        <input class=\"form-control\" type=\"text\" name=\"REX_INPUT_VALUE[2]\" value=\"REX_VALUE[2]\" />\r\n      </div>\r\n    </div>\r\n    <div class=\"form-group\">\r\n      <label class=\"col-md-2 control-label\">Empfänger</label>\r\n      <div class=\"col-md-10\">\r\n        <input class=\"form-control\" type=\"text\" name=\"REX_INPUT_VALUE[12]\" value=\"REX_VALUE[12]\" />\r\n      </div>\r\n    </div>\r\n    <div class=\"form-group\">\r\n      <label class=\"col-md-2 control-label\">Subject</label>\r\n      <div class=\"col-md-10\">\r\n        <input class=\"form-control\" type=\"text\" name=\"REX_INPUT_VALUE[4]\" value=\"REX_VALUE[4]\" />\r\n      </div>\r\n    </div>\r\n    <div class=\"form-group\">\r\n      <label class=\"col-md-2 control-label\">Mailbody</label>\r\n      <div class=\"col-md-10\">\r\n        <textarea class=\"form-control\" id=\"yform-js-formbuilder-mail-body\" name=\"REX_INPUT_VALUE[5]\" rows=\"<?php echo (count(explode(\"\\r\",\'REX_VALUE[5]\'))+$row_pad);?>\">REX_VALUE[5]</textarea>\r\n        <div class=\"help-block\">\r\n          <?php echo $placeholders;?>\r\n        </div>\r\n      </div>\r\n    </div>\r\n\r\n  </fieldset>\r\n\r\n  <fieldset class=\"form-horizontal\" id=\"yform-js-formbuilder-db-fieldset\"<?php echo $db_display;?> >\r\n    <legend>Datenbank Einstellungen</legend>\r\n\r\n    <div class=\"form-group\">\r\n      <label class=\"col-md-2 control-label\">Tabelle wählen <span>[<a href=\"#\" id=\"yform-js-formbuilder-db-help-toggler\">?</a>]</span></label>\r\n      <div class=\"col-md-10\">\r\n        <div class=\"yform-select-style\">\r\n          <?= $tbl_sel; ?>\r\n        </div>\r\n        <div class=\"help-block\">\r\n          <ul id=\"yform-js-formbuilder-db-help\">\r\n            <li>Hier werden die Daten des Formular hineingespeichert</li>\r\n          </ul>\r\n        </div>\r\n      </div>\r\n    </div>\r\n  </fieldset>\r\n\r\n</div>\r\n\r\n<p id=\"yform-formbuilder-info\"><?=  rex_addon::get(\'yform\')->getName() . \' \' . rex_addon::get(\'yform\')->getVersion() ?></p>\r\n\r\n<script type=\"text/javascript\">\r\n  <!--\r\n  (function($){\r\n\r\n    // AUTOGROW BY ROWS\r\n    $(\'#yform-formbuilder textarea\').keyup(function(){\r\n      var rows = $(this).val().split(/\\r?\\n|\\r/).length + <?php echo $row_pad;?>;\r\n      $(this).attr(\'rows\',rows);\r\n    });\r\n\r\n    // TOGGLERS\r\n    $(\'#yform-js-formbuilder-placeholders-help-toggler\').click(function(e){\r\n      e.preventDefault();\r\n      $(\'#yform-js-formbuilder-placeholders-help\').toggle(50);return false;\r\n    });\r\n    $(\'#yform-js-formbuilder-where-help-toggler\').click(function(e){\r\n      e.preventDefault();\r\n      $(\'#yform-js-formbuilder-where-help\').toggle(50);return false;\r\n    });\r\n    $(\'#yform-js-formbuilder-db-help-toggler\').click(function(e){\r\n      e.preventDefault();\r\n      $(\'#yform-js-formbuilder-db-help\').toggle(50);return false;\r\n    });\r\n\r\n\r\n    // INSERT PLACEHOLDERS\r\n    $(\'#yform-js-formbuilder-placeholders code\').click(function(){\r\n      newval = $(\'#yform-js-formbuilder-mail-body\').val()+\' \'+$(this).html();\r\n      $(\'#yform-js-formbuilder-mail-body\').val(newval);\r\n      $(this).addClass(\'text-muted\');\r\n    });\r\n\r\n    // TOGGLE MAIL/DB PANELS\r\n    $(\'#yform-js-formbuilder-action-select\').change(function(){\r\n      switch($(this).val()){\r\n        case \'\':\r\n          $(\'#yform-js-formbuilder-db-fieldset\').hide(0);\r\n          $(\'#yform-js-formbuilder-mail-fieldset\').hide(0);\r\n          break;\r\n        case \'1\':\r\n          $(\'#yform-js-formbuilder-db-fieldset\').hide(0);\r\n          $(\'#yform-js-formbuilder-mail-fieldset\').show(0);\r\n          break;\r\n        case \'0\':\r\n          $(\'#yform-js-formbuilder-db-fieldset\').show(0);\r\n          $(\'#yform-js-formbuilder-mail-fieldset\').hide(0);\r\n          break;\r\n        case \'2\':\r\n        case \'3\':\r\n          $(\'#yform-js-formbuilder-db-fieldset\').show(0);\r\n          $(\'#yform-js-formbuilder-mail-fieldset\').show(0);\r\n          break;\r\n      }\r\n    });\r\n\r\n  })(jQuery)\r\n  //-->\r\n</script>\r\n','0000-00-00 00:00:00','','2020-02-21 17:45:08','admin',NULL,0),
  (2,NULL,'02 . Titel und Untertitel','<?php\r\nif (\"REX_VALUE[7]\" == \'indent\') {\r\n	echo \'\r\n	<div class=\"row\">\r\n	<div class=\"col-md-8 col-md-offset-2 text-center\">\';\r\n}\r\n\r\nif (\"REX_VALUE[4]\" == \'top\') {\r\n	echo \'\r\n	<hr>\';\r\n}\r\n\r\n// Ist Überschrift vorhanden?\r\nif (\"REX_VALUE[1]\" != \'\' || \"REX_VALUE[2]\" != \'\') {\r\n	$align = ($this->getTemplateId() == 1) ? \' class=\"text-center\"\' : \'\';\r\n	echo \'\r\n	<REX_VALUE[3]\'.$align.\'>\';\r\n\r\n		if (\"REX_VALUE[1]\" != \'\') {\r\n			echo \'REX_VALUE[1]\';\r\n		}\r\n\r\n		if (\"REX_VALUE[1]\" != \'\' || \"REX_VALUE[2]\" != \'\') {\r\n			echo \'<br>\';\r\n		}\r\n\r\n		if (\"REX_VALUE[2]\" != \'\') {\r\n			echo \'<small class=\"subtitle\">REX_VALUE[2]</small>\';\r\n		}\r\n\r\n	echo \'</REX_VALUE[3]>\';\r\n}\r\n\r\nif (\"REX_VALUE[4]\" == \'bottom\') {\r\n	echo \'\r\n	<hr>\';\r\n}\r\n\r\nif (\"REX_VALUE[7]\" == \'indent\') {\r\n	echo \'\r\n	</div>\r\n	</div>\';\r\n}\r\n?>\r\n','<!-- *******************************************************\r\nTitel / Intro\r\n******************************************************** -->\r\n\r\n<fieldset class=\"form-horizontal\">\r\n\r\n	<div class=\"form-group\">\r\n		<label class=\"col-sm-2 control-label\" for=\"headline\">Titel</label>\r\n		<div class=\"col-sm-10\">\r\n			<input class=\"form-control\" id=\"headline\" type=\"text\" name=\"REX_INPUT_VALUE[1]\" value=\"REX_VALUE[1]\" />\r\n		</div>\r\n	</div>\r\n\r\n	<div class=\"form-group\">\r\n		<label class=\"col-sm-2 control-label\" for=\"subheadline\">Untertitel</label>\r\n		<div class=\"col-sm-10\">\r\n			<input class=\"form-control\" id=\"subheadline\" type=\"text\" name=\"REX_INPUT_VALUE[2]\" value=\"REX_VALUE[2]\" />\r\n		</div>\r\n	</div>\r\n\r\n	<div class=\"form-group\">\r\n		<label class=\"col-sm-2 control-label\" for=\"size\">Größe</label>\r\n		<div class=\"col-sm-10\">\r\n			<?php\r\n				$options = array(\r\n				\'h1\'=>\'h1\',\r\n				\'h2\'=>\'h2\',\r\n				\'h3\'=>\'h3\'\r\n			);\r\n			?>\r\n			<select name=\"REX_INPUT_VALUE[3]\" id=\"size\" class=\"form-control\">\r\n			<?php foreach ($options as $k=>$v) : ?>\r\n			<option value=\"<?php echo $k; ?>\"<?php if ($k == \"REX_VALUE[3]\") echo \' selected=\"selected\"\' ?>><?php echo $v; ?></option>\r\n			<?php endforeach ?>\r\n			</select>\r\n		</div>\r\n	</div>\r\n\r\n	<div class=\"form-group\">\r\n		<label class=\"col-sm-2 control-label\" for=\"size\">Trennlinie</label>\r\n		<div class=\"col-sm-10\">\r\n			<?php\r\n				$options = array(\r\n				\'\'=>\'nein\',\r\n				\'top\'=>\'oberhalb\',\r\n				\'bottom\'=>\'unterhalb\'\r\n			);\r\n			?>\r\n			<select name=\"REX_INPUT_VALUE[4]\" id=\"size\" class=\"form-control\">\r\n			<?php foreach ($options as $k=>$v) : ?>\r\n			<option value=\"<?php echo $k; ?>\"<?php if ($k == \"REX_VALUE[4]\") echo \' selected=\"selected\"\' ?>><?php echo $v; ?></option>\r\n			<?php endforeach ?>\r\n			</select>\r\n		</div>\r\n	</div>\r\n\r\n	<div class=\"form-group\">\r\n		<label class=\"col-sm-2 control-label\" for=\"size\">Abstand</label>\r\n		<div class=\"col-sm-10\">\r\n			<?php\r\n				$options = array(\r\n				\'\'=>\'keiner\',\r\n				\'top\'=>\'oberhalb\'\r\n			);\r\n			?>\r\n			<select name=\"REX_INPUT_VALUE[5]\" id=\"size\" class=\"form-control\">\r\n			<?php foreach ($options as $k=>$v) : ?>\r\n			<option value=\"<?php echo $k; ?>\"<?php if ($k == \"REX_VALUE[5]\") echo \' selected=\"selected\"\' ?>><?php echo $v; ?></option>\r\n			<?php endforeach ?>\r\n			</select>\r\n		</div>\r\n	</div>\r\n\r\n	<div class=\"form-group\">\r\n		<label class=\"col-sm-2 control-label\" for=\"size\">Ausrichtung</label>\r\n		<div class=\"col-sm-10\">\r\n			<?php\r\n				$options = array(\r\n				\'\'=>\'links\',\r\n				\'c\'=>\'zentriert\'\r\n			);\r\n			?>\r\n			<select name=\"REX_INPUT_VALUE[6]\" id=\"size\" class=\"form-control\">\r\n			<?php foreach ($options as $k=>$v) : ?>\r\n			<option value=\"<?php echo $k; ?>\"<?php if ($k == \"REX_VALUE[6]\") echo \' selected=\"selected\"\' ?>><?php echo $v; ?></option>\r\n			<?php endforeach ?>\r\n			</select>\r\n		</div>\r\n	</div>\r\n\r\n	<div class=\"form-group\">\r\n		<label class=\"col-sm-2 control-label\" for=\"size\">Einzug</label>\r\n		<div class=\"col-sm-10\">\r\n			<?php\r\n				$options = array(\r\n				\'\'=>\'keiner\',\r\n				\'indent\'=>\'links und rechts\'\r\n			);\r\n			?>\r\n			<select name=\"REX_INPUT_VALUE[7]\" id=\"size\" class=\"form-control\">\r\n			<?php foreach ($options as $k=>$v) : ?>\r\n			<option value=\"<?php echo $k; ?>\"<?php if ($k == \"REX_VALUE[7]\") echo \' selected=\"selected\"\' ?>><?php echo $v; ?></option>\r\n			<?php endforeach ?>\r\n			</select>\r\n		</div>\r\n	</div>\r\n\r\n</fieldset>\r\n','2020-02-21 17:45:32','admin','0000-00-00 00:00:00','',NULL,0),
  (3,NULL,'03 . Text (Markdown)','<?php\r\n$distance = (\"REX_VALUE[19]\" != \'\') ? \' REX_VALUE[19]\' : \'\';\r\n$align = (\"REX_VALUE[16]\" == \'center\') ? \' text-center\' : \'\';\r\n\r\necho \'\r\n<section class=\"module-wrapper\">\r\n	<div class=\"full\'.$distance.$align.\'\">\';\r\n\r\n		// Linker und rechter Einzug?\r\n		if (\"REX_VALUE[17]\" == \'vd\') {\r\n			echo \'\r\n			<div class=\"row\">\r\n			<div class=\"col-md-8 col-md-offset-2\">\';\r\n		}\r\n\r\n		if (\"REX_VALUE[18]\" == \'top\') {\r\n			echo \'\r\n			<hr>\';\r\n		}\r\n\r\n		if (\"REX_VALUE[1]\" != \'\') {\r\n			echo \'\r\n			<REX_VALUE[2]>REX_VALUE[1]</REX_VALUE[2]>\';\r\n		}\r\n\r\n		if (\'REX_VALUE[id=3 isset=1]\') {\r\n			// Der Text wird durch Markdown geparst\r\n			$markdown = markitup::parseOutput(\'markdown\', \'REX_VALUE[id=3 output=\"html\"]\');\r\n			echo str_replace(array(\'<strong><em>\',\'</em></strong>\'), array(\'<span class=\"label label-primary\">\',\'</span>\'), $markdown);\r\n		}\r\n\r\n		$link = \'\';\r\n		if (\"REX_LINK[1]\" != \'\') {\r\n			$article = rex_article::get(\"REX_LINK[1]\");\r\n			$linktext = $article->getValue(\'name\');\r\n			$linktext = (\"REX_VALUE[11]\" != \'\') ? \'REX_VALUE[11]\' : $linktext;\r\n			$link = \'\r\n			<br><p><a href=\"\'.rex_getUrl(\"REX_LINK[1]\").\'\" class=\"btn\">\'.$linktext.\'</a></p>\';\r\n		}\r\n		if (\"REX_VALUE[10]\" != \'\') {\r\n			$linktext = (\"REX_VALUE[11]\" != \'\') ? \'REX_VALUE[11]\' : \'REX_VALUE[10]\';\r\n			$link = \'\r\n			<br><p><a href=\"REX_VALUE[10]\" class=\"btn\">\'.$linktext.\'</a></p>\';			\r\n		}\r\n		echo $link;\r\n\r\n		if (\"REX_VALUE[18]\" == \'bottom\') {\r\n			echo \'\r\n			<hr>\';\r\n		}\r\n\r\n		if (\"REX_VALUE[17]\" == \'vd\') {\r\n		echo \'\r\n			</div>\r\n			</div>\';\r\n		}\r\n		?>\r\n	</div>\r\n</section>\r\n','<!-- *******************************************************\r\nTEXT\r\n******************************************************** -->\r\n\r\n<fieldset class=\"form-horizontal\">\r\n    <legend>Text</legend>\r\n\r\n    <div class=\"form-group\">\r\n        <label class=\"col-sm-2 control-label\" for=\"headline\">Überschrift</label>\r\n        <div class=\"col-sm-10\">\r\n            <input class=\"form-control\" id=\"headline\" type=\"text\" name=\"REX_INPUT_VALUE[1]\" value=\"REX_VALUE[1]\" />\r\n        </div>\r\n    </div>\r\n\r\n    <div class=\"form-group\">\r\n        <label class=\"col-sm-2 control-label\" for=\"headline-level\">Überschrift-Ebene</label>\r\n        <div class=\"col-sm-10\">\r\n			<?php\r\n				$options = array(\r\n				\'h2\'=>\'2. Ebene\',\r\n				\'h3\'=>\'3. Ebene\'\r\n			);\r\n			?>\r\n			<select name=\"REX_INPUT_VALUE[2]\" id=\"headline-level\" class=\"form-control\">\r\n			<?php foreach ($options as $k=>$v) : ?>\r\n			<option value=\"<?php echo $k; ?>\"<?php if ($k == \"REX_VALUE[2]\") echo \' selected=\"selected\"\' ?>><?php echo $v; ?></option>\r\n			<?php endforeach ?>\r\n			</select>\r\n        </div>\r\n    </div>\r\n\r\n    <div class=\"form-group\">\r\n        <label class=\"col-sm-2 control-label\" for=\"markitup_markdown_1\">Text</label>\r\n        <div class=\"col-sm-10\">\r\n            <textarea cols=\"1\" rows=\"6\" class=\"form-control markitupEditor-markdown_full\" id=\"markitup_markdown_1\" name=\"REX_INPUT_VALUE[3]\">REX_VALUE[3]</textarea>\r\n        </div>\r\n    </div>\r\n</fieldset>\r\n\r\n<fieldset class=\"form-horizontal\">\r\n    <legend>Button-Link</legend>\r\n\r\n	<div class=\"form-group\">\r\n		<label class=\"col-sm-2 control-label\">Interner Link</label>\r\n		<div class=\"col-sm-10\">\r\n			REX_LINK[id=\"1\" widget=\"1\"]\r\n		</div>\r\n	</div>\r\n\r\n	<div class=\"form-group\">\r\n        <label class=\"col-sm-2 control-label\" for=\"headline\">Oder externer Link</label>\r\n        <div class=\"col-sm-10\">\r\n            <input class=\"form-control\" id=\"headline\" type=\"text\" name=\"REX_INPUT_VALUE[10]\" value=\"REX_VALUE[10]\" />\r\n        </div>\r\n    </div>\r\n	<div class=\"form-group\">\r\n        <label class=\"col-sm-2 control-label\" for=\"headline\">Individueller Linktext</label>\r\n        <div class=\"col-sm-10\">\r\n            <input class=\"form-control\" id=\"headline\" type=\"text\" name=\"REX_INPUT_VALUE[11]\" value=\"REX_VALUE[11]\" />\r\n        </div>\r\n    </div>\r\n\r\n</fieldset>\r\n\r\n<fieldset class=\"form-horizontal\">\r\n    <legend>Formatierung</legend>\r\n	<div class=\"form-group\">\r\n        <label class=\"col-sm-2 control-label\" for=\"padding\">Einrückung</label>\r\n        <div class=\"col-sm-10\">\r\n			<?php\r\n				$options = array(\r\n				\'\'=>\'keine\',\r\n				\'vd\'=>\'ja\'\r\n			);\r\n			?>\r\n			<select name=\"REX_INPUT_VALUE[17]\" id=\"padding\" class=\"form-control\">\r\n			<?php foreach ($options as $k=>$v) : ?>\r\n			<option value=\"<?php echo $k; ?>\"<?php if ($k == \"REX_VALUE[17]\") echo \' selected=\"selected\"\' ?>><?php echo $v; ?></option>\r\n			<?php endforeach ?>\r\n			</select>\r\n\r\n			<br><section class=\"rex-page-section\">\r\n			    <div class=\"panel panel-default\">\r\n\r\n			        <header class=\"panel-heading collapsed\" data-toggle=\"collapse\" data-target=\"#collapse-REX_SLICE_ID\" aria-expanded=\"false\">\r\n						<div class=\"panel-title\"><i class=\"rex-icon rex-icon-info\"></i> Hinweis</div>\r\n					</header>\r\n\r\n			        <div id=\"collapse-REX_SLICE_ID\" class=\"panel-collapse collapse\" aria-expanded=\"false\" style=\"height: 0px;\">\r\n\r\n			            <div class=\"panel-body\" style=\"background: #f3f6fb;\">\r\n			                <ul>\r\n								<li>Hier kann man eine linke und rechte Einrückung von je zwei Spalten des 12er-Bootstrap-Rasters aktivieren.</li>\r\n								<li>Der vertikale Abstand erzeugt einen oberen und unteren Zwischenraum von jeweils 60px.</li>\r\n							</ul>\r\n						</div>\r\n			        </div>\r\n			    </div>\r\n			</section>\r\n\r\n		</div>\r\n    </div>\r\n\r\n    <div class=\"form-group\">\r\n        <label class=\"col-sm-2 control-label\" for=\"distance\">vertikaler Abstand</label>\r\n        <div class=\"col-sm-10\">\r\n			<?php\r\n				$options = array(\r\n				\'\'=>\'keiner\',\r\n				\'mt\'=>\'oberhalb\',\r\n				\'mb\'=>\'unterhalb\',\r\n				\'mtb\'=>\'ober- und unterhalb\'\r\n			);\r\n			?>\r\n			<select name=\"REX_INPUT_VALUE[19]\" id=\"distance\" class=\"form-control\">\r\n			<?php foreach ($options as $k=>$v) : ?>\r\n			<option value=\"<?php echo $k; ?>\"<?php if ($k == \"REX_VALUE[19]\") echo \' selected=\"selected\"\' ?>><?php echo $v; ?></option>\r\n			<?php endforeach ?>\r\n			</select>\r\n        </div>\r\n    </div>\r\n\r\n	<div class=\"form-group\">\r\n        <label class=\"col-sm-2 control-label\" for=\"line\">Ausrichtung</label>\r\n        <div class=\"col-sm-10\">\r\n			<?php\r\n				$options = array(\r\n				\'\'=>\'normal\',\r\n				\'center\'=>\'zentriert\'\r\n			);\r\n			?>\r\n			<select name=\"REX_INPUT_VALUE[16]\" id=\"line\" class=\"form-control\">\r\n			<?php foreach ($options as $k=>$v) : ?>\r\n			<option value=\"<?php echo $k; ?>\"<?php if ($k == \"REX_VALUE[16]\") echo \' selected=\"selected\"\' ?>><?php echo $v; ?></option>\r\n			<?php endforeach ?>\r\n			</select>\r\n        </div>\r\n    </div>\r\n\r\n    <div class=\"form-group\">\r\n        <label class=\"col-sm-2 control-label\" for=\"line\">Trennlinie</label>\r\n        <div class=\"col-sm-10\">\r\n			<?php\r\n				$options = array(\r\n				\'\'=>\'nein\',\r\n				\'top\'=>\'oberhalb\',\r\n				\'bottom\'=>\'unterhalb\'\r\n			);\r\n			?>\r\n			<select name=\"REX_INPUT_VALUE[18]\" id=\"line\" class=\"form-control\">\r\n			<?php foreach ($options as $k=>$v) : ?>\r\n			<option value=\"<?php echo $k; ?>\"<?php if ($k == \"REX_VALUE[18]\") echo \' selected=\"selected\"\' ?>><?php echo $v; ?></option>\r\n			<?php endforeach ?>\r\n			</select>\r\n        </div>\r\n    </div>\r\n\r\n</fieldset>\r\n','2020-02-21 17:46:07','admin','0000-00-00 00:00:00','',NULL,0),
  (4,NULL,'04 . Farbige Kästen','<?php\r\n$visible = true; // Zunächst für jeden sichtbar\r\nif (\"REX_VALUE[18]\" == 1) {\r\n	if (!rex_backend_login::hasSession()) {	// wenn man nicht in Redaxo eingeloggt ist, Status auf unsichtbar\r\n		$visible = false;\r\n	}\r\n}\r\n\r\nif ($visible == true) {\r\n	\r\n	$grid_content1 = \'\';\r\n	$grid_content2 = \'\';\r\n	$grid_content3 = \'\';\r\n\r\n	// col1\r\n	if (\'REX_VALUE[id=1 isset=1]\') {\r\n	    $grid_content1 .= \'<h6 class=\"category\">REX_VALUE[1]</h6>\';\r\n	}\r\n	if (\'REX_VALUE[id=2 isset=1]\') {\r\n	    $grid_content1 .= \'<h4 class=\"title\">REX_VALUE[2]</h4>\';\r\n	}\r\n	if (\'REX_VALUE[id=3 isset=1]\') {\r\n	    $grid_content1 .= markitup::parseOutput(\'markdown\', \'REX_VALUE[id=3 output=\"html\"]\');\r\n	}\r\n	if (\"REX_LINK[1]\" != \'\') {\r\n		$link = rex_article::get(\"REX_LINK[1]\");\r\n		$link_name = $link->getValue(\'name\');\r\n		$grid_content1 .= \'\r\n		<div class=\"card-footer btn-center\">\r\n			<a href=\"\'.rex_getUrl(\"REX_LINK[1]\").\'\" class=\"btn btn-default btn-round btn-fill btn-primary\">\'.$link_name.\'</a>\r\n		</div>\';\r\n	}\r\n\r\n	$color1 = (\"REX_VALUE[5]\" != \'\') ? \' data-background=\"color\" data-color=\"REX_VALUE[5]\"\' : \'\';\r\n	if (\"REX_VALUE[4]\" == \'shadow\') {\r\n		$wrapper_start1 = \'\r\n		<div class=\"card card-with-shadow\"\'.$color1.\'>\r\n		<div class=\"content\">\';\r\n		$wrapper_end1 = \'\r\n		</div>\r\n		</div>\';\r\n	} elseif (\"REX_VALUE[4]\" == \'big-shadow\') {\r\n		$wrapper_start1 = \'\r\n		<div class=\"card-big-shadow\">\r\n		<div class=\"card\"\'.$color1.\'>\r\n		<div class=\"content\">\';\r\n		$wrapper_end1 = \'\r\n		</div>\r\n		</div>\r\n		</div>\';\r\n	} else {\r\n		$wrapper_start1 = \'\r\n		<div class=\"card\"\'.$color1.\'>\r\n		<div class=\"content\">\';\r\n		$wrapper_end1 = \'\r\n		</div>\r\n		</div>\';\r\n	}\r\n\r\n	// col2\r\n	if (\'REX_VALUE[id=6 isset=1]\') {\r\n	    $grid_content2 .= \'<h6 class=\"category\">REX_VALUE[6]</h6>\';\r\n	}\r\n	if (\'REX_VALUE[id=7 isset=1]\') {\r\n	    $grid_content2 .= \'<h4 class=\"title\">REX_VALUE[7]</h4>\';\r\n	}\r\n	if (\'REX_VALUE[id=8 isset=1]\') {\r\n	    $grid_content2 .= markitup::parseOutput(\'markdown\', \'REX_VALUE[id=8 output=\"html\"]\');\r\n	}\r\n	if (\"REX_LINK[2]\" != \'\') {\r\n		$link = rex_article::get(\"REX_LINK[2]\");\r\n		$link_name = $link->getValue(\'name\');\r\n		$grid_content2 .= \'\r\n		<div class=\"card-footer btn-center\">\r\n			<a href=\"\'.rex_getUrl(\"REX_LINK[2]\").\'\" class=\"btn btn-default btn-round btn-fill btn-primary\">\'.$link_name.\'</a>\r\n		</div>\';\r\n	}\r\n\r\n	$color2 = (\"REX_VALUE[10]\" != \'\') ? \' data-background=\"color\" data-color=\"REX_VALUE[10]\"\' : \'\';\r\n	if (\"REX_VALUE[9]\" == \'shadow\') {\r\n		$wrapper_start2 = \'\r\n		<div class=\"card card-with-shadow\"\'.$color2.\'>\r\n		<div class=\"content\">\';\r\n		$wrapper_end2 = \'\r\n		</div>\r\n		</div>\';\r\n	} elseif (\"REX_VALUE[9]\" == \'big-shadow\') {\r\n		$wrapper_start2 = \'\r\n		<div class=\"card-big-shadow\">\r\n		<div class=\"card\"\'.$color2.\'>\r\n		<div class=\"content\">\';\r\n		$wrapper_end2 = \'\r\n		</div>\r\n		</div>\r\n		</div>\';\r\n	} else {\r\n		$wrapper_start2 = \'\r\n		<div class=\"card\"\'.$color2.\'>\r\n		<div class=\"content\">\';\r\n		$wrapper_end2 = \'\r\n		</div>\r\n		</div>\';\r\n	}\r\n\r\n	// col3\r\n	if (\'REX_VALUE[id=11 isset=1]\') {\r\n	    $grid_content3 .= \'<h6 class=\"category\">REX_VALUE[11]</h6>\';\r\n	}\r\n	if (\'REX_VALUE[id=12 isset=1]\') {\r\n	    $grid_content3 .= \'<h4 class=\"title\">REX_VALUE[12]</h4>\';\r\n	}\r\n	if (\'REX_VALUE[id=13 isset=1]\') {\r\n	    $grid_content3 .= markitup::parseOutput(\'markdown\', \'REX_VALUE[id=13 output=\"html\"]\');\r\n	}\r\n	if (\"REX_LINK[3]\" != \'\') {\r\n		$link = rex_article::get(\"REX_LINK[3]\");\r\n		$link_name = $link->getValue(\'name\');\r\n		$grid_content3 .= \'\r\n		<div class=\"card-footer btn-center\">\r\n			<a href=\"\'.rex_getUrl(\"REX_LINK[3]\").\'\" class=\"btn btn-default btn-round btn-fill btn-primary\">\'.$link_name.\'</a>\r\n		</div>\';\r\n	}\r\n\r\n	$color3 = (\"REX_VALUE[15]\" != \'\') ? \' data-background=\"color\" data-color=\"REX_VALUE[15]\"\' : \'\';\r\n	if (\"REX_VALUE[14]\" == \'shadow\') {\r\n		$wrapper_start3 = \'\r\n		<div class=\"card card-with-shadow\"\'.$color3.\'>\r\n		<div class=\"content\">\';\r\n		$wrapper_end3 = \'\r\n		</div>\r\n		</div>\';\r\n	} elseif (\"REX_VALUE[14]\" == \'big-shadow\') {\r\n		$wrapper_start3 = \'\r\n		<div class=\"card-big-shadow\">\r\n		<div class=\"card\"\'.$color3.\'>\r\n		<div class=\"content\">\';\r\n		$wrapper_end3 = \'\r\n		</div>\r\n		</div>\r\n		</div>\';\r\n	} else {\r\n		$wrapper_start3 = \'\r\n		<div class=\"card\"\'.$color3.\'>\r\n		<div class=\"content\">\';\r\n		$wrapper_end3 = \'\r\n		</div>\r\n		</div>\';\r\n	}\r\n\r\n\r\n	?>\r\n	<!-- SECTION -->\r\n	<section class=\"card-wrapper<?php if (\"REX_VALUE[17]\" != \'\') echo \" REX_VALUE[17]\"; ?>\">\r\n		<div class=\"<?php if (\"REX_VALUE[19]\" != \'1\') echo \'row \'; ?>colored-cards\">\r\n\r\n			<?php\r\n			// 2cols\r\n			if (\"REX_VALUE[19]\" == \'2\')  {\r\n				echo \'\r\n				<div class=\"col-md-6\">\r\n					\'.$wrapper_start1.$grid_content1.$wrapper_end1.\'\r\n				</div>\r\n				<div class=\"col-md-6\">\r\n					\'.$wrapper_start2.$grid_content2.$wrapper_end2.\'\r\n				</div>\';\r\n			// 3cols\r\n			} elseif (\"REX_VALUE[19]\" == \'3\')	 {\r\n				echo \'\r\n				<div class=\"col-md-4 col-sm-6\">\r\n					\'.$wrapper_start1.$grid_content1.$wrapper_end1.\'\r\n				</div>\r\n				<div class=\"col-md-4 col-sm-6\">\r\n					\'.$wrapper_start2.$grid_content2.$wrapper_end2.\'\r\n				</div>\r\n				<div class=\"col-md-4 col-sm-6\">\r\n					\'.$wrapper_start3.$grid_content3.$wrapper_end3.\'\r\n				</div>\';\r\n			// 1col\r\n			} else {\r\n				echo $wrapper_start1.$grid_content1.$wrapper_end1;\r\n			}\r\n			?>\r\n\r\n		</div>\r\n	</section>\r\n\r\n	<?php\r\n	// End der Prüfung, ob Modul sichtbar sein darf\r\n}\r\n?>','<!-- *******************************************************\r\nTEXT UND BILD IN SPALTEN\r\n******************************************************** -->\r\n\r\n<script type=\"text/javascript\">\r\njQuery(function($){\r\n	$(document).ready(function(){\r\n\r\n		$(\'select#choices\').change(function() {\r\n			$(\'.off\').hide();\r\n\r\n			for(var i = 1; i <= parseInt($(this).val()); i++) {\r\n				$(\'#col\' + i).show();\r\n			}\r\n		});\r\n\r\n		$(\'select#choices\').change();\r\n\r\n	})\r\n});\r\n</script>\r\n\r\n<fieldset class=\"form-horizontal\">\r\n    <div class=\"form-group\">\r\n        <label class=\"col-sm-2 control-label\" for=\"only_admin\">Sichtbar</label>\r\n        <div class=\"col-sm-10\">\r\n			<input type=\"checkbox\" name=\"REX_INPUT_VALUE[18]\" id=\"only_admin\" value=\"1\" <?= \"REX_VALUE[18]\" == \'1\' ? \' checked=\"checked\"\' : \'\' ?>> Nur, wenn in Redaxo eingeloggt\r\n        </div>\r\n    </div>\r\n</fieldset>\r\n\r\n<fieldset class=\"form-horizontal\">\r\n	<legend>Spalten und Abstände</legend>\r\n    <div class=\"form-group\">\r\n        <label class=\"col-sm-2 control-label\" for=\"choices\">Breiten</label>\r\n        <div class=\"col-sm-10\">\r\n			<?php\r\n				$options = array(\r\n				\'1\'=>\'volle Breite\',\r\n				\'2\'=>\'zwei Spalten\',\r\n				\'3\'=>\'drei Spalten\'\r\n			);\r\n			?>\r\n			<select name=\"REX_INPUT_VALUE[19]\" id=\"choices\" class=\"form-control\">\r\n			<?php foreach ($options as $k=>$v) : ?>\r\n			<option value=\"<?php echo $k; ?>\"<?php if ($k == \"REX_VALUE[19]\") echo \' selected=\"selected\"\' ?>><?php echo $v; ?></option>\r\n			<?php endforeach ?>\r\n			</select>\r\n        </div>\r\n    </div>\r\n\r\n	<div class=\"form-group\">\r\n		<label class=\"col-sm-2 control-label\" for=\"size\">Abstand</label>\r\n		<div class=\"col-sm-10\">\r\n			<?php\r\n				$options = array(\r\n				\'\'=>\'oben und unten\',\r\n				\'top\'=>\'nur oben\',\r\n				\'bottom\'=>\'nur unten\',\r\n				\'no-distance\' => \'none\'\r\n			);\r\n			?>\r\n			<select name=\"REX_INPUT_VALUE[17]\" id=\"size\" class=\"form-control\">\r\n			<?php foreach ($options as $k=>$v) : ?>\r\n			<option value=\"<?php echo $k; ?>\"<?php if ($k == \"REX_VALUE[17]\") echo \' selected=\"selected\"\' ?>><?php echo $v; ?></option>\r\n			<?php endforeach ?>\r\n			</select>\r\n		</div>\r\n	</div>\r\n</fieldset>\r\n\r\n<fieldset class=\"form-horizontal\">\r\n    <legend>1. Spalte</legend>\r\n\r\n    <div class=\"form-group\">\r\n        <label class=\"col-sm-2 control-label\" for=\"small_headline_1\">Kleine Überschrift</label>\r\n        <div class=\"col-sm-10\">\r\n            <input class=\"form-control\" id=\"small_headline_1\" type=\"text\" name=\"REX_INPUT_VALUE[1]\" value=\"REX_VALUE[1]\" />\r\n        </div>\r\n    </div>\r\n\r\n    <div class=\"form-group\">\r\n        <label class=\"col-sm-2 control-label\" for=\"headline_1\">Überschrift</label>\r\n        <div class=\"col-sm-10\">\r\n            <input class=\"form-control\" id=\"headline_1\" type=\"text\" name=\"REX_INPUT_VALUE[2]\" value=\"REX_VALUE[2]\" />\r\n        </div>\r\n    </div>\r\n\r\n    <div class=\"form-group\">\r\n        <label class=\"col-sm-2 control-label\" for=\"markitup_textile_1\">Text</label>\r\n        <div class=\"col-sm-10\">\r\n            <textarea cols=\"1\" rows=\"6\" class=\"form-control markitupEditor-markdown_full\" id=\"markitup_textile_1\" name=\"REX_INPUT_VALUE[3]\">REX_VALUE[3]</textarea>\r\n        </div>\r\n    </div>\r\n\r\n    <div class=\"form-group\">\r\n        <label class=\"col-sm-2 control-label\" for=\"shadow_1\">Schatten</label>\r\n        <div class=\"col-sm-10\">\r\n            <?php\r\n                $options = array(\r\n                \'\'=>\'normal\',\r\n                \'shadow\'=>\'dezenter Schatten\',\r\n                \'big-shadow\'=>\'großer Schatten\'\r\n            );\r\n            ?>\r\n            <select name=\"REX_INPUT_VALUE[4]\" id=\"shadow_1\" class=\"form-control\">\r\n            <?php foreach ($options as $k=>$v) : ?>\r\n            <option value=\"<?php echo $k; ?>\"<?php if ($k == \"REX_VALUE[4]\") echo \' selected=\"selected\"\' ?>><?php echo $v; ?></option>\r\n            <?php endforeach ?>\r\n            </select>\r\n        </div>\r\n    </div>\r\n\r\n    <div class=\"form-group\">\r\n        <label class=\"col-sm-2 control-label\" for=\"color_1\">Farbe</label>\r\n        <div class=\"col-sm-10\">\r\n            <?php\r\n                $options = array(\r\n                \'\'=>\'weiß\',\r\n                \'blue\'=>\'blau\',\r\n                \'green\'=>\'grün\',\r\n                \'yellow\'=>\'gelb\',\r\n                \'brown\'=>\'braun\',\r\n                \'purple\'=>\'lila\',\r\n                \'orange\'=>\'orange\'\r\n            );\r\n            ?>\r\n            <select name=\"REX_INPUT_VALUE[5]\" id=\"color_1\" class=\"form-control\">\r\n            <?php foreach ($options as $k=>$v) : ?>\r\n            <option value=\"<?php echo $k; ?>\"<?php if ($k == \"REX_VALUE[5]\") echo \' selected=\"selected\"\' ?>><?php echo $v; ?></option>\r\n            <?php endforeach ?>\r\n            </select>\r\n        </div>\r\n    </div>\r\n\r\n	<div class=\"form-group\">\r\n        <label class=\"col-sm-2 control-label\">Link</label>\r\n        <div class=\"col-sm-10\">\r\n            REX_LINK[id=\"1\" widget=\"1\"]\r\n        </div>\r\n    </div>\r\n\r\n</fieldset>\r\n\r\n\r\n\r\n<fieldset class=\"form-horizontal off\" id=\"col2\">\r\n    <legend>2. Spalte</legend>\r\n\r\n    <div class=\"form-group\">\r\n        <label class=\"col-sm-2 control-label\" for=\"small_headline_1\">Kleine Überschrift</label>\r\n        <div class=\"col-sm-10\">\r\n            <input class=\"form-control\" id=\"small_headline_1\" type=\"text\" name=\"REX_INPUT_VALUE[6]\" value=\"REX_VALUE[6]\" />\r\n        </div>\r\n    </div>\r\n\r\n    <div class=\"form-group\">\r\n        <label class=\"col-sm-2 control-label\" for=\"headline_1\">Überschrift</label>\r\n        <div class=\"col-sm-10\">\r\n            <input class=\"form-control\" id=\"headline_1\" type=\"text\" name=\"REX_INPUT_VALUE[7]\" value=\"REX_VALUE[7]\" />\r\n        </div>\r\n    </div>\r\n\r\n    <div class=\"form-group\">\r\n        <label class=\"col-sm-2 control-label\" for=\"markitup_textile_1\">Text</label>\r\n        <div class=\"col-sm-10\">\r\n            <textarea cols=\"1\" rows=\"6\" class=\"form-control markitupEditor-markdown_full\" id=\"markitup_textile_1\" name=\"REX_INPUT_VALUE[8]\">REX_VALUE[8]</textarea>\r\n        </div>\r\n    </div>\r\n\r\n    <div class=\"form-group\">\r\n        <label class=\"col-sm-2 control-label\" for=\"shadow_1\">Schatten</label>\r\n        <div class=\"col-sm-10\">\r\n            <?php\r\n                $options = array(\r\n                \'\'=>\'normal\',\r\n                \'shadow\'=>\'dezenter Schatten\',\r\n                \'big-shadow\'=>\'großer Schatten\'\r\n            );\r\n            ?>\r\n            <select name=\"REX_INPUT_VALUE[9]\" id=\"shadow_1\" class=\"form-control\">\r\n            <?php foreach ($options as $k=>$v) : ?>\r\n            <option value=\"<?php echo $k; ?>\"<?php if ($k == \"REX_VALUE[9]\") echo \' selected=\"selected\"\' ?>><?php echo $v; ?></option>\r\n            <?php endforeach ?>\r\n            </select>\r\n        </div>\r\n    </div>\r\n\r\n    <div class=\"form-group\">\r\n        <label class=\"col-sm-2 control-label\" for=\"color_1\">Farbe</label>\r\n        <div class=\"col-sm-10\">\r\n            <?php\r\n                $options = array(\r\n                \'\'=>\'weiß\',\r\n                \'blue\'=>\'blau\',\r\n                \'green\'=>\'grün\',\r\n                \'yellow\'=>\'gelb\',\r\n                \'brown\'=>\'braun\',\r\n                \'purple\'=>\'lila\',\r\n                \'orange\'=>\'orange\'\r\n            );\r\n            ?>\r\n            <select name=\"REX_INPUT_VALUE[10]\" id=\"color_1\" class=\"form-control\">\r\n            <?php foreach ($options as $k=>$v) : ?>\r\n            <option value=\"<?php echo $k; ?>\"<?php if ($k == \"REX_VALUE[10]\") echo \' selected=\"selected\"\' ?>><?php echo $v; ?></option>\r\n            <?php endforeach ?>\r\n            </select>\r\n        </div>\r\n    </div>\r\n\r\n	<div class=\"form-group\">\r\n        <label class=\"col-sm-2 control-label\">Link</label>\r\n        <div class=\"col-sm-10\">\r\n            REX_LINK[id=\"2\" widget=\"1\"]\r\n        </div>\r\n    </div>\r\n</fieldset>\r\n\r\n\r\n<fieldset class=\"form-horizontal off\" id=\"col3\">\r\n    <legend>3. Spalte</legend>\r\n\r\n    <div class=\"form-group\">\r\n        <label class=\"col-sm-2 control-label\" for=\"small_headline_1\">Kleine Überschrift</label>\r\n        <div class=\"col-sm-10\">\r\n            <input class=\"form-control\" id=\"small_headline_1\" type=\"text\" name=\"REX_INPUT_VALUE[11]\" value=\"REX_VALUE[11]\" />\r\n        </div>\r\n    </div>\r\n\r\n    <div class=\"form-group\">\r\n        <label class=\"col-sm-2 control-label\" for=\"headline_1\">Überschrift</label>\r\n        <div class=\"col-sm-10\">\r\n            <input class=\"form-control\" id=\"headline_1\" type=\"text\" name=\"REX_INPUT_VALUE[12]\" value=\"REX_VALUE[12]\" />\r\n        </div>\r\n    </div>\r\n\r\n    <div class=\"form-group\">\r\n        <label class=\"col-sm-2 control-label\" for=\"markitup_textile_1\">Text</label>\r\n        <div class=\"col-sm-10\">\r\n            <textarea cols=\"1\" rows=\"6\" class=\"form-control markitupEditor-markdown_full\" id=\"markitup_textile_1\" name=\"REX_INPUT_VALUE[13]\">REX_VALUE[13]</textarea>\r\n        </div>\r\n    </div>\r\n\r\n    <div class=\"form-group\">\r\n        <label class=\"col-sm-2 control-label\" for=\"shadow_1\">Schatten</label>\r\n        <div class=\"col-sm-10\">\r\n            <?php\r\n                $options = array(\r\n                \'\'=>\'normal\',\r\n                \'shadow\'=>\'dezenter Schatten\',\r\n                \'big-shadow\'=>\'großer Schatten\'\r\n            );\r\n            ?>\r\n            <select name=\"REX_INPUT_VALUE[14]\" id=\"shadow_1\" class=\"form-control\">\r\n            <?php foreach ($options as $k=>$v) : ?>\r\n            <option value=\"<?php echo $k; ?>\"<?php if ($k == \"REX_VALUE[14]\") echo \' selected=\"selected\"\' ?>><?php echo $v; ?></option>\r\n            <?php endforeach ?>\r\n            </select>\r\n        </div>\r\n    </div>\r\n\r\n    <div class=\"form-group\">\r\n        <label class=\"col-sm-2 control-label\" for=\"color_1\">Farbe</label>\r\n        <div class=\"col-sm-10\">\r\n            <?php\r\n                $options = array(\r\n                \'\'=>\'weiß\',\r\n                \'blue\'=>\'blau\',\r\n                \'green\'=>\'grün\',\r\n                \'yellow\'=>\'gelb\',\r\n                \'brown\'=>\'braun\',\r\n                \'purple\'=>\'lila\',\r\n                \'orange\'=>\'orange\'\r\n            );\r\n            ?>\r\n            <select name=\"REX_INPUT_VALUE[15]\" id=\"color_1\" class=\"form-control\">\r\n            <?php foreach ($options as $k=>$v) : ?>\r\n            <option value=\"<?php echo $k; ?>\"<?php if ($k == \"REX_VALUE[15]\") echo \' selected=\"selected\"\' ?>><?php echo $v; ?></option>\r\n            <?php endforeach ?>\r\n            </select>\r\n        </div>\r\n    </div>\r\n\r\n	<div class=\"form-group\">\r\n        <label class=\"col-sm-2 control-label\">Link</label>\r\n        <div class=\"col-sm-10\">\r\n            REX_LINK[id=\"3\" widget=\"1\"]\r\n        </div>\r\n    </div>\r\n</fieldset>\r\n','2020-02-21 17:47:10','admin','0000-00-00 00:00:00','',NULL,0),
  (5,NULL,'05 . Neueste User','<div class=\"row\">\r\n\r\n<h2 class=\"text-center\">Die neuesten User</h2><br>\r\n	<?php\r\n	$sql = rex_sql::factory();\r\n	$sql_query = \'\r\n		SELECT\r\n			firstname, name, pic, slogan, email\r\n		FROM\r\n			rex_ycom_user\r\n		WHERE\r\n			status = 1\r\n		ORDER BY\r\n			id DESC\r\n		LIMIT 4\';\r\n\r\n	$sql->setQuery($sql_query);\r\n\r\n	for ($i=0; $i<$sql->getRows(); $i++) {\r\n\r\n		$profile_pic = \'profile_default.png\';\r\n		if ($sql->getValue(\'pic\') != \'\') $profile_pic = $sql->getValue(\'pic\');\r\n\r\n		echo \'\r\n		<div class=\"col-md-3 col-sm-6\">\r\n			<div class=\"card card-user\">\r\n				<div class=\"image\">\r\n					 <img src=\"\'.rex_url::base(\'index.php?rex_media_type=blur&rex_media_file=\'.$profile_pic.\'\').\'\" alt=\"\'.$sql->getValue(\'firstname\').\' \'.$sql->getValue(\'name\').\'\"/>\r\n				</div>\r\n				<div class=\"content\">\r\n					<div class=\"author\">\r\n						<img class=\"avatar border-white\" src=\"\'.rex_url::base(\'index.php?rex_media_type=profile&rex_media_file=\'.$profile_pic.\'\').\'\" alt=\"\'.$sql->getValue(\'firstname\').\' \'.$sql->getValue(\'name\').\'\"/>\r\n\r\n						  <h4 class=\"title\">\'.$sql->getValue(\'firstname\').\' \'.$sql->getValue(\'name\').\'</h4>\r\n					</div>\r\n					<p class=\"description text-center\">\r\n						\'.$sql->getValue(\'slogan\').\'\r\n					</p>\r\n				</div>\r\n				<div class=\"card-footer text-center\">\r\n					<button href=\"mailto:\'.$sql->getValue(\'slogan\').\'\" class=\"btn btn-icon\"><i class=\"ti-email\"></i></button>\r\n				</div>\r\n			</div> <!-- end card -->\r\n		</div>\';\r\n\r\n		$sql->next();\r\n	}\r\n	?>\r\n\r\n</div>','','2020-02-21 17:47:40','admin','0000-00-00 00:00:00','',NULL,0),
  (6,NULL,'06 . Tabs','<?php\r\n$tab_title1 = (\"REX_VALUE[1]\" != \'\') ? \'<li class=\"active\"><a href=\"#tab1\" data-toggle=\"tab\">REX_VALUE[1]</a></li>\' : \'\';\r\n$tab_title2 = (\"REX_VALUE[2]\" != \'\') ? \'<li><a href=\"#tab2\" data-toggle=\"tab\">REX_VALUE[2]</a></li>\' : \'\';\r\n$tab_title3 = (\"REX_VALUE[3]\" != \'\') ? \'<li><a href=\"#tab3\" data-toggle=\"tab\">REX_VALUE[3]</a></li>\' : \'\';\r\n$tab_title4 = (\"REX_VALUE[4]\" != \'\') ? \'<li><a href=\"#tab4\" data-toggle=\"tab\">REX_VALUE[4]</a></li>\' : \'\';\r\n$tab_title5 = (\"REX_VALUE[5]\" != \'\') ? \'<li><a href=\"#tab5\" data-toggle=\"tab\">REX_VALUE[5]</a></li>\' : \'\';\r\n\r\n$markdown1 = markitup::parseOutput(\'markdown\', \'REX_VALUE[id=11 output=\"html\"]\');\r\n$markdown2 = markitup::parseOutput(\'markdown\', \'REX_VALUE[id=12 output=\"html\"]\');\r\n$markdown3 = markitup::parseOutput(\'markdown\', \'REX_VALUE[id=13 output=\"html\"]\');\r\n$markdown4 = markitup::parseOutput(\'markdown\', \'REX_VALUE[id=14 output=\"html\"]\');\r\n$markdown5 = markitup::parseOutput(\'markdown\', \'REX_VALUE[id=15 output=\"html\"]\');\r\n\r\n$tab_text1 = (\"REX_VALUE[11]\" != \'\') ? \'<div class=\"tab-pane active\" id=\"tab1\">\'.str_replace(array(\'<strong><em>\',\'</em></strong>\'), array(\'<span class=\"label label-primary\">\',\'</span>\'), $markdown1).\'</div>\' : \'\';\r\n$tab_text2 = (\"REX_VALUE[12]\" != \'\') ? \'<div class=\"tab-pane\" id=\"tab2\">\'.str_replace(array(\'<strong><em>\',\'</em></strong>\'), array(\'<span class=\"label label-primary\">\',\'</span>\'), $markdown2).\'</div>\' : \'\';\r\n$tab_text3 = (\"REX_VALUE[13]\" != \'\') ? \'<div class=\"tab-pane\" id=\"tab3\">\'.str_replace(array(\'<strong><em>\',\'</em></strong>\'), array(\'<span class=\"label label-primary\">\',\'</span>\'), $markdown3).\'</div>\' : \'\';\r\n$tab_text4 = (\"REX_VALUE[14]\" != \'\') ? \'<div class=\"tab-pane\" id=\"tab4\">\'.str_replace(array(\'<strong><em>\',\'</em></strong>\'), array(\'<span class=\"label label-primary\">\',\'</span>\'), $markdown4).\'</div>\' : \'\';\r\n$tab_text5 = (\"REX_VALUE[15]\" != \'\') ? \'<div class=\"tab-pane\" id=\"tab5\">\'.str_replace(array(\'<strong><em>\',\'</em></strong>\'), array(\'<span class=\"label label-primary\">\',\'</span>\'), $markdown5).\'</div>\' : \'\';\r\n\r\nif (\"REX_VALUE[18]\" == \'v\') {\r\n\r\n	echo \'\r\n	<div class=\"row tabs module-wrapper\">\r\n	    <div class=\"col-md-12\">\r\n	        <div class=\"nav-tabs-navigation\">\r\n	            <div class=\"nav-tabs-wrapper\">\r\n	            	<ul id=\"tabs\" class=\"nav nav-tabs\" data-tabs=\"tabs\">\r\n						\'.$tab_title1.$tab_title2.$tab_title3.$tab_title4.$tab_title5.\'\r\n	            	</ul>\r\n	        	</div>\r\n	        </div>\r\n	        <div id=\"my-tab-content\" class=\"tab-content text-center\">\r\n				\'.$tab_text1.$tab_text2.$tab_text3.$tab_text4.$tab_text5.\'\r\n	        </div>\r\n	    </div>\r\n	</div>\';\r\n\r\n} elseif (\"REX_VALUE[18]\" == \'h\') {\r\n\r\n	echo \'\r\n	<div class=\"row tabs module-wrapper\">\r\n        <div class=\"col-md-12\">\r\n            <div class=\"row\">\r\n                <div class=\"col-md-offset-1 col-md-2 col-sm-offset-1 col-sm-2 col-xs-5\">\r\n                    <ul class=\"nav nav-stacked\" role=\"tablist\">\r\n					 	\'.$tab_title1.$tab_title2.$tab_title3.$tab_title4.$tab_title5.\'\r\n                    </ul>\r\n                </div>\r\n                <div class=\"col-md-8 col-sm-8 col-xs-7\">\r\n                    <!-- Tab panes -->\r\n                    <div class=\"tab-content\">\r\n						\'.$tab_text1.$tab_text2.$tab_text3.$tab_text4.$tab_text5.\'\r\n                     </div>\r\n                </div>\r\n            </div>\r\n	    </div>\r\n	</div>\';\r\n\r\n}\r\n','<!-- *******************************************************\r\nTABS\r\n******************************************************** -->\r\n\r\n<script type=\"text/javascript\">\r\njQuery(function($){\r\n	$(document).ready(function(){\r\n\r\n		$(\'select#choices\').change(function() {\r\n			$(\'.off\').hide();\r\n\r\n			for(var i = 1; i <= parseInt($(this).val()); i++) {\r\n				$(\'#col\' + i).show();\r\n			}\r\n		});\r\n\r\n		$(\'select#choices\').change();\r\n\r\n	})\r\n});\r\n</script>\r\n\r\n<fieldset class=\"form-horizontal\">\r\n	<legend>Tabs Einstellungen</legend>\r\n    <div class=\"form-group\">\r\n        <label class=\"col-sm-2 control-label\" for=\"choices\">Anzahl der Tabs</label>\r\n        <div class=\"col-sm-10\">\r\n			<?php\r\n				$options = array(\r\n				\'\'=>\'2\',\r\n				\'3\'=>\'3\',\r\n				\'4\'=>\'4\',\r\n				\'5\'=>\'5\'\r\n			);\r\n			?>\r\n			<select name=\"REX_INPUT_VALUE[19]\" id=\"choices\" class=\"form-control\">\r\n			<?php foreach ($options as $k=>$v) : ?>\r\n			<option value=\"<?php echo $k; ?>\"<?php if ($k == \"REX_VALUE[19]\") echo \' selected=\"selected\"\' ?>><?php echo $v; ?></option>\r\n			<?php endforeach ?>\r\n			</select>\r\n        </div>\r\n    </div>\r\n\r\n    <div class=\"form-group\">\r\n        <label class=\"col-sm-2 control-label\" for=\"headline-level\">Tabs-Optik</label>\r\n        <div class=\"col-sm-10\">\r\n			<?php\r\n				$options = array(\r\n				\'v\'=>\'vertikal\',\r\n				\'h\'=>\'horizontal\'\r\n			);\r\n			?>\r\n			<select name=\"REX_INPUT_VALUE[18]\" id=\"headline-level\" class=\"form-control\">\r\n			<?php foreach ($options as $k=>$v) : ?>\r\n			<option value=\"<?php echo $k; ?>\"<?php if ($k == \"REX_VALUE[18]\") echo \' selected=\"selected\"\' ?>><?php echo $v; ?></option>\r\n			<?php endforeach ?>\r\n			</select>\r\n        </div>\r\n    </div>\r\n</fieldset>\r\n\r\n<fieldset class=\"form-horizontal\">\r\n	<legend>Tab 1</legend>\r\n	<div class=\"form-group\">\r\n		<label class=\"col-sm-2 control-label\" for=\"tabtitle1\">Tab-Titel 1</label>\r\n		<div class=\"col-sm-10\">\r\n			<input class=\"form-control\" id=\"tabtitle1\" type=\"text\" name=\"REX_INPUT_VALUE[1]\" value=\"REX_VALUE[1]\" />\r\n		</div>\r\n	</div>\r\n	<div class=\"form-group\">\r\n		<label class=\"col-sm-2 control-label\" for=\"markitup_markdown_1\">Tab-Text 1</label>\r\n		<div class=\"col-sm-10\">\r\n			<textarea cols=\"1\" rows=\"6\" class=\"form-control markitupEditor-markdown_full\" id=\"markitup_markdown_1\" name=\"REX_INPUT_VALUE[11]\">REX_VALUE[11]</textarea>\r\n		</div>\r\n	</div>\r\n</fieldset>\r\n\r\n<fieldset class=\"form-horizontal\">\r\n	<legend>Tab 2</legend>\r\n	<div class=\"form-group\">\r\n		<label class=\"col-sm-2 control-label\" for=\"tabtitle2\">Tab-Titel 2</label>\r\n		<div class=\"col-sm-10\">\r\n			<input class=\"form-control\" id=\"tabtitle2\" type=\"text\" name=\"REX_INPUT_VALUE[2]\" value=\"REX_VALUE[2]\" />\r\n		</div>\r\n	</div>\r\n	<div class=\"form-group\">\r\n		<label class=\"col-sm-2 control-label\" for=\"markitup_markdown_2\">Tab-Text 2</label>\r\n		<div class=\"col-sm-10\">\r\n			<textarea cols=\"1\" rows=\"6\" class=\"form-control markitupEditor-markdown_full\" id=\"markitup_markdown_2\" name=\"REX_INPUT_VALUE[12]\">REX_VALUE[12]</textarea>\r\n		</div>\r\n	</div>\r\n</fieldset>\r\n\r\n<fieldset class=\"form-horizontal off\" id=\"col3\">\r\n	<legend>Tab 3</legend>\r\n	<div class=\"form-group\">\r\n		<label class=\"col-sm-2 control-label\" for=\"tabtitle3\">Tab-Titel 3</label>\r\n		<div class=\"col-sm-10\">\r\n			<input class=\"form-control\" id=\"tabtitle3\" type=\"text\" name=\"REX_INPUT_VALUE[3]\" value=\"REX_VALUE[3]\" />\r\n		</div>\r\n	</div>\r\n	<div class=\"form-group\">\r\n		<label class=\"col-sm-2 control-label\" for=\"markitup_markdown_3\">Tab-Text 3</label>\r\n		<div class=\"col-sm-10\">\r\n			<textarea cols=\"1\" rows=\"6\" class=\"form-control markitupEditor-markdown_full\" id=\"markitup_markdown_3\" name=\"REX_INPUT_VALUE[13]\">REX_VALUE[13]</textarea>\r\n		</div>\r\n	</div>\r\n</fieldset>\r\n\r\n<fieldset class=\"form-horizontal off\" id=\"col4\">\r\n	<legend>Tab 3</legend>\r\n	<div class=\"form-group\">\r\n		<label class=\"col-sm-2 control-label\" for=\"tabtitle4\">Tab-Titel 4</label>\r\n		<div class=\"col-sm-10\">\r\n			<input class=\"form-control\" id=\"tabtitle4\" type=\"text\" name=\"REX_INPUT_VALUE[4]\" value=\"REX_VALUE[4]\" />\r\n		</div>\r\n	</div>\r\n	<div class=\"form-group\">\r\n		<label class=\"col-sm-2 control-label\" for=\"markitup_markdown_4\">Tab-Text 4</label>\r\n		<div class=\"col-sm-10\">\r\n			<textarea cols=\"1\" rows=\"6\" class=\"form-control markitupEditor-markdown_full\" id=\"markitup_markdown_4\" name=\"REX_INPUT_VALUE[14]\">REX_VALUE[14]</textarea>\r\n		</div>\r\n	</div>\r\n</fieldset>\r\n\r\n<fieldset class=\"form-horizontal off\" id=\"col5\">\r\n	<legend>Tab 3</legend>\r\n	<div class=\"form-group\">\r\n		<label class=\"col-sm-2 control-label\" for=\"tabtitle5\">Tab-Titel 5</label>\r\n		<div class=\"col-sm-10\">\r\n			<input class=\"form-control\" id=\"tabtitle5\" type=\"text\" name=\"REX_INPUT_VALUE[5]\" value=\"REX_VALUE[5]\" />\r\n		</div>\r\n	</div>\r\n	<div class=\"form-group\">\r\n		<label class=\"col-sm-2 control-label\" for=\"markitup_markdown_5\">Tab-Text 5</label>\r\n		<div class=\"col-sm-10\">\r\n			<textarea cols=\"1\" rows=\"6\" class=\"form-control markitupEditor-markdown_full\" id=\"markitup_markdown_5\" name=\"REX_INPUT_VALUE[15]\">REX_VALUE[15]</textarea>\r\n		</div>\r\n	</div>\r\n</fieldset>\r\n','2020-02-21 17:48:22','admin','0000-00-00 00:00:00','',NULL,0),
  (7,NULL,'08 . Button mit Modal-Popup','<?php\r\n$visible = true; // Zunächst für jeden sichtbar\r\nif (\"REX_VALUE[18]\" == 1) { // definiert als nur sichtbar, wenn eingeloggt\r\n	if (!rex_backend_login::hasSession()) {	// wenn man nicht in Redaxo eingeloggt ist, Status auf unsichtbar\r\n		$visible = false;\r\n	}\r\n}\r\n\r\nif ($visible == true) {\r\n\r\n	echo \'\r\n	<div id=\"modals\">\r\n	    <button class=\"btn modal-opener\" data-toggle=\"modal\" data-target=\"#classicModal\">\r\n	              <i class=\"ti-announcement\"></i> REX_VALUE[1]\r\n	    </button>\r\n	</div>\r\n\r\n	<!-- classic modal -->\r\n	<div class=\"modal fade\" id=\"classicModal\" tabindex=\"-1\" role=\"dialog\" aria-labelledby=\"myModalLabel\" aria-hidden=\"true\">\r\n		<div class=\"modal-dialog\">\r\n			<div class=\"modal-content\">\';\r\n\r\n				if (\"REX_VALUE[2]\" != \'\') {\r\n					echo \'\r\n					<div class=\"modal-header\">\r\n						<button type=\"button\" class=\"close\" data-dismiss=\"modal\" aria-hidden=\"true\">&times;</button>\r\n						<h4 class=\"modal-title\" id=\"myModalLabel\">REX_VALUE[2]</h4>\r\n					</div>\';\r\n				}\r\n				\r\n				echo \'\r\n				<div class=\"modal-body\">\';\r\n\r\n				if (\'REX_VALUE[id=3 isset=1]\') {\r\n					$markdown = markitup::parseOutput(\'markdown\', \'REX_VALUE[id=3 output=\"html\"]\');\r\n					echo str_replace(array(\'<strong><em>\',\'</em></strong>\'), array(\'<span class=\"label label-primary\">\',\'</span>\'), $markdown);\r\n				}\r\n\r\n				echo \'\r\n				</div>\r\n\r\n				<div class=\"modal-footer\">\';\r\n\r\n					if (\"REX_VALUE[4]\" != \'\') {\r\n						echo \'\r\n						<div class=\"left-side\">\r\n							<button type=\"button\" class=\"btn btn-default btn-simple\">REX_VALUE[4]</button>\r\n						</div>\r\n						<div class=\"divider\"></div>\';\r\n\r\n					}\r\n\r\n					$class = (\"REX_VALUE[4]\" != \'\') ? \' class=\"right-side\"\' : \'\';\r\n					echo \'\r\n					<div\'.$class.\'>\r\n						<button type=\"button\" class=\"btn btn-danger btn-simple\" data-dismiss=\"modal\">Schließen</button>\r\n					</div>\r\n\r\n				</div>\r\n			</div>\r\n		</div>\r\n	</div>\r\n	<!-- end modal -->\';\r\n\r\n}\r\n?>','<!-- *******************************************************\r\nBUTTON MIT MODUL-POPUP\r\n******************************************************** -->\r\n\r\n<fieldset class=\"form-horizontal\">\r\n    <div class=\"form-group\">\r\n        <label class=\"col-sm-2 control-label\" for=\"only_admin\">Sichtbar</label>\r\n        <div class=\"col-sm-10\">\r\n			<input type=\"checkbox\" name=\"REX_INPUT_VALUE[18]\" id=\"only_admin\" value=\"1\" <?= \"REX_VALUE[18]\" == \'1\' ? \' checked=\"checked\"\' : \'\' ?>> Nur, wenn in Redaxo eingeloggt\r\n\r\n			<br><br>\r\n			<section class=\"rex-page-section\">\r\n				<div class=\"panel panel-default\">\r\n\r\n					<header class=\"panel-heading collapsed\" data-toggle=\"collapse\" data-target=\"#collapse-REX_SLICE_ID\" aria-expanded=\"false\">\r\n						<div class=\"panel-title\"><i class=\"rex-icon rex-icon-info\"></i> Hinweis</div>\r\n					</header>\r\n\r\n					<div id=\"collapse-REX_SLICE_ID\" class=\"panel-collapse collapse\" aria-expanded=\"false\" style=\"height: 0px;\">\r\n\r\n						<div class=\"panel-body\" style=\"background: #f3f6fb;\">\r\n							<ul>\r\n								<li>Hier kann man eine linke und rechte Einrückung von je zwei Spalten des 12er-Bootstrap-Rasters aktivieren.</li>\r\n								<li>Der vertikale Abstand erzeugt einen oberen und unteren Zwischenraum von jeweils 60px.</li>\r\n							</ul>\r\n						</div>\r\n					</div>\r\n				</div>\r\n			</section>\r\n\r\n		</div>\r\n	</div>\r\n\r\n    <div class=\"form-group\">\r\n        <label class=\"col-sm-2 control-label\" for=\"button-text\">Button-Text</label>\r\n        <div class=\"col-sm-10\">\r\n            <input class=\"form-control\" id=\"button-text\" type=\"text\" name=\"REX_INPUT_VALUE[1]\" value=\"REX_VALUE[1]\" />\r\n        </div>\r\n    </div>\r\n\r\n    <div class=\"form-group\">\r\n        <label class=\"col-sm-2 control-label\" for=\"headline\">Überschrift</label>\r\n        <div class=\"col-sm-10\">\r\n            <input class=\"form-control\" id=\"headline\" type=\"text\" name=\"REX_INPUT_VALUE[2]\" value=\"REX_VALUE[2]\" />\r\n        </div>\r\n    </div>\r\n\r\n    <div class=\"form-group\">\r\n        <label class=\"col-sm-2 control-label\" for=\"markitup_markdown_1\">Text</label>\r\n        <div class=\"col-sm-10\">\r\n            <textarea cols=\"1\" rows=\"6\" class=\"form-control markitupEditor-markdown_full\" id=\"markitup_markdown_1\" name=\"REX_INPUT_VALUE[3]\">REX_VALUE[3]</textarea>\r\n        </div>\r\n    </div>\r\n\r\n</fieldset>\r\n','2020-02-21 17:48:49','admin','0000-00-00 00:00:00','',NULL,0),
  (8,NULL,'09 . Galerie','<?php\r\nif (\"REX_MEDIALIST[1]\" != \'\') {\r\n\r\n	$pics_per_row = \'\';\r\n	switch (\"REX_VALUE[1]\") {\r\n	case \'2\':\r\n	   $pics_per_row = \'col-md-6 col-sm-12\';\r\n	   break;\r\n\r\n	case \'3\':\r\n	   $pics_per_row = \'col-md-4 col-sm-12\';\r\n	   break;\r\n\r\n	case \'4\':\r\n	   $pics_per_row = \'col-md-3 col-sm-6\';\r\n	   break;\r\n	}\r\n	\r\n	$imagelist = explode(\',\', \"REX_MEDIALIST[1]\");\r\n	\r\n	echo \'\r\n	<!-- gallery -->\r\n	<!-- Root element von PhotoSwipe. Muss die Klasse pswp haben. -->\r\n	<div class=\"pswp\" tabindex=\"-1\" role=\"dialog\" aria-hidden=\"true\">\r\n	\r\n		<!-- Hintergrund von PhotoSwipe.\r\n		Ein separates Element, das Animieren von opacity schneller ist als rgba(). -->\r\n		<div class=\"pswp__bg\"></div>\r\n	\r\n		<!-- Slides wrapper with overflow:hidden. -->\r\n		<div class=\"pswp__scroll-wrap\">\r\n	\r\n			<!-- Container that holds slides.\r\n			PhotoSwipe hält nur 3 im DOM, um Speicher zu sparen.\r\n			Nicht diese 3 pswp__item Elemente verändern, weil die Daten später modifiziert werden. -->\r\n			<div class=\"pswp__container\">\r\n				<div class=\"pswp__item\"></div>\r\n				<div class=\"pswp__item\"></div>\r\n				<div class=\"pswp__item\"></div>\r\n			</div>\r\n	\r\n			<!-- Default (PhotoSwipeUI_Default) interface on top of sliding area. Can be changed. -->\r\n			<div class=\"pswp__ui pswp__ui--hidden\">\r\n	\r\n				<div class=\"pswp__top-bar\">\r\n	\r\n					<!--  Controls are self-explanatory. Order can be changed. -->\r\n					<div class=\"pswp__counter\"></div>\r\n	\r\n					<button class=\"pswp__button pswp__button--close\" title=\"Schließen (Esc)\"></button>\r\n					<button class=\"pswp__button pswp__button--share\" title=\"Teilen\"></button>\r\n					<button class=\"pswp__button pswp__button--fs\" title=\"Vollbild\"></button>\r\n					<button class=\"pswp__button pswp__button--zoom\" title=\"Vergrößern / Verkleinern\"></button>\r\n	\r\n					<!-- Preloader demo http://codepen.io/dimsemenov/pen/yyBWoR -->\r\n					<!-- element will get class pswp__preloader--active when preloader is running -->\r\n					<div class=\"pswp__preloader\">\r\n						<div class=\"pswp__preloader__icn\">\r\n						  <div class=\"pswp__preloader__cut\">\r\n							<div class=\"pswp__preloader__donut\"></div>\r\n						  </div>\r\n						</div>\r\n					</div>\r\n				</div>\r\n	\r\n				<div class=\"pswp__share-modal pswp__share-modal--hidden pswp__single-tap\">\r\n					<div class=\"pswp__share-tooltip\"></div>\r\n				</div>\r\n	\r\n				<button class=\"pswp__button pswp__button--arrow--left\" title=\"Zurück (Pfeil links)\"></button>\r\n				<button class=\"pswp__button pswp__button--arrow--right\" title=\"Weiter (Pfeil rechts)\"></button>\r\n	\r\n				<div class=\"pswp__caption\">\r\n					<div class=\"pswp__caption__center\"></div>\r\n				</div>\r\n	\r\n			</div>\r\n		</div>\r\n	</div>\r\n	\r\n	<div class=\"my-gallery\" itemscope itemtype=\"http://schema.org/ImageGallery\">\r\n		<div class=\"row\">\';\r\n	\r\n			foreach ($imagelist as $file) {\r\n				$media = rex_media::get($file);\r\n				if ($media) {\r\n				\r\n					$mediatitle = $media->getValue(\'title\');\r\n					$mediadesc = str_replace(array(\"\\r\\n\", \"\\n\", \"\\r\"), \' \', $media->getValue(\'med_description\'));\r\n\r\n					$pic = rex_path::media($file);\r\n					$size = getimagesize($pic);\r\n					$width = $size[0];\r\n					$height = $size[1];\r\n								\r\n					echo \'\r\n					<figure itemprop=\"associatedMedia\" itemscope itemtype=\"http://schema.org/ImageObject\" class=\"\'.$pics_per_row.\' gallery-item\">\r\n						<a href=\"\'.rex_url::base(\'media/\'.$file).\'\" itemprop=\"contentUrl\" data-size=\"\'.$width.\'x\'.$height.\'\">\r\n							<img src=\"\'.rex_url::base(\'index.php?rex_media_type=thumb&rex_media_file=\'.$file.\'\').\'\" itemprop=\"thumbnail\" alt=\"\'.$mediadesc.\'\" class=\"img-rounded img-responsive\" />\r\n						</a>\r\n						<figcaption itemprop=\"caption description\" class=\"gallery-caption\">\'.$mediatitle.\'</figcaption>\r\n					</figure>\';\r\n\r\n				}\r\n			}\r\n\r\n		echo \'\r\n		</div>\r\n	</div>\r\n	<div class=\"clearfix\"></div>\r\n	<!-- end gallery -->\';\r\n}\r\n?>\r\n','<!-- *******************************************************\r\nGALERIE\r\n******************************************************** -->\r\n\r\n<fieldset class=\"form-horizontal\">\r\n    <legend>Galerie</legend>\r\n\r\n    <div class=\"form-group\">\r\n        <label class=\"col-sm-2 control-label\" for=\"headline\">Bilder</label>\r\n		<div class=\"col-sm-10\">\r\n            REX_MEDIALIST[id=\"1\" widget=\"1\"]\r\n        </div>\r\n    </div>\r\n\r\n	<div class=\"form-group\">\r\n		<label class=\"col-sm-2 control-label\" for=\"size\">Bilder pro Zeile</label>\r\n		<div class=\"col-sm-10\">\r\n			<?php\r\n				$options = array(\r\n				\'2\'=>\'2\',\r\n				\'3\'=>\'3\',\r\n				\'4\'=>\'4\'\r\n			);\r\n			?>\r\n			<select name=\"REX_INPUT_VALUE[1]\" id=\"size\" class=\"form-control\">\r\n			<?php foreach ($options as $k=>$v) : ?>\r\n			<option value=\"<?php echo $k; ?>\"<?php if ($k == \"REX_VALUE[1]\") echo \' selected=\"selected\"\' ?>><?php echo $v; ?></option>\r\n			<?php endforeach ?>\r\n			</select>\r\n		</div>\r\n	</div>\r\n</fieldset>\r\n','2020-02-21 19:50:51','admin','0000-00-00 00:00:00','',NULL,0),
  (9,NULL,'10 . Trennermodul','<?php\r\n$background = (\"REX_MEDIA[1]\" != \'\') ? \' style=\"background-image: url(index.php?rex_media_type=seperator&rex_media_file=REX_MEDIA[1]);\"\' : \'\';\r\n?>\r\n</div>\r\n<div class=\"header-wrapper\">\r\n	<div class=\"header\"<?php echo $background; ?>>\r\n		<div class=\"filter\"></div>\r\n		<div class=\"container text-center\">\r\n			REX_VALUE[id=\'1\' prefix=\'<h1>\' suffix=\'</h1>\']\r\n			REX_VALUE[id=\'2\' prefix=\'<h3>\' suffix=\'</h3>\']\r\n		</div>\r\n	</div>\r\n</div>\r\n<div class=\"container\">','<!-- *******************************************************\r\nTRENNERMODUL\r\n******************************************************** -->\r\n\r\n<fieldset class=\"form-horizontal\">\r\n    <legend>Trennermodul</legend>\r\n\r\n	<div class=\"form-group\">\r\n		<label class=\"col-sm-2 control-label\">Hintergrund-Bild</label>\r\n		<div class=\"col-sm-10\">\r\n			REX_MEDIA[id=\"1\" widget=\"1\"]\r\n		</div>\r\n	</div>\r\n\r\n	<div class=\"form-group\">\r\n		<label class=\"col-sm-2 control-label\" for=\"headline\">Überschrift</label>\r\n		<div class=\"col-sm-10\">\r\n			<input class=\"form-control\" id=\"headline\" type=\"text\" name=\"REX_INPUT_VALUE[1]\" value=\"REX_VALUE[1]\" />\r\n		</div>\r\n	</div>\r\n\r\n	<div class=\"form-group\">\r\n		<label class=\"col-sm-2 control-label\" for=\"sub-headline\">Unter-Überschrift</label>\r\n		<div class=\"col-sm-10\">\r\n			<input class=\"form-control\" id=\"sub-headline\" type=\"text\" name=\"REX_INPUT_VALUE[2]\" value=\"REX_VALUE[2]\" />\r\n		</div>\r\n	</div>\r\n\r\n</fieldset>\r\n','2020-02-21 19:53:02','admin','2020-02-21 20:00:37','admin',NULL,0),
  (10,NULL,'11 . Text Seitenspalte','<div class=\"contact-info\">\r\n	<?php\r\n	if (\"REX_VALUE[1]\" != \'\') {\r\n		$icon = (\"REX_VALUE[2]\" != \'\') ? \'<i class=\"fa REX_VALUE[2] text-muted\"></i> \' : \'\';\r\n		echo \'\r\n		<h5>\'.$icon.\'REX_VALUE[1]</h5>\';\r\n	}\r\n\r\n	if (\'REX_VALUE[id=3 isset=1]\') {\r\n		$markdown = markitup::parseOutput(\'markdown\', \'REX_VALUE[id=3 output=\"html\"]\');\r\n		echo str_replace(\'<p>\', \'<p class=\"text-muted\">\', $markdown);\r\n	}\r\n	?>\r\n</div>','<!-- *******************************************************\r\nTEXT SEITENSPALTE\r\n******************************************************** -->\r\n\r\n<fieldset class=\"form-horizontal\">\r\n    <legend>Text Seitenspalte</legend>\r\n\r\n	<div class=\"form-group\">\r\n		<label class=\"col-sm-2 control-label\" for=\"headline\">Überschrift</label>\r\n		<div class=\"col-sm-10\">\r\n			<input class=\"form-control\" id=\"headline\" type=\"text\" name=\"REX_INPUT_VALUE[1]\" value=\"REX_VALUE[1]\" />\r\n		</div>\r\n	</div>\r\n\r\n	<div class=\"form-group\">\r\n		<label class=\"col-sm-2 control-label\" for=\"icon\">Icon</label>\r\n		<div class=\"col-sm-10\">\r\n			<input class=\"form-control\" id=\"icon\" type=\"text\" name=\"REX_INPUT_VALUE[2]\" value=\"REX_VALUE[2]\" />\r\n		</div>\r\n	</div>\r\n\r\n	<div class=\"form-group\">\r\n		<label class=\"col-sm-2 markitup_markdown_1\" for=\"markitup_3\">Text</label>\r\n		<div class=\"col-sm-10\">\r\n			<textarea cols=\"1\" rows=\"6\" class=\"form-control markitupEditor-markdown_full\" id=\"markitup_markdown_1\" name=\"REX_INPUT_VALUE[3]\">REX_VALUE[3]</textarea>\r\n		</div>\r\n	</div>\r\n\r\n</fieldset>\r\n','2020-02-21 20:01:06','admin','0000-00-00 00:00:00','',NULL,0),
  (11,NULL,'12 . Footer - Links','<?php\r\nif (\'REX_LINKLIST[1]\' != \'\') {\r\n	echo \'<ul>\';\r\n	$linklist = explode(\',\',\'REX_LINKLIST[1]\');\r\n	foreach ($linklist as $link) {\r\n		$art = rex_article::get($link);\r\n		if (is_object($art)) {\r\n			$art_name = $art->getValue(\'name\');\r\n			echo \'\r\n			<li><a href=\"\'.rex_getUrl($link).\'\">\'.$art_name.\'</a></li>\';\r\n		}\r\n	}\r\n	echo \'</ul>\';\r\n}\r\n?>\r\n','<!-- *******************************************************\r\nFOOTER LINKLISTE\r\n******************************************************** -->\r\n\r\n<fieldset class=\"form-horizontal\">\r\n    <legend>Text</legend>\r\n\r\n    <div class=\"form-group\">\r\n        <label class=\"col-sm-2 control-label\" for=\"headline\">Überschrift</label>\r\n        <div class=\"col-sm-10\">\r\n            <input class=\"form-control\" id=\"headline\" type=\"text\" name=\"REX_INPUT_VALUE[1]\" value=\"REX_VALUE[1]\" />\r\n        </div>\r\n    </div>\r\n\r\n	<div class=\"form-group\">\r\n        <label class=\"col-sm-2 control-label\">Links</label>\r\n        <div class=\"col-sm-10\">\r\n            REX_LINKLIST[id=\"1\" widget=\"1\"]\r\n        </div>\r\n    </div>\r\n\r\n</fieldset>\r\n','2020-02-21 20:01:45','admin','0000-00-00 00:00:00','',NULL,0),
  (12,NULL,'07 . Großes Bild','<?php\r\nif (\"REX_MEDIA[1]\" != \'\') {\r\n\r\n	$style = \'\';\r\n	switch (\"REX_VALUE[1]\") {\r\n	case \'shadow\':\r\n	   $style = \' card-with-shadow\';\r\n	   break;\r\n\r\n	case \'big-shadow\':\r\n   	   $style = \' card-big-shadow\';\r\n   	   break;\r\n	}\r\n\r\n	echo \'\r\n	<div class=\"card\'.$style.\' full-card\">\r\n		<div class=\"card\" data-radius=\"none\">\r\n			<img src=\"\'.rex_url::base(\'index.php?rex_media_type=big&rex_media_file=REX_MEDIA[1]\').\'\">                                                                                    \r\n		</div>\r\n	</div>\';\r\n}\r\n?>\r\n','<!-- *******************************************************\r\nGROSSES BILD\r\n******************************************************** -->\r\n\r\n<fieldset class=\"form-horizontal\">\r\n    <legend>Großes Bild</legend>\r\n		<div class=\"form-group\">\r\n		<label class=\"col-sm-2 control-label\">Bild</label>\r\n		<div class=\"col-sm-10\">\r\n			REX_MEDIA[id=\"1\" widget=\"1\"]\r\n		</div>\r\n	</div>\r\n\r\n    <div class=\"form-group\">\r\n        <label class=\"col-sm-2 control-label\" for=\"shadow\">Schatten</label>\r\n        <div class=\"col-sm-10\">\r\n            <?php\r\n                $options = array(\r\n                \'\'=>\'normal\',\r\n                \'shadow\'=>\'dezenter Schatten\',\r\n                \'big-shadow\'=>\'großer Schatten\'\r\n            );\r\n            ?>\r\n            <select name=\"REX_INPUT_VALUE[1]\" id=\"shadow\" class=\"form-control\">\r\n            <?php foreach ($options as $k=>$v) : ?>\r\n            <option value=\"<?php echo $k; ?>\"<?php if ($k == \"REX_VALUE[1]\") echo \' selected=\"selected\"\' ?>><?php echo $v; ?></option>\r\n            <?php endforeach ?>\r\n            </select>\r\n        </div>\r\n    </div>\r\n</fieldset>\r\n','2020-02-21 22:41:03','admin','0000-00-00 00:00:00','',NULL,0);
/*!40000 ALTER TABLE `rex_module` ENABLE KEYS */;
UNLOCK TABLES;

DROP TABLE IF EXISTS `rex_module_action`;
CREATE TABLE `rex_module_action` (
  `id` int(10) unsigned NOT NULL AUTO_INCREMENT,
  `module_id` int(10) unsigned NOT NULL,
  `action_id` int(10) unsigned NOT NULL,
  `revision` int(10) unsigned NOT NULL,
  PRIMARY KEY (`id`)
) ENGINE=InnoDB DEFAULT CHARSET=utf8;
DROP TABLE IF EXISTS `rex_template`;
CREATE TABLE `rex_template` (
  `id` int(10) unsigned NOT NULL AUTO_INCREMENT,
  `key` varchar(191) DEFAULT NULL,
  `name` varchar(255) DEFAULT NULL,
  `content` mediumtext,
  `active` tinyint(1) DEFAULT NULL,
  `createdate` datetime NOT NULL,
  `attributes` text,
  `revision` int(11) NOT NULL,
  `createuser` varchar(255) NOT NULL,
  `updatedate` datetime NOT NULL,
  `updateuser` varchar(255) NOT NULL,
  PRIMARY KEY (`id`),
  UNIQUE KEY `key` (`key`)
) ENGINE=InnoDB AUTO_INCREMENT=11 DEFAULT CHARSET=utf8;

LOCK TABLES `rex_template` WRITE;
/*!40000 ALTER TABLE `rex_template` DISABLE KEYS */;
INSERT INTO `rex_template` VALUES 
  (1,NULL,'01 . Einspalter (Standard)','<?php\r\ndefine(\'SITE_TYPE\', \'col1\');\r\n?>\r\nREX_TEMPLATE[5]\r\n',1,'2020-02-21 17:34:00','{\"ctype\":[],\"modules\":{\"1\":{\"all\":\"1\"}},\"categories\":{\"all\":\"1\"}}',0,'admin','2020-02-21 17:34:00','admin'),
  (2,NULL,'02 . Zweispalter','<?php\r\ndefine(\'SITE_TYPE\', \'col2\');\r\n?>\r\nREX_TEMPLATE[5]\r\n',1,'2020-02-22 13:55:10','{\"ctype\":{\"1\":\"Hauptspalte\",\"2\":\"Seitenspalte\"},\"modules\":{\"1\":{\"0\":\"1\",\"1\":\"2\",\"2\":\"3\",\"3\":\"4\",\"4\":\"6\",\"5\":\"12\",\"6\":\"7\",\"7\":\"8\",\"all\":0},\"2\":{\"0\":\"1\",\"1\":\"4\",\"2\":\"10\",\"all\":0}},\"categories\":{\"all\":\"1\"}}',0,'admin','2020-02-22 13:55:10','admin'),
  (3,NULL,'03 . Einspalter Fullscreen (Login)','<?php\r\ndefine(\'SITE_TYPE\', \'col1_full\');\r\n?>\r\nREX_TEMPLATE[5]\r\n',1,'2020-02-21 22:43:03','{\"ctype\":{\"1\":\"\"},\"modules\":{\"3\":{\"all\":\"1\"}},\"categories\":{\"all\":\"1\"}}',0,'admin','2020-02-21 22:43:03','admin'),
  (4,NULL,'04 . Zweispalter Fullscreen (Registrieren)','<?php\r\ndefine(\'SITE_TYPE\', \'col2_full\');\r\n?>\r\nREX_TEMPLATE[5]\r\n',1,'2020-02-21 22:42:26','{\"ctype\":{\"1\":\"Hauptspalte\",\"2\":\"Seitenspalte\"},\"modules\":{\"1\":{\"0\":\"1\",\"1\":\"2\",\"2\":\"3\",\"3\":\"4\",\"4\":\"7\",\"5\":\"8\",\"all\":0},\"2\":{\"0\":\"1\",\"1\":\"4\",\"2\":\"10\",\"all\":0}},\"categories\":{\"all\":\"1\"}}',0,'admin','2020-02-21 22:42:26','admin'),
  (5,NULL,'05 . TEMPLATE','REX_TEMPLATE[6]\r\n\r\n<?php\r\n$content1 = $this->getArticle(\'1\');\r\n$content2 = $this->getArticle(\'2\');\r\n\r\n$headerpic = \'\';\r\nif (SITE_TYPE == \'col1_full\') {\r\n	$body_class = \' class=\"full-screen login\"\';\r\n	$navbar_id = \' id=\"register-navbar\"\';\r\n	$navbar_class = \' navbar-fixed-top\';\r\n	if ($this->getValue(\'art_file\') != \'\') {\r\n		$headerpic = \' style=\"background-image: url(\'.rex_url::base(\'index.php?rex_media_type=header&rex_media_file=\'.$this->getValue(\'art_file\')).\');\"\';\r\n	}\r\n} elseif (SITE_TYPE == \'col2_full\') {\r\n	$body_class = \' class=\"full-screen register\"\';\r\n	$navbar_id = \' id=\"register-navbar\"\';\r\n	$navbar_class = \' navbar-fixed-top\';\r\n	if ($this->getValue(\'art_file\') != \'\') {\r\n		$headerpic = \' style=\"background-image: url(\'.rex_url::base(\'index.php?rex_media_type=header&rex_media_file=\'.$this->getValue(\'art_file\')).\');\"\';\r\n	}\r\n} else {\r\n	$body_class = \' class=\"default\"\';\r\n	$navbar_id = \'\';\r\n	$navbar_class = \'\';\r\n}\r\n\r\necho \'\r\n<body\'.$body_class.$headerpic.\'>\';\r\n\r\nif (SITE_TYPE == \'col1\' || SITE_TYPE == \'col2\') {\r\n	 echo \'\r\n	 <div class=\"header-wrapper\">\';	\r\n}\r\n?>\r\n<!-- navbar -->\r\n	<nav class=\"navbar navbar-ct-transparent<?php echo $navbar_class; ?>\" role=\"navigation-demo\"<?php echo $navbar_id; ?>>\r\n	  <div class=\"container\">\r\n		<div class=\"navbar-header\">\r\n	        <button type=\"button\" class=\"navbar-toggle\" data-toggle=\"collapse\" data-target=\"#navigation\">\r\n			<span class=\"sr-only\">Toggle navigation</span>\r\n			<span class=\"icon-bar\"></span>\r\n			<span class=\"icon-bar\"></span>\r\n			<span class=\"icon-bar\"></span>\r\n		  </button>\r\n		  <a class=\"navbar-brand\" href=\"<?= rex_url::frontend() ?>\"><img src=\"<?= rex_url::base(\'resources/css/files/logo_white.svg\') ?>\" alt=\"REDAXO CMS\"></a>\r\n		</div>\r\n		<div class=\"navbar-collapse collapse\" id=\"navigation\">\r\n			<!-- Navigation -->\r\n			REX_TEMPLATE[8]\r\n			<!--/Navigation -->\r\n\r\n		</div><!--/.nav-collapse -->\r\n	  </div>\r\n	</nav>\r\n\r\n<?php\r\nif (SITE_TYPE == \'col1\' || SITE_TYPE == \'col2\') {\r\n	 echo \'\r\n	<!-- *******************************************************\r\n	Headerpic\r\n	******************************************************* -->\r\n	REX_TEMPLATE[7]\r\n</div>\';\r\n}\r\n?>\r\n\r\n<div class=\"wrapper\">\r\n\r\n	<?php\r\n	$loginstatus = \'\';\r\n	if ($ycom_user) {\r\n\r\n		$loginstatus = \'\r\n		<div id=\"notifications\" class=\"logged-in\">\r\n			<div class=\"alert alert-info\">\r\n				<div class=\"container\">\r\n					Hallo \'.rex_ycom_auth::getUser()->getValue(\'firstname\').\' \'.rex_ycom_auth::getUser()->getValue(\'name\').\', Du bist erfolgreich eingeloggt.\r\n				</div>\r\n			</div>\r\n			<div class=\"clearfix\"></div>\r\n		</div><!--  end notifications -->\';\r\n\r\n	} else {\r\n		// Benutzter besitzt die nötige Berechtigung nicht, ggf. Hinweis zeigen?\r\n	}\r\n\r\n	/*\r\n	Wenn das Template \"01 . Einspalter (Standard)\" gewählt ist, geht der Content-Container über die volle Breite.\r\n	*/\r\n	if (SITE_TYPE == \'col1\') {\r\n		echo $loginstatus.\'\r\n		<div class=\"main\">\r\n			<div class=\"section\">\r\n				<div class=\"container\">\r\n					\'.$content1.\'\r\n				</div>\r\n			</div>\r\n		</div>\';\r\n\r\n	/*\r\n	Wenn das Template \"02 . Zweispalter\" gewählt ist, gibt es eine Hauptspalte und eine Seitenspalte.\r\n	*/\r\n	} elseif (SITE_TYPE == \'col2\') {\r\n		echo $loginstatus.\'\r\n		<div class=\"section\">\r\n			<div class=\"container\">\r\n				<div class=\"row\">\r\n\r\n					<div class=\"col-md-8 bottom-border\">\r\n						\'.$content1.\'\r\n					</div>\r\n\r\n					<div class=\"col-md-3 col-md-offset-1\">\r\n						<!-- Subnavigation -->\';\r\n						$subnav_col = new rex_template(9);\r\n						include $subnav_col->getFile();\r\n						echo \'\r\n						<!-- /Subnavigation -->\r\n\r\n						<!-- ggf. weiterer Content -->\r\n						\'.$content2.\'\r\n					</div>\r\n\r\n				</div>\r\n			</div>\r\n		</div>\';\r\n\r\n		/*\r\n		Wenn das Template \"03 . Einspalter Fullscreen\" gewählt ist, gibt es mittig zentrierten Content auf einem Hintergrundbild\r\n		*/\r\n	} elseif (SITE_TYPE == \'col1_full\') {\r\n		echo \'\r\n			<div class=\"container\">\r\n				<div class=\"row\">\r\n					<div class=\"col-md-6 col-md-offset-3 col-sm-6 col-sm-offset-3 col-xs-10 col-xs-offset-1 \">\r\n						<div class=\"demo-card\">\r\n							\'.$content1.\'\r\n						</div>\r\n					</div>\r\n				</div>\r\n			</div>\';\r\n\r\n	/*\r\n	Wenn das Template \"04 . Zweispalter Fullscreen\" gewählt ist, gibt es eine Textspalte und eine Formularspalte.\r\n	*/\r\n	} elseif (SITE_TYPE == \'col2_full\') {\r\n		echo \'\r\n			<div class=\"container\">\r\n				<div class=\"row\">\r\n					<div class=\"col-md-5 col-md-offset-1 col-sm-6 col-xs-12 info-horizontal\">\r\n						\'.$content1.\'\r\n					</div>\r\n					<div class=\"col-md-6 col-sm-6 col-xs-12\">\r\n						<div class=\"demo-card\">\r\n							\'.$content2.\'\r\n						</div>\r\n					</div>\r\n				</div>\r\n			</div>\r\n			</div>\';\r\n\r\n	} ?>\r\n\r\n</div>\r\n	<!-- *******************************************************\r\n	 FOOTER\r\n	 ******************************************************* -->\r\n	REX_TEMPLATE[10]\r\n\r\n\r\n<div style=\"display:none;>REDAXO Community!</div>\r\n\r\n<!-- Javascripts -->\r\n<script type=\"text/javascript\" src=\"<?php echo rex_url::base(\'resources/js/jquery-ui.min.js\') ?>\"></script>\r\n<script type=\"text/javascript\" src=\"<?php echo rex_url::base(\'resources/js/bootstrap.min.js\') ?>\"></script>\r\n<script type=\"text/javascript\" src=\"<?php echo rex_url::base(\'resources/js/checkbox.js\') ?>\"></script>\r\n<script type=\"text/javascript\" src=\"<?php echo rex_url::base(\'resources/js/radio.js\') ?>\"></script>\r\n<script type=\"text/javascript\" src=\"<?php echo rex_url::base(\'resources/js/select.js\') ?>\"></script>\r\n\r\n<script src=\"<?php echo rex_url::base(\'resources/js/photo_swipe/photoswipe.min.js\') ?>\"></script>\r\n<script src=\"<?php echo rex_url::base(\'resources/js/photo_swipe/photoswipe-ui-default.min.js\') ?>\"></script>\r\n<script src=\"<?php echo rex_url::base(\'resources/js/photo_swipe/init-gallery.js\') ?>\"></script>\r\n\r\n<script type=\"text/javascript\" src=\"<?php echo rex_url::base(\'resources/js/rex-com-demo.js\') ?>\"></script>\r\n\r\n</body>\r\n</html>\r\n',0,'2020-02-21 17:41:25','{\"ctype\":[],\"modules\":{\"1\":{\"all\":\"1\"}},\"categories\":{\"all\":\"1\"}}',0,'admin','2020-02-21 22:56:15','admin'),
  (6,NULL,'00 . Header','<?php\r\n$ycom_user = rex_ycom_auth::getUser();\r\n\r\n// error_reporting(0);\r\nerror_reporting(E_ALL);\r\n// Das Error-Reporting sollte nur während der Entwicklung angeschaltet sein. Bei einer Live-Website sollte es auf 0 gestellt werden.\r\n\r\nheader(\'Content-Type: text/html; charset=utf-8\');\r\n?><!DOCTYPE html>\r\n<html lang=\"<?php echo rex_clang::getCurrent()->getCode(); ?>\">\r\n<head>\r\n	<meta charset=\"utf-8\">\r\n	<meta http-equiv=\"X-UA-Compatible\" content=\"IE=edge\">\r\n	<meta name=\"viewport\" content=\"width=device-width, initial-scale=1\">\r\n	<?php\r\n	// Als Title-Tag den Artikelnamen, außer er wird manuell gesetzt\r\n	if ($this->getValue(\"art_title\") != \"\") {\r\n		$title = htmlspecialchars($this->getValue(\'art_title\'));\r\n	} else {\r\n		$title = htmlspecialchars($this->getValue(\'name\'));\r\n	}\r\n\r\n	echo \'\r\n	<title>\'.$title.\'</title>\';\r\n\r\n	// Keywords and description\r\n	// Wenn der aktuelle Artikel kein Keyword und Description besitzt, werden die aus dem Startartikel genommen\r\n	if ($this->getValue(\"art_keywords\") != \"\") {\r\n		$keywords = $this->getValue(\"art_keywords\");\r\n	} else {\r\n		$home = new rex_article_content(rex_article::getSiteStartArticleId());\r\n		$keywords = $home->getValue(\'art_keywords\');\r\n	}\r\n\r\n	if ($this->getValue(\"art_description\") != \"\") {\r\n		$description = $this->getValue(\"art_description\");\r\n	} else {\r\n		$home = new rex_article_content(rex_article::getSiteStartArticleId());\r\n		$description = $home->getValue(\'art_description\');\r\n	}\r\n\r\n	echo \'\r\n	<meta name=\"keywords\" content=\"\'.htmlspecialchars($keywords).\'\">\';\r\n\r\n	echo \'\r\n	<meta name=\"description\" content=\"\'.htmlspecialchars($description).\'\">\';\r\n	?>\r\n\r\n	<link rel=\"stylesheet\" href=\"<?php echo rex_url::base(\'resources/css/bootstrap.min.css\') ?>\">\r\n	<link rel=\"stylesheet\" href=\"<?php echo rex_url::base(\'resources/css/base.css\') ?>\">\r\n	<link rel=\"stylesheet\" href=\"<?php echo rex_url::base(\'resources/css/rex-com-demo.css\') ?>\">\r\n	<link rel=\"stylesheet\" href=\"<?php echo rex_url::base(\'resources/css/fonts.css\') ?>\">\r\n	<link rel=\"stylesheet\" href=\"<?php echo rex_url::base(\'resources/css/font-awesome.min.css\') ?>\">\r\n	<link rel=\"stylesheet\" href=\"<?php echo rex_url::base(\'resources/css/themify-icons.css\') ?>\">\r\n\r\n	<!-- HTML5 shim and Respond.js IE8 support of HTML5 elements and media queries -->\r\n	<!--[if lt IE 9]>\r\n		<script src=\"http://oss.maxcdn.com/libs/html5shiv/3.7.0/html5shiv.js\"></script>\r\n		<script src=\"http://oss.maxcdn.com/libs/respond.js/1.4.2/respond.min.js\"></script>\r\n	<![endif]-->\r\n	<script type=\"text/javascript\" src=\"<?php echo rex_url::base(\'resources/js/jquery.js\') ?>\"></script>\r\n</head>\r\n',0,'2020-02-21 17:42:26','{\"ctype\":[],\"modules\":{\"1\":{\"all\":\"1\"}},\"categories\":{\"all\":\"1\"}}',0,'admin','2020-02-21 17:42:26','admin'),
  (7,NULL,'06 . Headerbild','<?php\r\n// Headerbild rekursiv einbinden.\r\n// Wenn der aktuelle Artikel kein Bild hat, wird das aus den Elternkategorien genommen.\r\n$header = \'\';\r\n$headerpic = $this->getValue(\'art_file\');\r\n\r\nif ($headerpic == \'\') {\r\n    $category = rex_article::getCurrent()->getCategory();\r\n    while ($header == \'\') {\r\n        if ($category == null) {\r\n            break;\r\n        }\r\n        $headerpic = $category->getValue(\'art_file\');\r\n        $category = $category->getParent();\r\n    } \r\n}\r\n\r\nif ($headerpic == \'\') {\r\n    $headerpic = rex_article::getSiteStartArticle()->getValue(\'art_file\');\r\n}\r\n\r\n\r\n$header = \'\r\n<div class=\"header\" style=\"background-image: url(\'.rex_url::base(\'index.php?rex_media_type=header&rex_media_file=\'.$headerpic).\');\r\n    \">\r\n	<div class=\"filter\"></div>\r\n	<div class=\"container text-center\">\r\n		<h1>\'.$this->getValue(\'name\').\'</h1>\';\r\n		if ($this->getValue(\'art_subtitle\') != \'\') {\r\n			$header .= \'\r\n			<h3>\'.$this->getValue(\'art_subtitle\').\'</h3>\';\r\n		}\r\n	$header .= \' \r\n	</div>\r\n</div>\';\r\n\r\nif (SITE_TYPE == \'col1\' || SITE_TYPE == \'col2\') {\r\necho $header;\r\n}\r\n?>\r\n',0,'2020-02-21 17:42:50','{\"ctype\":[],\"modules\":{\"1\":{\"all\":\"1\"}},\"categories\":{\"all\":\"1\"}}',0,'admin','0000-00-00 00:00:00',''),
  (8,NULL,'07 . Navigation','<?php\r\n$path = explode(\"|\",$this->getValue(\"path\").$this->getValue(\"article_id\").\"|\");\r\n$path1 = ((!empty($path[1])) ? $path[1] : \'\');\r\n$path2 = ((!empty($path[2])) ? $path[2] : \'\');\r\n\r\n// Gruppen-Berechtigung eines YCom-Nutzers auslesen\r\n$ycom_user = rex_ycom_auth::getUser();\r\n$nav_main = \'\';\r\n\r\nforeach (rex_category::getRootCategories(true) as $lev1) { // wenn true, dann werden nur die Artikel mit Status online berücksichtigt\r\n\r\n	if (rex_article::get($lev1->getId())->isPermitted() && $lev1->getId() != rex_article::getSiteStartArticleId()) { // Home soll nicht in der Navi auftauchen\r\n		\r\n		if ($lev1->getId() == 4) { // falls Profilkategorie, dann Profil-Foto\r\n			$profile_pic = \'profile_default.png\';\r\n			if ($ycom_user && rex_ycom_auth::getUser()->getValue(\'pic\') != \'\') $profile_pic = rex_ycom_auth::getUser()->getValue(\'pic\'); // prüfen, ob User eingeloggt ist und ob er ein Bild bhinterlegt hat\r\n			$profilelink = \'\r\n			<a href=\"#\" class=\"profile-photo dropdown-toggle\" data-toggle=\"dropdown\">\r\n                <div class=\"profile-photo-small\">\r\n                    <img src=\"index.php?rex_media_type=profile&rex_media_file=\'.$profile_pic.\'\" alt=\"Profilbild\" class=\"img-circle img-responsive img-no-padding\">\r\n                </div>\r\n            </a>\';\r\n		} else {\r\n			$profilelink = \'\r\n			<a class=\"dropdown-toggle\" href=\"\'.$lev1->getUrl().\'\">\'.htmlspecialchars($lev1->getValue(\'name\')).\'</a>\';\r\n		}\r\n\r\n		if ($lev1->getId() == $path1) {\r\n			$nav_main .= \'\r\n			<li class=\"dropdown active\">\'.$profilelink;\r\n		} else {\r\n   			$nav_main .= \'\r\n			<li class=\"dropdown\">\'.$profilelink;\r\n		}\r\n\r\n		// 1st level start\r\n		$lev1Size = sizeof($lev1->getChildren(true));\r\n\r\n			if ($lev1Size != \"0\") {\r\n\r\n				$nav_main .= \'\r\n				<ul class=\"dropdown-menu dropdown-menu-right\">\';\r\n\r\n					// START 2nd level categories\r\n					foreach ($lev1->getChildren(true) as $lev2):\r\n						if (rex_article::get($lev2->getId())->isPermitted()) {\r\n\r\n							$nav_icon = ($lev2->getValue(\'art_nav_icon\') != \'\') ? \'<span class=\"icon-simple\"><i class=\"\'.$lev2->getValue(\'art_nav_icon\').\'\"></i></span> \' : \'\';\r\n\r\n							if ($lev2->getId() == $path2) {\r\n								$nav_main .= \'\r\n								<li class=\"dropdown-toggle active\"><a href=\"\'.$lev2->getUrl().\'\">\'.$nav_icon.htmlspecialchars($lev2->getValue(\'name\')).\'</a></li>\';\r\n							} else {\r\n								$nav_main .= \'\r\n								<li class=\"dropdown-toggle\"><a href=\"\'.$lev2->getUrl().\'\">\'.$nav_icon.htmlspecialchars($lev2->getValue(\'name\')).\'</a></li>\';\r\n							}\r\n						}\r\n					endforeach;\r\n\r\n				$nav_main .= \'\r\n				</ul>\';\r\n\r\n			}\r\n\r\n		$nav_main .= \'\r\n		</li>\';\r\n	}\r\n}\r\n\r\necho \'\r\n<ul class=\"nav navbar-nav navbar-right\">\r\n	\'.$nav_main.\'\r\n</ul>\';\r\n?>\r\n',0,'2020-02-22 20:33:31','{\"ctype\":[],\"modules\":{\"1\":{\"all\":\"1\"}},\"categories\":{\"all\":\"1\"}}',0,'admin','2020-02-22 20:33:31','admin'),
  (9,NULL,'08 . Subnavigation (Seitenspalte)','<?php\r\n$path = explode(\"|\",$this->getValue(\"path\").$this->getValue(\"article_id\").\"|\");\r\n$path1 = ((!empty($path[1])) ? $path[1] : \'\');\r\n$path2 = ((!empty($path[2])) ? $path[2] : \'\');\r\n\r\n$article = rex_article::get($path1);\r\n$articleUrl = $article->getUrl();\r\n$articleName = $article->getName();\r\n\r\n$nav = rex_navigation::factory();\r\n$nav->addCallback(\'rex_ycom_auth::articleIsPermitted\');\r\n$subnav = $nav->get($path1,2,TRUE,TRUE);\r\n\r\nif ($subnav != \'\') {\r\n\r\n	echo \'\r\n	<h4 id=\"sidenav_title\"><a href=\"\'.$articleUrl.\'\">\'.$articleName.\'</a></h4>\';\r\n\r\n	echo \'\r\n	<div class=\"subnav\">\r\n	\'.$subnav.\'\r\n	</div\';\r\n\r\n}\r\n?>\r\n',0,'2020-02-22 14:09:29','{\"ctype\":[],\"modules\":{\"1\":{\"all\":\"1\"}},\"categories\":{\"all\":\"1\"}}',0,'admin','2020-02-22 14:09:29','admin'),
  (10,NULL,'09 . Footer Hilfstemplate','<footer class=\"section-dark\">\r\n	<div class=\"container\">\r\n		<nav class=\"pull-left\">\r\n			REX_ARTICLE[id=6]\r\n		</nav>\r\n		<div class=\"copyright pull-right\">\r\n			&copy; 2016 – REDAXO CMS <i class=\"fa fa-heart heart\"></i> ya all!\r\n		</div>\r\n	</div>\r\n</footer>',0,'2020-02-21 17:44:08','{\"ctype\":[],\"modules\":{\"1\":{\"all\":\"1\"}},\"categories\":{\"all\":\"1\"}}',0,'admin','0000-00-00 00:00:00','');
/*!40000 ALTER TABLE `rex_template` ENABLE KEYS */;
UNLOCK TABLES;

DROP TABLE IF EXISTS `rex_user_role`;
CREATE TABLE `rex_user_role` (
  `id` int(10) unsigned NOT NULL AUTO_INCREMENT,
  `name` varchar(255) DEFAULT NULL,
  `description` text,
  `perms` text NOT NULL,
  `createdate` datetime NOT NULL,
  `revision` int(10) unsigned NOT NULL,
  `createuser` varchar(255) NOT NULL,
  `updatedate` datetime NOT NULL,
  `updateuser` varchar(255) NOT NULL,
  PRIMARY KEY (`id`)
) ENGINE=InnoDB DEFAULT CHARSET=utf8;
DROP TABLE IF EXISTS `rex_ycom_group`;
CREATE TABLE `rex_ycom_group` (
  `id` int(10) unsigned NOT NULL AUTO_INCREMENT,
  `name` varchar(191) CHARACTER SET utf8mb4 COLLATE utf8mb4_unicode_ci NOT NULL,
  `prio` int(11) NOT NULL,
  PRIMARY KEY (`id`)
) ENGINE=InnoDB AUTO_INCREMENT=3 DEFAULT CHARSET=utf8mb4 COLLATE=utf8mb4_unicode_ci;

LOCK TABLES `rex_ycom_group` WRITE;
/*!40000 ALTER TABLE `rex_ycom_group` DISABLE KEYS */;
INSERT INTO `rex_ycom_group` VALUES 
  (1,'Gruppe A',0),
  (2,'Gruppe B',0);
/*!40000 ALTER TABLE `rex_ycom_group` ENABLE KEYS */;
UNLOCK TABLES;

DROP TABLE IF EXISTS `rex_ycom_user`;
CREATE TABLE `rex_ycom_user` (
  `id` int(10) unsigned NOT NULL AUTO_INCREMENT,
  `login` varchar(191) CHARACTER SET utf8mb4 COLLATE utf8mb4_unicode_ci NOT NULL,
  `email` varchar(191) CHARACTER SET utf8mb4 COLLATE utf8mb4_unicode_ci NOT NULL,
  `password` varchar(255) CHARACTER SET utf8mb4 COLLATE utf8mb4_unicode_ci NOT NULL,
  `firstname` varchar(191) CHARACTER SET utf8mb4 COLLATE utf8mb4_unicode_ci NOT NULL,
  `name` varchar(191) CHARACTER SET utf8mb4 COLLATE utf8mb4_unicode_ci NOT NULL,
  `status` text CHARACTER SET utf8mb4 COLLATE utf8mb4_unicode_ci NOT NULL,
  `activation_key` varchar(191) CHARACTER SET utf8mb4 COLLATE utf8mb4_unicode_ci NOT NULL,
  `session_key` varchar(191) CHARACTER SET utf8mb4 COLLATE utf8mb4_unicode_ci NOT NULL,
  `termsofuse_accepted` tinyint(1) NOT NULL,
  `new_password_required` tinyint(1) NOT NULL,
  `last_action_time` datetime NOT NULL,
  `last_login_time` datetime NOT NULL,
  `termination_time` datetime NOT NULL,
  `login_tries` int(11) DEFAULT NULL,
  `ycom_groups` text CHARACTER SET utf8mb4 COLLATE utf8mb4_unicode_ci NOT NULL,
  `pic` text CHARACTER SET utf8mb4 COLLATE utf8mb4_unicode_ci NOT NULL,
  `slogan` text CHARACTER SET utf8mb4 COLLATE utf8mb4_unicode_ci NOT NULL,
  `motto` text CHARACTER SET utf8mb4 COLLATE utf8mb4_unicode_ci NOT NULL,
  PRIMARY KEY (`id`)
) ENGINE=InnoDB AUTO_INCREMENT=4 DEFAULT CHARSET=utf8mb4 COLLATE=utf8mb4_unicode_ci;

LOCK TABLES `rex_ycom_user` WRITE;
/*!40000 ALTER TABLE `rex_ycom_user` DISABLE KEYS */;
INSERT INTO `rex_ycom_user` VALUES 
  (1,'hans@trapper.de','hans@trapper.de','$2y$10$q/tJoOLDj2TUQIOsiWFiKuephEDN8CX3TZqpqUGRCisXb9OZ7UW.O','Hans','Trapper','1','5d781403967b854e424569bd8d920660','f42db526dbcbf51e3c646432c9ae9b69',0,0,'2020-02-22 20:03:06','2020-02-22 20:02:57','0000-00-00 00:00:00',0,'1,2','profile_pic1.jpg','Die Natur schickt keine Rechnung. Oder: Der Weg ist das Ziel.',''),
  (2,'wanda@hendrix.de','wanda@hendrix.de','$2y$10$XBEvNQsDkoIeUGccRfIwO.W3Km5g4pmhODxu/XjmN3ced3jBMC1nS','Wanda','Hendrix','1','f58b858a5f50abf3517e4367c4d1f3d9','18b8098cff6f678538335b16c50e1f63',0,0,'2020-02-22 19:02:10','2020-02-22 19:01:30','0000-00-00 00:00:00',0,'1','profile_pic2.jpg','Der frühe Vogel fängt den Wurm. Aber lohnt es sich, dafür aufzustehen?',''),
  (3,'rasmus@bengtson.de','rasmus@bengtson.de','$2y$10$FQ70s4V.dGz2Oig7WaWa0.GS0M32NpLzJwy9eN1koLMPonwrxMYhC','Ramus','Bengtson','1','b332b387c6e234b18a970c892ce2b447','400d19e1a9546edd4ca6f41781eaf39b',0,0,'2020-02-22 19:08:22','2020-02-22 19:06:27','0000-00-00 00:00:00',0,'2','profile_pic3.jpg','Lieber einen dicken Bauch vom Saufen, als einen krummen Buckel vom Arbeiten.','');
/*!40000 ALTER TABLE `rex_ycom_user` ENABLE KEYS */;
UNLOCK TABLES;

DROP TABLE IF EXISTS `rex_yform_email_template`;
CREATE TABLE `rex_yform_email_template` (
  `id` int(10) unsigned NOT NULL AUTO_INCREMENT,
  `name` varchar(191) CHARACTER SET utf8mb4 COLLATE utf8mb4_unicode_ci NOT NULL,
  `mail_from` varchar(191) CHARACTER SET utf8mb4 COLLATE utf8mb4_unicode_ci NOT NULL,
  `mail_from_name` varchar(191) CHARACTER SET utf8mb4 COLLATE utf8mb4_unicode_ci NOT NULL,
  `mail_reply_to` varchar(191) CHARACTER SET utf8mb4 COLLATE utf8mb4_unicode_ci NOT NULL,
  `mail_reply_to_name` varchar(191) CHARACTER SET utf8mb4 COLLATE utf8mb4_unicode_ci NOT NULL,
  `subject` varchar(191) CHARACTER SET utf8mb4 COLLATE utf8mb4_unicode_ci NOT NULL,
  `body` mediumtext CHARACTER SET utf8mb4 COLLATE utf8mb4_unicode_ci NOT NULL,
  `body_html` mediumtext CHARACTER SET utf8mb4 COLLATE utf8mb4_unicode_ci NOT NULL,
  `attachments` mediumtext CHARACTER SET utf8mb4 COLLATE utf8mb4_unicode_ci NOT NULL,
  PRIMARY KEY (`id`)
) ENGINE=InnoDB AUTO_INCREMENT=3 DEFAULT CHARSET=utf8mb4 COLLATE=utf8mb4_unicode_ci;

LOCK TABLES `rex_yform_email_template` WRITE;
/*!40000 ALTER TABLE `rex_yform_email_template` DISABLE KEYS */;
INSERT INTO `rex_yform_email_template` VALUES 
  (1,'access_request_de','noreply@redaxo.org','REDAXO Community Demo','','','REDAXO Community Demo: Bitte bestätige Deine Anmeldung','<?php\r\n$article_id = 16; // Hier die Artikel-ID der Bestätigungsseite eintragen\r\n\r\n$article_url = rex_getUrl($article_id,\'\',array(\'rex_ycom_activation_key\'=>\'REX_YFORM_DATA[field=activation_key]\',\'rex_ycom_id\'=>\'REX_YFORM_DATA[field=email]\'),\'&\');\r\n$full_url = trim($article_url,\'.\');\r\n?>\r\n<p>Bitte klicke diesen Link, um die Anmeldung zu bestätigen:</p>\r\n<p><a href=\"<?=$full_url;?>\"><?=$full_url;?></a></p>','',''),
  (2,'resetpassword_de','noreply@redaxo.org','REDAXO Community Demo','','','REDAXO Community Demo: Bitte bestätige Deine Anmeldung','<p>Bitte klicke diesen Link, um das Passwort zurückzusetzen:</p>\r\n<p><a href=\"<?= rex_getUrl(18) ?>?rex_ycom_activation_key=REX_YFORM_DATA[field=activation_key]&rex_ycom_id=REX_YFORM_DATA[field=email]\"><?= rex_getUrl(18) ?>?rex_ycom_activation_key=REX_YFORM_DATA[field=activation_key]&rex_ycom_id=REX_YFORM_DATA[field=email]</a></p>','','');
/*!40000 ALTER TABLE `rex_yform_email_template` ENABLE KEYS */;
UNLOCK TABLES;

DROP TABLE IF EXISTS `rex_yform_field`;
CREATE TABLE `rex_yform_field` (
  `id` int(10) unsigned NOT NULL AUTO_INCREMENT,
  `table_name` varchar(191) CHARACTER SET utf8mb4 COLLATE utf8mb4_unicode_ci NOT NULL,
  `prio` int(11) NOT NULL,
  `type_id` varchar(191) CHARACTER SET utf8mb4 COLLATE utf8mb4_unicode_ci NOT NULL,
  `type_name` varchar(191) CHARACTER SET utf8mb4 COLLATE utf8mb4_unicode_ci NOT NULL,
  `db_type` varchar(191) CHARACTER SET utf8mb4 COLLATE utf8mb4_unicode_ci NOT NULL,
  `list_hidden` tinyint(1) NOT NULL,
  `search` tinyint(1) NOT NULL,
  `name` mediumtext CHARACTER SET utf8mb4 COLLATE utf8mb4_unicode_ci NOT NULL,
  `label` mediumtext CHARACTER SET utf8mb4 COLLATE utf8mb4_unicode_ci NOT NULL,
  `not_required` mediumtext CHARACTER SET utf8mb4 COLLATE utf8mb4_unicode_ci NOT NULL,
  `options` text CHARACTER SET utf8mb4 COLLATE utf8mb4_unicode_ci NOT NULL,
  `multiple` text CHARACTER SET utf8mb4 COLLATE utf8mb4_unicode_ci NOT NULL,
  `default` text CHARACTER SET utf8mb4 COLLATE utf8mb4_unicode_ci NOT NULL,
  `size` text CHARACTER SET utf8mb4 COLLATE utf8mb4_unicode_ci NOT NULL,
  `only_empty` text CHARACTER SET utf8mb4 COLLATE utf8mb4_unicode_ci NOT NULL,
  `message` text CHARACTER SET utf8mb4 COLLATE utf8mb4_unicode_ci NOT NULL,
  `table` text CHARACTER SET utf8mb4 COLLATE utf8mb4_unicode_ci NOT NULL,
  `hashname` text CHARACTER SET utf8mb4 COLLATE utf8mb4_unicode_ci NOT NULL,
  `password_hash` text CHARACTER SET utf8mb4 COLLATE utf8mb4_unicode_ci NOT NULL,
  `no_db` text CHARACTER SET utf8mb4 COLLATE utf8mb4_unicode_ci NOT NULL,
  `password_label` text CHARACTER SET utf8mb4 COLLATE utf8mb4_unicode_ci NOT NULL,
  `field` text CHARACTER SET utf8mb4 COLLATE utf8mb4_unicode_ci NOT NULL,
  `type` text CHARACTER SET utf8mb4 COLLATE utf8mb4_unicode_ci NOT NULL,
  `empty_value` text CHARACTER SET utf8mb4 COLLATE utf8mb4_unicode_ci NOT NULL,
  `empty_option` text CHARACTER SET utf8mb4 COLLATE utf8mb4_unicode_ci NOT NULL,
  `max_size` text CHARACTER SET utf8mb4 COLLATE utf8mb4_unicode_ci NOT NULL,
  `types` text CHARACTER SET utf8mb4 COLLATE utf8mb4_unicode_ci NOT NULL,
  `fields` text CHARACTER SET utf8mb4 COLLATE utf8mb4_unicode_ci NOT NULL,
  `position` text CHARACTER SET utf8mb4 COLLATE utf8mb4_unicode_ci NOT NULL,
  `address` text CHARACTER SET utf8mb4 COLLATE utf8mb4_unicode_ci NOT NULL,
  `width` text CHARACTER SET utf8mb4 COLLATE utf8mb4_unicode_ci NOT NULL,
  `height` text CHARACTER SET utf8mb4 COLLATE utf8mb4_unicode_ci NOT NULL,
  `show_value` text CHARACTER SET utf8mb4 COLLATE utf8mb4_unicode_ci NOT NULL,
  `html` text CHARACTER SET utf8mb4 COLLATE utf8mb4_unicode_ci NOT NULL,
  `notice` text CHARACTER SET utf8mb4 COLLATE utf8mb4_unicode_ci NOT NULL,
  `regex` text CHARACTER SET utf8mb4 COLLATE utf8mb4_unicode_ci NOT NULL,
  `pattern` text CHARACTER SET utf8mb4 COLLATE utf8mb4_unicode_ci NOT NULL,
  `format` text CHARACTER SET utf8mb4 COLLATE utf8mb4_unicode_ci NOT NULL,
  `current_date` text CHARACTER SET utf8mb4 COLLATE utf8mb4_unicode_ci NOT NULL,
  `widget` text CHARACTER SET utf8mb4 COLLATE utf8mb4_unicode_ci NOT NULL,
  `attributes` text CHARACTER SET utf8mb4 COLLATE utf8mb4_unicode_ci NOT NULL,
  `query` text CHARACTER SET utf8mb4 COLLATE utf8mb4_unicode_ci NOT NULL,
  `category` text CHARACTER SET utf8mb4 COLLATE utf8mb4_unicode_ci NOT NULL,
  `year_start` text CHARACTER SET utf8mb4 COLLATE utf8mb4_unicode_ci NOT NULL,
  `year_end` text CHARACTER SET utf8mb4 COLLATE utf8mb4_unicode_ci NOT NULL,
  `values` text CHARACTER SET utf8mb4 COLLATE utf8mb4_unicode_ci NOT NULL,
  `rules` text CHARACTER SET utf8mb4 COLLATE utf8mb4_unicode_ci NOT NULL,
  `nonce_key` text CHARACTER SET utf8mb4 COLLATE utf8mb4_unicode_ci NOT NULL,
  `nonce_referer` text CHARACTER SET utf8mb4 COLLATE utf8mb4_unicode_ci NOT NULL,
  `sizes` text CHARACTER SET utf8mb4 COLLATE utf8mb4_unicode_ci NOT NULL,
  `messages` text CHARACTER SET utf8mb4 COLLATE utf8mb4_unicode_ci NOT NULL,
  `rules_message` text CHARACTER SET utf8mb4 COLLATE utf8mb4_unicode_ci NOT NULL,
  `script` text CHARACTER SET utf8mb4 COLLATE utf8mb4_unicode_ci NOT NULL,
  `max` text CHARACTER SET utf8mb4 COLLATE utf8mb4_unicode_ci NOT NULL,
  `infotext_1` text CHARACTER SET utf8mb4 COLLATE utf8mb4_unicode_ci NOT NULL,
  `infotext_2` text CHARACTER SET utf8mb4 COLLATE utf8mb4_unicode_ci NOT NULL,
  `choices` text CHARACTER SET utf8mb4 COLLATE utf8mb4_unicode_ci NOT NULL,
  `expanded` text CHARACTER SET utf8mb4 COLLATE utf8mb4_unicode_ci NOT NULL,
  `scope` text CHARACTER SET utf8mb4 COLLATE utf8mb4_unicode_ci NOT NULL,
  `columns` text CHARACTER SET utf8mb4 COLLATE utf8mb4_unicode_ci NOT NULL,
  `googleapikey` text CHARACTER SET utf8mb4 COLLATE utf8mb4_unicode_ci NOT NULL,
  `unit` text CHARACTER SET utf8mb4 COLLATE utf8mb4_unicode_ci NOT NULL,
  `precision` text CHARACTER SET utf8mb4 COLLATE utf8mb4_unicode_ci NOT NULL,
  `scale` text CHARACTER SET utf8mb4 COLLATE utf8mb4_unicode_ci NOT NULL,
  `preview` text CHARACTER SET utf8mb4 COLLATE utf8mb4_unicode_ci NOT NULL,
  PRIMARY KEY (`id`)
) ENGINE=InnoDB AUTO_INCREMENT=29 DEFAULT CHARSET=utf8mb4 COLLATE=utf8mb4_unicode_ci;

LOCK TABLES `rex_yform_field` WRITE;
/*!40000 ALTER TABLE `rex_yform_field` DISABLE KEYS */;
INSERT INTO `rex_yform_field` VALUES 
  (1,'rex_ycom_user',1,'value','html','',0,0,'html1','html1','','','','','','','','','','','','','','','','','','','','','','','','','<div class=\"row\"><div class=\"col-md-6\">','','','','','','','','','','','','','','','','','','','','','','','','','','','','','','',''),
  (2,'rex_ycom_user',2,'value','text','',1,1,'login','translate:login','','','','','','','','','','','','','','','','','','','','','','','','','','','','','','','','','','','','','','','','','','','','','','','','','','','','','','','',''),
  (3,'rex_ycom_user',3,'validate','empty','',1,0,'login','','','','','','','','translate:ycom_please_enter_login','','','','','','','','','','','','','','','','','','','','','','','','','','','','','','','','','','','','','','','','','','','','','','','','',''),
  (4,'rex_ycom_user',4,'validate','unique','',1,0,'login','','','','','','','','translate:ycom_this_login_exists_already','rex_ycom_user','','','','','','','','','','','','','','','','','','','','','','','','','','','','','','','','','','','','','','','','','','','','','','','',''),
  (5,'rex_ycom_user',5,'value','text','',0,1,'email','translate:email','','','','','','','','','','','','','','','','','','','','','','','','','','','','','','','','','','','','','','','','','','','','','','','','','','','','','','','',''),
  (6,'rex_ycom_user',6,'validate','empty','',1,0,'email','','','','','','','','translate:ycom_please_enter_email','','','','','','','','','','','','','','','','','','','','','','','','','','','','','','','','','','','','','','','','','','','','','','','','',''),
  (7,'rex_ycom_user',7,'validate','email','',1,0,'email','','','','','','','','translate:ycom_please_enter_email','','','','','','','','','','','','','','','','','','','','','','','','','','','','','','','','','','','','','','','','','','','','','','','','',''),
  (8,'rex_ycom_user',8,'validate','unique','',1,0,'email','','','','','','','','translate:ycom_this_email_exists_already','rex_ycom_user','','','','','','','','','','','','','','','','','','','','','','','','','','','','','','','','','','','','','','','','','','','','','','','',''),
  (9,'rex_ycom_user',9,'value','ycom_auth_password','',1,1,'password','translate:password','','','','','','','translate:ycom_validate_password_policy_rules_error','','','','','','','','','','','','','','','','','','','','','','','','','','','','','','','{\"length\":{\"min\":8},\"letter\":{\"min\":1},\"lowercase\":{\"min\":1},\"uppercase\":{\"min\":1}}','','','','','','1','','','','','','','','','','','',''),
  (10,'rex_ycom_user',10,'value','text','',0,1,'firstname','translate:firstname','','','','','','','','','','','','','','','','','','','','','','','','','','','','','','','','','','','','','','','','','','','','','','','','','','','','','','','',''),
  (11,'rex_ycom_user',11,'value','text','',0,1,'name','translate:name','','','','','','','','','','','','','','','','','','','','','','','','','','','','','','','','','','','','','','','','','','','','','','','','','','','','','','','',''),
  (12,'rex_ycom_user',12,'value','html','',0,0,'html2','html2','','','','','','','','','','','','','','','','','','','','','','','','','</div><div class=\"col-md-6\">','','','','','','','','','','','','','','','','','','','','','','','','','','','','','','',''),
  (13,'rex_ycom_user',13,'value','choice','',0,1,'status','translate:status','','','0','-1','1','','','','','','','','','','','','','','','','','','','','','','','','','','','','','','','','','','','','','','','','','','','translate:ycom_account_inactive_termination=-3,translate:ycom_account_inactive_logins=-2,translate:ycom_account_inactive=-1,translate:ycom_account_requested=0,translate:ycom_account_confirm=1,translate:ycom_account_active=2','','','','','','','',''),
  (14,'rex_ycom_user',14,'value','generate_key','',1,1,'activation_key','translate:activation_key','','','','','','1','','','','','','','','','','','','','','','','','','1','','','','','','','','','','','','','','','','','','','','','','','','','','','','','','','',''),
  (15,'rex_ycom_user',15,'value','generate_key','',1,1,'session_key','translate:session_key','','','','','','1','','','','','','','','','','','','','','','','','','1','','','','','','','','','','','','','','','','','','','','','','','','','','','','','','','',''),
  (16,'rex_ycom_user',16,'value','checkbox','tinyint(1)',1,1,'termsofuse_accepted','translate:termsofuse_accepted','','','','0','','','','','','','0','','','','','','','','','','','','','','','','','','','','','','','','','','','','','','','','','','','','','','','','','','','','',''),
  (17,'rex_ycom_user',17,'value','checkbox','tinyint(1)',1,1,'new_password_required','translate:new_password_required','','','','0','','','','','','','0','','','','','','','','','','','','','','','','','','','','','','','','','','','','','','','','','','','','','','','','','','','','',''),
  (18,'rex_ycom_user',18,'value','datestamp','',1,1,'last_action_time','translate:last_action_time','','','','','','2','','','','','','','','','','','','','','','','','','1','','','','','','','','','','','','','','','','','','','','','','','','','','','','','','','',''),
  (19,'rex_ycom_user',19,'value','datestamp','',1,1,'last_login_time','translate:last_login_time','','','','','','2','','','','','','','','','','','','','','','','','','1','','','','','','','','','','','','','','','','','','','','','','','','','','','','','','','',''),
  (20,'rex_ycom_user',20,'value','datestamp','',1,1,'termination_time','translate:termination_time','','','','','','2','','','','','','','','','','','','','','','','','','1','','','','','','','','','','','','','','','','','','','','','','','','','','','','','','','',''),
  (21,'rex_ycom_user',21,'value','integer','',0,1,'login_tries','translate:login_tries','','','','0','','','','','','','','','','','','','','','','','','','','','','translate:ycom_login_tries_info','','','','','','','','','','','','','','','','','','','','','','','','','','','','','',''),
  (22,'rex_ycom_user',22,'value','html','',0,0,'html3','html3','','','','','','','','','','','','','','','','','','','','','','','','','</div></div>','','','','','','','','','','','','','','','','','','','','','','','','','','','','','','',''),
  (23,'rex_ycom_user',23,'value','be_manager_relation','',1,1,'ycom_groups','translate:ycom_groups','','','1','','','','','rex_ycom_group','','','','','name','1','','1','','','','','','','','','','','','','','','','','','','','','','','','','','','','','','','','','','','','','','','',''),
  (24,'rex_ycom_group',1,'value','text','',0,1,'name','translate:name','','','','','','','','','','','','','','','','','','','','','','','','','','','','','','','','','','','','','','','','','','','','','','','','','','','','','','','',''),
  (25,'rex_ycom_group',2,'validate','empty','',1,0,'name','','','','','','','','translate:ycom_group_yform_enter_name','','','','','','','','','','','','','','','','','','','','','','','','','','','','','','','','','','','','','','','','','','','','','','','','',''),
  (26,'rex_ycom_user',24,'value','be_media','text',1,1,'pic','Profilfoto','','','0','','','','','','','','','','','','','','','','','','','','','','','','','','','','','','','','','','','','','','','','','','','','','','','','','','','','','1'),
  (27,'rex_ycom_user',25,'value','textarea','text',1,1,'slogan','Motto','','','','','','','','','','','0','','','','','','','','','','','','','','','','','','','','','','','','','','','','','','','','','','','','','','','','','','','','',''),
  (28,'rex_ycom_group',3,'value','prio','int',1,0,'prio','Reihenfolge','','','','','','','','','','','','','','','','','','','name','','','','','','','','','','','','','','','','','','','','','','','','','','','','','','','','','','','','','');
/*!40000 ALTER TABLE `rex_yform_field` ENABLE KEYS */;
UNLOCK TABLES;

DROP TABLE IF EXISTS `rex_yform_history`;
CREATE TABLE `rex_yform_history` (
  `id` int(10) unsigned NOT NULL AUTO_INCREMENT,
  `table_name` varchar(191) CHARACTER SET utf8mb4 COLLATE utf8mb4_unicode_ci NOT NULL,
  `dataset_id` int(11) NOT NULL,
  `action` varchar(191) CHARACTER SET utf8mb4 COLLATE utf8mb4_unicode_ci NOT NULL,
  `user` varchar(191) CHARACTER SET utf8mb4 COLLATE utf8mb4_unicode_ci NOT NULL,
  `timestamp` datetime NOT NULL,
  PRIMARY KEY (`id`),
  KEY `dataset` (`table_name`,`dataset_id`)
) ENGINE=InnoDB DEFAULT CHARSET=utf8mb4 COLLATE=utf8mb4_unicode_ci;
DROP TABLE IF EXISTS `rex_yform_history_field`;
CREATE TABLE `rex_yform_history_field` (
  `history_id` int(11) NOT NULL,
  `field` varchar(191) CHARACTER SET utf8mb4 COLLATE utf8mb4_unicode_ci NOT NULL,
  `value` longtext CHARACTER SET utf8mb4 COLLATE utf8mb4_unicode_ci NOT NULL,
  PRIMARY KEY (`history_id`,`field`)
) ENGINE=InnoDB DEFAULT CHARSET=utf8mb4 COLLATE=utf8mb4_unicode_ci;
DROP TABLE IF EXISTS `rex_yform_table`;
CREATE TABLE `rex_yform_table` (
  `id` int(10) unsigned NOT NULL AUTO_INCREMENT,
  `status` tinyint(1) NOT NULL,
  `table_name` varchar(191) CHARACTER SET utf8mb4 COLLATE utf8mb4_unicode_ci NOT NULL,
  `name` varchar(191) CHARACTER SET utf8mb4 COLLATE utf8mb4_unicode_ci NOT NULL,
  `description` mediumtext CHARACTER SET utf8mb4 COLLATE utf8mb4_unicode_ci NOT NULL,
  `list_amount` int(11) NOT NULL DEFAULT '50',
  `list_sortfield` varchar(191) CHARACTER SET utf8mb4 COLLATE utf8mb4_unicode_ci NOT NULL DEFAULT 'id',
  `list_sortorder` enum('ASC','DESC') CHARACTER SET utf8mb4 COLLATE utf8mb4_unicode_ci NOT NULL DEFAULT 'ASC',
  `prio` int(11) NOT NULL,
  `search` tinyint(1) NOT NULL,
  `hidden` tinyint(1) NOT NULL,
  `export` tinyint(1) NOT NULL,
  `import` tinyint(1) NOT NULL,
  `mass_deletion` tinyint(1) NOT NULL,
  `mass_edit` tinyint(1) NOT NULL,
  `schema_overwrite` tinyint(1) NOT NULL DEFAULT '1',
  `history` tinyint(1) NOT NULL,
  PRIMARY KEY (`id`),
  UNIQUE KEY `table_name` (`table_name`)
) ENGINE=InnoDB AUTO_INCREMENT=3 DEFAULT CHARSET=utf8mb4 COLLATE=utf8mb4_unicode_ci;

LOCK TABLES `rex_yform_table` WRITE;
/*!40000 ALTER TABLE `rex_yform_table` DISABLE KEYS */;
INSERT INTO `rex_yform_table` VALUES 
  (1,1,'rex_ycom_user','translate:rex_ycom_user','',100,'login','DESC',1,1,0,1,1,0,0,1,0),
  (2,1,'rex_ycom_group','translate:ycom_group_name','',200,'name','ASC',2,0,0,1,1,0,0,1,0);
/*!40000 ALTER TABLE `rex_yform_table` ENABLE KEYS */;
UNLOCK TABLES;

DROP TABLE IF EXISTS `rex_yrewrite_alias`;
CREATE TABLE `rex_yrewrite_alias` (
  `id` int(10) unsigned NOT NULL AUTO_INCREMENT,
  `alias_domain` varchar(191) CHARACTER SET utf8mb4 COLLATE utf8mb4_unicode_ci NOT NULL,
  `domain_id` int(11) NOT NULL,
  `clang_start` int(11) NOT NULL,
  PRIMARY KEY (`id`)
) ENGINE=InnoDB DEFAULT CHARSET=utf8mb4 COLLATE=utf8mb4_unicode_ci;
DROP TABLE IF EXISTS `rex_yrewrite_domain`;
CREATE TABLE `rex_yrewrite_domain` (
  `id` int(10) unsigned NOT NULL AUTO_INCREMENT,
  `domain` varchar(191) CHARACTER SET utf8mb4 COLLATE utf8mb4_unicode_ci NOT NULL,
  `mount_id` int(11) NOT NULL,
  `start_id` int(11) NOT NULL,
  `notfound_id` int(11) NOT NULL,
  `clangs` varchar(191) CHARACTER SET utf8mb4 COLLATE utf8mb4_unicode_ci NOT NULL,
  `clang_start` int(11) NOT NULL,
  `clang_start_hidden` tinyint(1) NOT NULL,
  `robots` mediumtext CHARACTER SET utf8mb4 COLLATE utf8mb4_unicode_ci NOT NULL,
  `title_scheme` varchar(191) CHARACTER SET utf8mb4 COLLATE utf8mb4_unicode_ci NOT NULL,
  `description` varchar(191) CHARACTER SET utf8mb4 COLLATE utf8mb4_unicode_ci NOT NULL,
  `auto_redirect` tinyint(1) NOT NULL,
  `auto_redirect_days` int(3) NOT NULL,
  PRIMARY KEY (`id`)
) ENGINE=InnoDB DEFAULT CHARSET=utf8mb4 COLLATE=utf8mb4_unicode_ci;
DROP TABLE IF EXISTS `rex_yrewrite_forward`;
CREATE TABLE `rex_yrewrite_forward` (
  `id` int(10) unsigned NOT NULL AUTO_INCREMENT,
  `domain_id` int(11) NOT NULL,
  `status` int(11) NOT NULL,
  `url` varchar(191) CHARACTER SET utf8mb4 COLLATE utf8mb4_unicode_ci NOT NULL,
  `type` varchar(191) CHARACTER SET utf8mb4 COLLATE utf8mb4_unicode_ci NOT NULL,
  `article_id` int(11) NOT NULL,
  `clang` int(11) NOT NULL,
  `extern` varchar(191) CHARACTER SET utf8mb4 COLLATE utf8mb4_unicode_ci NOT NULL,
  `media` varchar(191) CHARACTER SET utf8mb4 COLLATE utf8mb4_unicode_ci NOT NULL,
  `movetype` varchar(191) CHARACTER SET utf8mb4 COLLATE utf8mb4_unicode_ci NOT NULL,
  `expiry_date` date NOT NULL,
  PRIMARY KEY (`id`)
) ENGINE=InnoDB DEFAULT CHARSET=utf8mb4 COLLATE=utf8mb4_unicode_ci;
SET FOREIGN_KEY_CHECKS = 1;
